watch_id,user_id,movie_id,date,duration_minutes
1,743a8e62-5d9f-4cd5-a201-a6df47c72a48,461369,2025-10-11,123
2,27fdafad-f6c7-4151-be60-2965dc017bd5,18239,2025-07-31,60
3,72a16f39-7d57-4f71-812e-445462fbfb06,1724,2025-07-27,99
4,d5d6afe7-baf0-4b79-ac8a-2513a65f1d3e,1315303,2025-09-22,47
5,f063145f-8d7a-4c71-9faa-8f08d549d474,1315303,2025-11-23,104
6,bd475dc2-bcf9-4abc-811a-1cf3d5dcae95,472815,2025-07-27,174
7,8dbb182c-0c50-4f83-965b-1d0a47790ed4,21407,2025-12-04,146
8,14bda2cd-e0ba-4935-b00c-191376524976,1263256,2025-08-26,48
9,236bcfcc-60a0-4a1d-8c0c-ee05a256fa61,63755,2025-08-08,73
10,d7441a98-caf5-451b-acc7-ec0975017be5,1316147,2025-11-14,117
11,7bb751da-bdac-4f0b-ac25-d540bb496fa3,76338,2025-10-09,158
12,be329e57-7e88-4675-955c-93063cd01cbd,46195,2025-07-10,42
13,1f150b08-79f8-4f7c-9ab7-c6d9b3bd6c74,377,2025-12-16,95
14,cd1e1560-43e4-46d6-909b-547f7205ceaa,64084,2025-12-20,120
15,274a8a22-0192-43b0-a149-e0d9ee9f8540,843,2025-08-08,140
16,6296bec1-6737-400e-bf82-084f60245ee8,1289888,2025-11-10,91
17,86062440-6c25-41d8-8f08-823c439c5b23,28,2025-08-04,22
18,997d7084-07b6-4e95-916a-bbc42d76f6e3,1148713,2025-08-10,91
19,8846adb0-326c-4d52-9cba-8a638d233990,4327,2025-07-24,63
20,b83e579f-0c2e-4cbd-a68b-ca14954f888e,588228,2025-07-08,108
21,0f745d39-f5f3-4bc8-b6bf-850d3e4c4cdf,1316147,2025-10-25,158
22,274a8a22-0192-43b0-a149-e0d9ee9f8540,1291040,2025-07-01,77
23,6b56f51a-f97f-421f-ac36-7251d27e07b9,128,2025-09-07,58
24,86845847-d856-4803-86a4-ae050c8d643f,228165,2025-08-06,128
25,b4a11cab-1132-4084-968a-e6a94dda8593,901362,2025-08-17,80
26,42016b43-08be-4bd4-9333-c8f9f176b589,10867,2025-08-24,34
27,36293e3d-f936-4a0a-a1cd-8508801ffdcf,1284460,2025-08-29,88
28,df998356-480e-4bea-95dc-97fc06e52350,25475,2025-07-17,70
29,86845847-d856-4803-86a4-ae050c8d643f,1235746,2025-07-20,95
30,29f17f74-dc9d-4fc1-9652-d538a379162d,47971,2025-11-03,52
31,2ab0b0d5-5def-449c-b860-7bdbc15c0c99,1262815,2025-12-27,31
32,142a8542-d5a2-4e8a-8e00-8bb42d24ebf7,11635,2025-09-18,173
33,c2a5932f-c721-4807-8a4a-32f250a33192,181812,2025-10-20,61
34,4dba0fa4-723f-420b-9e17-203b92607bf2,8835,2025-12-28,157
35,c07d40a6-eb1d-428c-a8f5-77fc9714eff1,2330,2025-09-11,33
36,2a51e6bf-7e44-464b-b139-5eeb1d64b95d,9398,2025-10-15,86
37,ebc61f0e-eb31-4936-a231-7d688e88145d,1145221,2025-09-15,111
38,c129e1ee-e093-4e9e-b474-021e61e48054,454626,2025-12-06,143
39,e6962540-5e07-4941-973a-ca385b35b926,11544,2025-09-23,95
40,77b3ed1a-53a9-4dd2-8ea6-8fed67f4a56d,891699,2025-10-06,131
41,997d7084-07b6-4e95-916a-bbc42d76f6e3,197,2025-08-16,89
42,4931627e-e3ae-48e5-bfb0-5ca70f6e3170,423108,2025-09-19,71
43,7b862d59-859e-4bd9-a9b5-10990e150477,420817,2025-09-19,24
44,71c87c37-808d-4521-86f2-a9eb8cda8349,7326,2025-12-21,73
45,137eb4a3-f2e7-43df-a3ea-964a78d04209,9655,2025-10-03,28
46,64a90849-8eff-4130-9133-cef05bcba541,1246369,2025-11-08,74
47,73902df7-9c81-49a2-87e4-53d16886cf10,23823,2025-11-03,129
48,2ab0b0d5-5def-449c-b860-7bdbc15c0c99,15934,2025-09-30,58
49,b1ef7426-2f7f-44cb-8340-fb78bf071c5f,1159831,2025-07-29,172
50,51095d93-040a-4746-b0a2-08f1c1c42843,561,2025-09-28,96
51,cd9da5cf-7e5c-456e-830f-9541edb5a533,324552,2025-10-04,140
52,c11e825b-e3b0-44cd-a635-7a80f67db279,137113,2025-07-08,33
53,6bb2eb77-bd5c-44c2-be2e-f63262d0e0fe,1356039,2025-11-27,36
54,72f9cbc8-1508-47e5-a5b8-e19e461248bc,72190,2025-07-15,74
55,9a58a974-7b09-4723-81b2-d0af95ceebd9,1100782,2025-09-30,80
56,0904d691-244a-4745-a77d-3baaff5f6f3c,1205515,2025-11-11,110
57,2bcd80f3-de6c-48ce-aaf4-5516c8e07ca7,1291040,2025-07-26,155
58,2f9a1712-d511-457f-8588-cd14223cea54,383498,2025-12-15,104
59,9f51012a-2fa5-4060-950f-ee232fde89f1,2109,2025-08-29,147
60,2d7135ef-7e2b-4e88-bece-136ba302eb6d,420818,2025-10-30,178
61,51e43bb9-fb7d-4ef3-b2c8-587055161741,760104,2025-07-05,28
62,8b2401aa-7866-4404-8434-ccb7a892e7dc,11459,2025-10-20,79
63,2ae54c54-740e-4398-8f5c-abcaf2d62567,27579,2025-11-22,39
64,645300c8-eda1-4b9f-9fe5-bb0f0a681b60,1091,2025-08-08,73
65,efc8e4b3-40ef-4616-8230-77b2a701e34c,423108,2025-08-01,152
66,f14e6a2a-e713-4e05-92d3-2f3a23c89e92,364,2025-11-18,40
67,725ae064-3ca7-4294-95d6-4e4653ac35db,1359,2025-12-15,109
68,93817034-ecba-43c5-b4ab-f71f19b41d28,7863,2025-08-20,36
69,99d39649-9af5-4e33-9aef-21652b3dbc00,12665,2025-11-30,69
70,43fee15d-4260-454d-9628-0d4ad74fdb9e,11448,2025-07-10,110
71,1aef6f1b-ddbf-4532-a2d1-1c636c39aa6d,187017,2025-12-02,89
72,1816222a-e8d7-4409-986e-6b3782cc7470,82702,2025-10-07,158
73,8bd6fd35-f401-47f5-9b16-febec90b1091,377,2025-10-24,108
74,02973406-1825-4588-b12a-e2117bf039dd,2109,2025-12-14,132
75,c002aaf5-01e7-4134-9144-cea0bd1fced6,752,2025-09-16,75
76,0d4ce96b-47f2-432d-b82d-ae65aa90f64b,128,2025-08-08,175
77,356e6af5-7478-4c16-834b-2574da85eb65,82139,2025-10-04,61
78,86c17be4-def3-42cc-b488-8c9471f8604d,566525,2025-07-17,175
79,bba62230-1712-451d-ba66-09f220642be2,514847,2025-07-05,112
80,ef2d242a-72c9-48a6-af3b-d1903cbf797e,10536,2025-10-01,127
81,b018c1e0-7f91-4d5c-abce-1558410de0e1,604,2025-08-20,140
82,9aa46564-703c-4a58-a3b7-73902843a272,8392,2025-10-15,75
83,7064f811-7df1-43f6-aaac-3a4780eaf5af,204082,2025-08-12,64
84,91daea9b-60ae-443e-b75c-d8087658e20c,695721,2025-07-22,134
85,ba886680-2694-46a1-a1c6-b8448a3a770e,5528,2025-11-07,122
86,6296bec1-6737-400e-bf82-084f60245ee8,968051,2025-12-06,89
87,f955bcf9-0082-4b2a-a480-f0bd58674b32,1277988,2025-11-06,84
88,7da30149-03ac-4a0d-94fc-1fc9082e9238,8835,2025-08-17,132
89,43d0a3e8-74b9-4d3c-8b52-442ae8f46fc6,15472,2025-08-11,32
90,367219fe-0ded-4674-a8b7-b545eed28498,197,2025-10-28,72
91,eb7a247d-3de8-4c05-92cb-e8d031da510d,1140535,2025-12-08,33
92,599a8567-469b-4379-ad01-07413383ad10,1272837,2025-07-08,74
93,7475c7b1-8d95-4df2-b8ef-da1dfa75cdcf,746036,2025-09-25,154
94,e303ea57-f043-4a6a-93ae-51c89ed8d1ca,116613,2025-12-12,156
95,0bab32a5-b655-4c16-bfdf-b0b224b641cb,624860,2025-07-18,178
96,72978300-bb9d-4d17-9767-8bdeb8687bff,1265063,2025-07-11,20
97,f955bcf9-0082-4b2a-a480-f0bd58674b32,7326,2025-08-13,112
98,76327ebb-2519-400a-aa9f-66a16d3858a4,717980,2025-09-08,95
99,9cf74a4c-c230-4556-9cdf-034f0a53b48a,49529,2025-11-24,24
100,2d7135ef-7e2b-4e88-bece-136ba302eb6d,1454308,2025-11-01,37
101,deb28a0e-06f4-47cf-a41a-52a9e0ae300e,806405,2025-07-21,103
102,2d7135ef-7e2b-4e88-bece-136ba302eb6d,501007,2025-08-20,99
103,31b0794a-be66-4f38-bc4d-3a5e90685950,8363,2025-08-07,150
104,3967f994-b34d-4542-bd55-60b926a35f62,1004463,2025-07-27,34
105,6c3ab6ce-c730-4390-a597-137c17d56d6c,1310458,2025-07-23,104
106,a514b66a-df7c-47bd-a120-14d63c1bcc31,170,2025-11-13,148
107,2e6979ca-1dda-469c-86c4-f69581bdd602,10527,2025-12-01,37
108,dffe11c5-9551-40f8-aaa3-bfe64b4e3f1b,10066,2025-07-10,32
109,061754e3-f8e5-4ee0-b7ba-f88513bd147e,82139,2025-12-22,89
110,9bfe6e9e-1144-485b-b0b2-f1afebd7b79b,70981,2025-11-13,157
111,6077301b-c64f-4d97-a207-fa80d68dce98,8584,2025-10-13,149
112,0aa16452-2af3-4d66-8cad-e898d6f63d00,9035,2025-07-25,34
113,3b6b297b-c1b1-443f-ab1e-6bc7fb839340,1126336,2025-11-27,42
114,53ef3bec-5ddd-4f96-bfcd-46093855142a,34544,2025-08-25,75
115,6077301b-c64f-4d97-a207-fa80d68dce98,843527,2025-11-07,81
116,2ae54c54-740e-4398-8f5c-abcaf2d62567,390062,2025-09-28,56
117,17494ddc-e28a-44a0-8737-04d6a9dd291d,2109,2025-09-12,54
118,cf146adf-d11c-4480-a80e-012e2a707dfb,950,2025-11-30,51
119,3cbe09e5-c32b-4aa0-9216-17726e01c54f,801335,2025-09-02,94
120,e9ca009d-5afa-4cd4-a68b-001f5e6a9a76,1580353,2025-11-20,64
121,edc076e7-16dd-41bc-840e-3de7e1185d53,746036,2025-10-14,32
122,454049c2-4e07-46fc-b02e-af5a8797a01f,49521,2025-07-29,32
123,ccc5651f-aef6-4d3d-8a5d-5b36966a90ac,273481,2025-12-24,70
124,a514b66a-df7c-47bd-a120-14d63c1bcc31,16295,2025-12-19,127
125,8d070a96-dde4-407d-a3cd-456862e11001,1310458,2025-07-09,138
126,815d05c1-033e-4d3a-801d-9163da2a5c8a,740903,2025-09-25,174
127,039ddb6b-e1a3-4e64-a560-ca8d6d1b44db,297270,2025-07-05,57
128,68d4302b-c2c8-48c3-b0c6-18f73cef8af0,873967,2025-09-23,86
129,d0dda484-26e3-4c57-8ccc-b08b6ee7e907,1246369,2025-07-24,20
130,f063145f-8d7a-4c71-9faa-8f08d549d474,585511,2025-09-03,125
131,5e5d240b-dc58-4388-8509-b6c94b5333e2,838240,2025-10-14,72
132,9c67edd1-3670-4247-a612-9ff6ae78268c,1072790,2025-10-18,145
133,c738993e-07f7-42e7-84ee-77cd122a72b9,1149912,2025-07-27,178
134,8bc65d91-169a-40ef-a24d-1c3cac16e684,2193,2025-10-18,101
135,41ffc8b6-7a14-4051-aa55-0b35de19b5e0,1238379,2025-09-20,124
136,4931627e-e3ae-48e5-bfb0-5ca70f6e3170,557946,2025-07-24,118
137,9b1bf063-c1b6-4fec-ad70-99433021f164,1272837,2025-10-11,78
138,0b8fd83c-6beb-4616-9ab5-af07da43ed9a,859,2025-10-19,31
139,0904d691-244a-4745-a77d-3baaff5f6f3c,558829,2025-09-07,75
140,4303187a-21e5-4fe2-9fc7-ca8acf97c5a0,384737,2025-09-11,144
141,bd85abe8-ded6-4b7d-a081-e50f89e36cf3,859,2025-09-10,167
142,0466b8f2-1d2b-493c-8012-50303ce91639,287424,2025-10-13,52
143,8441b740-99bc-422b-a7a6-1aeeb4c17241,1003598,2025-08-03,80
144,725ae064-3ca7-4294-95d6-4e4653ac35db,681291,2025-08-06,177
145,98f4c2e9-e737-4151-ac50-ad3ce0aac128,299054,2025-07-19,107
146,aaa90d79-fd38-47cb-86c8-a73d6faae3d9,581,2025-09-10,106
147,e091305b-c4b6-4a89-b3ff-5090c619e772,250546,2025-09-11,48
148,aee1d440-1645-4a02-b07c-89a9c01601fd,1289888,2025-12-28,78
149,7c035c9e-8f30-4cec-905c-7afc445a1738,364,2025-12-16,169
150,76327ebb-2519-400a-aa9f-66a16d3858a4,64688,2025-11-12,137
151,86062440-6c25-41d8-8f08-823c439c5b23,368412,2025-09-09,129
152,6077301b-c64f-4d97-a207-fa80d68dce98,12193,2025-12-27,179
153,52594a2d-a241-4c5b-ae7b-ad7516dd985b,1246,2025-11-25,21
154,4303187a-21e5-4fe2-9fc7-ca8acf97c5a0,313369,2025-08-15,76
155,c738993e-07f7-42e7-84ee-77cd122a72b9,412154,2025-10-14,36
156,ba886680-2694-46a1-a1c6-b8448a3a770e,580175,2025-09-06,122
157,018ec607-f3fd-480d-acb2-3d9b125ee7c4,8077,2025-10-25,157
158,b25e72cb-55a5-4eb6-9ca9-dc85e88673db,1244132,2025-08-07,52
159,3adc5b73-9e7a-465e-8b00-23440fc1f972,136799,2025-08-29,63
160,5f43ec89-f07d-470d-b303-01b4e7b3359e,976893,2025-10-28,63
161,13a84090-5604-4025-96cf-e21388c1f2cf,261905,2025-07-30,94
162,8df60fb7-3db8-4371-add2-4476b4fb8402,1254808,2025-09-13,42
163,14bda2cd-e0ba-4935-b00c-191376524976,666035,2025-11-03,151
164,60f008b6-2df5-45cd-9b88-b149e17d7899,353081,2025-08-16,94
165,c30a62e9-a0d1-4565-a2ae-366348aed80f,1290182,2025-08-06,118
166,54e35aab-60f1-44c7-ab30-9e1c9248a483,1059673,2025-07-28,148
167,8aaf9ba0-8479-408b-89f4-94a03588e6d9,1086910,2025-09-20,78
168,2d7135ef-7e2b-4e88-bece-136ba302eb6d,706503,2025-12-16,142
169,53599c51-ba17-4f94-b0d4-94011d2ba9d2,10796,2025-08-28,98
170,86062440-6c25-41d8-8f08-823c439c5b23,121514,2025-11-03,61
171,89d4fb58-becc-42d5-8e6f-0cebdd142392,620,2025-09-24,142
172,3adc5b73-9e7a-465e-8b00-23440fc1f972,14926,2025-12-14,113
173,bfc8bd08-34fe-49ef-9089-d320d17dfb98,15934,2025-07-04,92
174,86aeb2b0-1678-45f6-b2dd-d9357a06a5de,214756,2025-12-20,58
175,b5c873c8-00dc-4da2-9669-694cdae3ffd9,728308,2025-12-02,64
176,d7477a8d-78f3-413e-9582-fe1c3fd29878,811941,2025-07-26,56
177,b97fb9d1-f136-42c3-b4df-e9a72e738a3f,1145221,2025-07-18,50
178,54d375ba-c40c-49bd-8e2e-cf834a61d0b2,9893,2025-07-21,45
179,7f78b29b-90d5-4edf-a0f8-f1f8d39cce6e,252,2025-07-08,128
180,e1703649-f5fe-4191-8657-2e73ce50d471,269495,2025-12-23,178
181,19c6d518-9894-4abf-841a-b38001c62833,920,2025-08-28,68
182,3677f1ff-c74b-4c2d-9833-0c1ccaa2a34a,506053,2025-11-21,36
183,8c2d1d50-35a7-4c32-b022-6e751b1e1fdb,791373,2025-12-14,165
184,54d375ba-c40c-49bd-8e2e-cf834a61d0b2,7131,2025-10-21,122
185,e96c766f-cd32-4864-96d3-5c2f5011569f,297270,2025-08-15,95
186,86845847-d856-4803-86a4-ae050c8d643f,1443260,2025-10-31,82
187,bd2bf899-d396-4922-b73a-bf6467e2dd68,566525,2025-10-31,66
188,39ab44fe-039e-46d8-89a4-8187e9e38d2c,28,2025-08-06,36
189,07fbfe20-7ce6-4dfa-92f0-3f9ce2b68550,672515,2025-12-24,173
190,9acde0c6-9370-4398-8645-67feaa1b94c3,661286,2025-07-25,161
191,356e6af5-7478-4c16-834b-2574da85eb65,1100782,2025-11-24,43
192,aee1d440-1645-4a02-b07c-89a9c01601fd,918200,2025-12-21,86
193,7b2e1b6d-c8ca-4f4e-bfc0-2d5e91180f89,119450,2025-08-23,82
194,a9e0ee0c-51a9-45da-8c1d-c69d475d7192,76338,2025-07-03,22
195,30e6cf48-6f24-4d17-98a3-8d425248183c,2293,2025-07-30,113
196,7cc5b47b-ded8-4fcf-b076-0331af4d3f52,770,2025-10-14,131
197,d1df85f9-ed4f-4513-8399-192775604e21,665,2025-08-07,61
198,43cf9de1-5770-4b66-9712-d425b4709be6,968051,2025-11-03,100
199,67b5a520-f68b-4d9f-b265-9d1f399a732e,9444,2025-09-16,128
200,de9d207d-f0d9-4f34-af7e-ebae0dab6838,1062807,2025-07-03,78
201,05f0a2a0-66d9-46f7-a1b1-0c7ee3c04086,11775,2025-12-16,113
202,160e3d47-1244-4f92-94ce-36dec472ffb2,920,2025-07-28,56
203,708ade3c-9d4b-4620-8df5-760c038ac39c,585511,2025-09-01,75
204,0b6ea4df-4e85-4bbf-8617-1f2884ee73f2,13461,2025-09-12,67
205,3aa29a59-34b7-4546-b1bc-2fb7b6f0d7b9,5174,2025-12-28,42
206,54e35aab-60f1-44c7-ab30-9e1c9248a483,7131,2025-07-28,64
207,451f6676-2ba9-4825-be61-727b3b0e643c,1072790,2025-12-24,60
208,05f0a2a0-66d9-46f7-a1b1-0c7ee3c04086,1252037,2025-10-31,172
209,6159e61a-b3bc-45d8-9e07-9d7dc2943d42,138697,2025-12-14,176
210,386f3ed4-0a7d-4bf3-ada9-3d989095de12,1291040,2025-12-06,51
211,045a273a-ab03-4a35-a756-cd5e6d7f9e0b,918200,2025-11-02,121
212,837bd55f-4437-4396-8ec2-154cf0aa22a7,985932,2025-10-17,109
213,8da68550-900c-4a5e-bbb3-8ee637ce31d5,615665,2025-10-14,167
214,2bd6a655-db38-4569-91b5-1176964d92c9,49494,2025-11-17,68
215,bfc8bd08-34fe-49ef-9089-d320d17dfb98,259316,2025-08-31,61
216,5d9ab00c-79dc-43f4-b7c6-cf1221f911e1,763164,2025-07-05,29
217,2a51e6bf-7e44-464b-b139-5eeb1d64b95d,384737,2025-07-04,70
218,f65dc1a4-e8f9-4ad6-a0b3-af2c692c25de,656908,2025-08-17,45
219,730ef8ec-fe4b-431f-a794-f76bb0827e00,384737,2025-07-26,155
220,89d4fb58-becc-42d5-8e6f-0cebdd142392,675353,2025-08-10,60
221,daecd31d-953a-49c8-b25f-04a4b2505d6b,1003598,2025-11-04,98
222,9048c7a0-f60d-480c-8e34-474df3bd77ed,2193,2025-10-17,94
223,f7380deb-508d-4900-90ef-85acb8bcb848,87,2025-12-07,112
224,68b15083-f1d1-47a2-9c93-88adb1605417,530385,2025-08-31,82
225,f4bdf0f1-da28-4af1-8f4d-f2822ccd4c14,8392,2025-11-05,41
226,aa225c85-c990-42f6-9bf1-f3d23944ec8e,1450599,2025-10-02,123
227,6431dd54-6f10-403c-a9d9-ab66f1ab3783,2193,2025-09-22,99
228,0fabe381-ec7b-48a9-9d67-8b0e489095f6,57158,2025-09-03,119
229,3cbe09e5-c32b-4aa0-9216-17726e01c54f,588228,2025-11-06,72
230,aab387f3-4edc-41ed-b428-d2fdadb7d84c,228165,2025-10-01,53
231,e4536178-a667-42f3-87b2-d8936450b32b,1522923,2025-11-11,92
232,77fb7ca7-c7a7-4079-b4a0-e57d4615c244,424694,2025-09-15,173
233,0b207250-9091-4bad-a216-6b75b0ee201b,545611,2025-10-04,167
234,c895405a-2e9c-4822-b584-b3de478f7d10,10895,2025-07-21,136
235,8ff2dc4b-dca7-4e8b-b1a5-7522ae380452,11635,2025-12-01,180
236,7da30149-03ac-4a0d-94fc-1fc9082e9238,37799,2025-07-05,45
237,1759b881-730d-4c80-9d31-d46f70ae2931,1083968,2025-09-18,164
238,71c87c37-808d-4521-86f2-a9eb8cda8349,1352528,2025-07-20,122
239,d4dc4e20-0e20-4211-be6e-41464a92f295,320,2025-12-12,53
240,ae1f2553-0e9c-4b27-a2b2-b787c02a22da,561,2025-10-22,99
241,b515dd81-4f3f-4fca-a793-9620b9b9fb2d,950,2025-08-02,127
242,7f63c488-4358-4fff-8e66-3589c07833a5,381288,2025-09-02,67
243,92e3a51c-e48c-4af4-a0df-ffb3c3a828e8,251783,2025-11-23,86
244,2e853b27-362b-4b9f-86a5-6335f85f50a1,646385,2025-12-13,70
245,160e3d47-1244-4f92-94ce-36dec472ffb2,120467,2025-10-31,43
246,aecf09e6-9c2f-498b-b9ad-7a32bfe6d5d1,1580353,2025-10-06,133
247,43f6fb81-5043-4774-96f0-a17833f1a0bd,926393,2025-11-30,116
248,758bb4db-87ca-4cb7-a944-0540570f48dd,585511,2025-07-06,53
249,bf35c774-0e79-40d3-b57f-64fefc446174,1206008,2025-11-12,139
250,472ee39f-2902-41ea-bee5-c4a18978915b,5528,2025-08-18,31
251,72978300-bb9d-4d17-9767-8bdeb8687bff,920302,2025-07-21,66
252,8446a099-370f-4890-9202-5802b661fc6f,273481,2025-11-14,116
253,2e71698b-2863-4a75-9f67-3426acd05d95,383498,2025-09-25,98
254,1fe3e730-105d-4cd2-babe-65d9080b41c9,24122,2025-09-20,168
255,da0c079e-133a-47bd-a3b6-52bed81f5df6,93456,2025-10-26,146
256,1f5ed463-e08a-48fd-97b3-d3b6068c988b,281957,2025-10-28,126
257,86f97b96-adf3-4c00-8a19-31287527ee94,12193,2025-10-25,170
258,7f78b29b-90d5-4edf-a0f8-f1f8d39cce6e,681291,2025-11-16,158
259,a657932f-f61b-4575-bde2-12e451e94870,2330,2025-12-06,131
260,17494ddc-e28a-44a0-8737-04d6a9dd291d,1096563,2025-11-16,69
261,5cc548e2-7b56-4817-8685-4c09419de3a3,12665,2025-12-06,159
262,c7c661df-d19b-4a83-9c06-143cdacf2d8a,1004463,2025-11-02,140
263,efc8e4b3-40ef-4616-8230-77b2a701e34c,43347,2025-11-24,58
264,3424eec2-5e23-43bd-bb26-ea82b60cab9e,1204186,2025-11-18,89
265,8661c256-4537-4da9-a98e-e26f8bde5b0f,1126336,2025-09-21,29
266,992866b4-91b9-4bc7-8e66-0474e752841d,1235746,2025-07-20,64
267,b4f8b4e7-e252-4d5c-8136-345960b364d9,672515,2025-12-27,100
268,86ea471b-a7f1-4da8-bca7-f8ff18414f06,87,2025-10-28,60
269,53ef3bec-5ddd-4f96-bfcd-46093855142a,125509,2025-09-26,170
270,d12281b2-5756-489d-bd90-15bf5d3979b8,19595,2025-08-15,136
271,e9e7f783-9f48-4142-b951-10830f0b4b65,2056,2025-11-11,45
272,86c17be4-def3-42cc-b488-8c9471f8604d,271116,2025-12-04,99
273,ba886680-2694-46a1-a1c6-b8448a3a770e,1734,2025-09-01,114
274,9b1bf063-c1b6-4fec-ad70-99433021f164,1291559,2025-08-10,77
275,8d60c80c-021c-4932-a88c-6ef78cd8e252,10796,2025-07-27,26
276,df482279-52b2-4d15-b0c2-b2715cf33e54,27579,2025-09-05,101
277,15776d43-3fb4-4ae1-98ec-11b7e9f66048,813762,2025-12-10,52
278,c9eb5355-d983-4615-a199-85935c9b80bc,843527,2025-07-23,54
279,64a90849-8eff-4130-9133-cef05bcba541,4584,2025-09-11,41
280,fdf24ab1-9a8c-4618-83f8-2e40a3e50985,629542,2025-07-23,115
281,997d7084-07b6-4e95-916a-bbc42d76f6e3,1580234,2025-11-10,156
282,e803f1eb-9686-4fa0-9bd6-5dfd706927d7,2155,2025-12-01,42
283,2aa85431-b326-45cc-b7a0-4c33e54441ad,82702,2025-12-05,139
284,f660da6b-7413-4d73-8c87-f9e1afb1875f,49521,2025-09-13,78
285,ae08e78b-c4c3-4e1a-8cda-de60ee898d94,681291,2025-09-27,76
286,a82fd124-0eb7-4c2d-a0e5-fca258aea086,15934,2025-08-14,161
287,e803f1eb-9686-4fa0-9bd6-5dfd706927d7,1246369,2025-08-08,121
288,6726cae1-f755-4bf2-aa82-b74fb4eb97e8,270303,2025-11-04,102
289,8846adb0-326c-4d52-9cba-8a638d233990,1422,2025-12-27,125
290,adc6f37c-42f4-4c62-ab52-9dbb88468f51,10144,2025-08-31,94
291,ebc61f0e-eb31-4936-a231-7d688e88145d,423108,2025-11-28,125
292,f660da6b-7413-4d73-8c87-f9e1afb1875f,537971,2025-09-20,38
293,e6721b5a-dfa9-43fe-8bae-f57e9502de53,17379,2025-09-17,109
294,d835a587-a9bc-4bc7-8718-357ed450a329,25475,2025-12-14,82
295,228da925-65ff-403e-993e-0f6f184a1232,2293,2025-08-11,53
296,6305c1b4-a7b7-4c2c-8010-cdf91b5f51ee,353081,2025-12-06,49
297,d1b8989f-61b4-476e-8268-079867b0416f,865,2025-11-23,173
298,86c17be4-def3-42cc-b488-8c9471f8604d,8195,2025-07-19,158
299,2f9a1712-d511-457f-8588-cd14223cea54,73723,2025-09-09,173
300,daf4d464-3d6e-4821-bf6d-55142456d62b,63755,2025-10-25,99
301,b42386b2-847f-46db-a42a-d7ad6f2ec042,79871,2025-12-23,47
302,0b207250-9091-4bad-a216-6b75b0ee201b,462181,2025-09-29,104
303,7cc5b47b-ded8-4fcf-b076-0331af4d3f52,384737,2025-07-25,126
304,7a731783-ce44-4505-a364-7fa4bf7093d1,20526,2025-07-28,28
305,a44f4b9a-7bae-4f83-b931-355ec2949b56,10527,2025-11-10,108
306,efc8e4b3-40ef-4616-8230-77b2a701e34c,10730,2025-11-13,172
307,368dd00d-33d5-4017-840a-4fe6dbf2a61f,400535,2025-12-05,157
308,9df3a0e7-eebc-4ee9-924c-bb214ea1dd34,508883,2025-07-28,43
309,b86938ed-ad03-4ce2-9e19-6c176887270b,444539,2025-12-07,135
310,eb0669d5-ee84-4d8f-9337-c1aa420b0d0d,493922,2025-08-28,179
311,a456c444-5117-4f0a-9ce2-22286d2d0f71,41517,2025-08-25,49
312,d477c770-4a9a-4f92-8b0c-7f01a7c76e93,1206008,2025-08-17,78
313,3b5ce9c6-34a5-4751-ae06-db90fe89a0bd,615321,2025-12-04,49
314,ab150b6c-418d-4f95-ae90-672a76657320,501007,2025-07-17,122
315,6413c11d-e235-4a12-9bf7-5d5f4d4c4893,420818,2025-10-06,62
316,6159e61a-b3bc-45d8-9e07-9d7dc2943d42,251783,2025-11-03,96
317,942ee039-2021-42f4-aef6-a52869147880,274857,2025-08-08,68
318,44c492f0-761b-4ec0-9002-a5904ebf1dec,1315303,2025-07-04,114
319,298fd375-02da-4665-a1c2-628c17e763f4,1086910,2025-09-08,155
320,b6327d26-aa1d-4aff-befc-18b5c49c6cd4,1135873,2025-10-01,40
321,92e3a51c-e48c-4af4-a0df-ffb3c3a828e8,6114,2025-10-03,73
322,b643feba-fd07-4314-8b3a-e3892fc013eb,1064312,2025-07-06,150
323,a17575e0-8406-44da-a761-09df2408d340,10625,2025-12-04,97
324,71fff63e-f111-4942-9c0d-90247e4ebd8b,740903,2025-07-09,42
325,68d8ad87-fb5b-4100-a335-8406f7a9c1b4,12665,2025-08-27,102
326,db0a5d3f-f758-4a62-b481-1826b6d2ceb2,539,2025-11-13,155
327,443cde91-77bb-4b88-adaa-89eddb601953,1037113,2025-10-06,96
328,e7edb2f7-6edf-444c-b1f0-f7b1257e0464,1190511,2025-12-13,31
329,86df8e5c-6ce2-4c69-b432-ef31f7caa422,985932,2025-12-07,106
330,6305c1b4-a7b7-4c2c-8010-cdf91b5f51ee,324183,2025-10-11,160
331,d4f5718f-abb0-45a7-bff5-5a991c80b2b4,811941,2025-11-18,34
332,db08e301-f408-4c53-999d-aba9784bbcf7,1580234,2025-12-01,127
333,8aaf9ba0-8479-408b-89f4-94a03588e6d9,1491,2025-09-30,70
334,8c9db19c-049c-4221-91f2-96720cf1a86d,9470,2025-10-21,47
335,228da925-65ff-403e-993e-0f6f184a1232,592983,2025-10-22,47
336,815d05c1-033e-4d3a-801d-9163da2a5c8a,1401318,2025-09-03,167
337,487b6ab6-97d7-42ea-82a7-990e2799545b,399174,2025-08-18,87
338,d835a587-a9bc-4bc7-8718-357ed450a329,240832,2025-11-29,139
339,ad0dd9b5-6c5e-42c3-a5fa-fb2469945b63,987400,2025-11-18,173
340,67b5a520-f68b-4d9f-b265-9d1f399a732e,1262815,2025-07-31,150
341,2bd6a655-db38-4569-91b5-1176964d92c9,166668,2025-10-30,97
342,5370adde-6e69-47c4-a058-59e6dbbfbd05,6114,2025-12-22,139
343,758bb4db-87ca-4cb7-a944-0540570f48dd,170,2025-11-11,83
344,da0c079e-133a-47bd-a3b6-52bed81f5df6,385128,2025-07-29,81
345,a8d70f55-b7fb-4bb5-9062-5ed0f18c4b38,10527,2025-11-07,147
346,b0eb32ff-2ac9-4c77-b0ad-ae7714d4a5e6,1244132,2025-11-07,124
347,cab4dd19-3c8e-4991-be58-58956db30099,43947,2025-12-27,49
348,91daea9b-60ae-443e-b75c-d8087658e20c,41003,2025-07-25,74
349,3967f994-b34d-4542-bd55-60b926a35f62,13764,2025-07-06,117
350,a9e0ee0c-51a9-45da-8c1d-c69d475d7192,50014,2025-10-03,70
351,15962aea-a3f4-4731-8b6a-b369a09e5ba2,6114,2025-12-19,109
352,e9e7f783-9f48-4142-b951-10830f0b4b65,1022796,2025-07-31,109
353,ab150b6c-418d-4f95-ae90-672a76657320,425980,2025-08-14,136
354,97b20396-7dcb-4ff2-a49d-91dce5edc65e,969492,2025-09-18,149
355,b7aefdb3-3db6-4680-bee8-336a90d720c0,72190,2025-08-25,95
356,eaa0d93f-b9d3-41fa-ba63-c3331ffb4f3c,801335,2025-09-11,43
357,1052030b-3f4b-4138-a628-a9e7197b2ef7,791373,2025-08-03,22
358,8aaf9ba0-8479-408b-89f4-94a03588e6d9,8920,2025-07-28,78
359,7cc5b47b-ded8-4fcf-b076-0331af4d3f52,383498,2025-09-09,165
360,15776d43-3fb4-4ae1-98ec-11b7e9f66048,1572,2025-10-06,55
361,f93943af-3a35-467c-a11f-a65df783837c,9893,2025-09-25,85
362,bcbfb4bf-835b-4d19-913c-97c3e16d4978,250754,2025-08-10,80
363,367219fe-0ded-4674-a8b7-b545eed28498,22705,2025-07-19,45
364,d3418b60-012f-4a7c-bde9-31f44c707b86,18239,2025-09-05,31
365,ace376c5-e89b-4dfb-9632-403b193e00a3,2123,2025-12-21,40
366,bdc92fa1-99ed-46ae-a9ae-faba767cd1b8,399579,2025-10-29,94
367,d84e0d60-cf1e-4427-9bec-85dc8498a77b,8055,2025-10-28,70
368,758bb4db-87ca-4cb7-a944-0540570f48dd,49494,2025-11-29,21
369,c18e2d44-0e25-490f-88fb-4ca6d6c4c18c,15167,2025-08-03,151
370,cfabf448-9b42-4e26-aaa9-2c58323c012b,7326,2025-08-04,150
371,a6a8d53e-5107-48a4-9a80-364d28280301,297,2025-09-08,33
372,ebc61f0e-eb31-4936-a231-7d688e88145d,6980,2025-11-16,58
373,9353fa62-2f48-4904-87e4-f0830d680df1,602211,2025-08-07,101
374,8576d1e4-dc2a-4029-80cd-6b29334849c3,10867,2025-09-13,126
375,8fba9e83-054a-4413-a0aa-1a33b83c3a89,812,2025-09-14,102
376,e472e75f-9bd0-4eea-8a0d-20113d512e02,1287322,2025-12-28,122
377,f93943af-3a35-467c-a11f-a65df783837c,8055,2025-08-26,36
378,0b8fd83c-6beb-4616-9ab5-af07da43ed9a,245891,2025-11-19,26
379,a7eb8eb8-aa12-430b-a998-83af9233386b,1232546,2025-11-27,122
380,3809ea71-a74d-47a7-b8da-118d2b1da3a7,166668,2025-10-28,175
381,72978300-bb9d-4d17-9767-8bdeb8687bff,1620,2025-10-03,56
382,803b775d-5529-4c2c-aea2-c2614c1d86b2,5925,2025-09-08,99
383,6eb2a2c8-b070-4ea4-a1c7-8e66f89eefca,537971,2025-11-30,162
384,9aa46564-703c-4a58-a3b7-73902843a272,1126166,2025-10-30,66
385,58f55428-9515-41fe-817d-b1f94988547d,383498,2025-09-26,25
386,2ab0b0d5-5def-449c-b860-7bdbc15c0c99,509967,2025-08-04,177
387,dfb1ea22-0978-4c90-91d5-499756e09986,966,2025-08-30,162
388,64a90849-8eff-4130-9133-cef05bcba541,920,2025-08-24,58
389,d97e6262-2dd6-4c64-b1b1-6886f932b218,985939,2025-12-22,156
390,c002aaf5-01e7-4134-9144-cea0bd1fced6,1491,2025-11-30,178
391,eb0669d5-ee84-4d8f-9337-c1aa420b0d0d,322,2025-10-21,42
392,d4f5718f-abb0-45a7-bff5-5a991c80b2b4,1320414,2025-08-01,83
393,7bb751da-bdac-4f0b-ac25-d540bb496fa3,47971,2025-09-13,114
394,12989f9b-d243-421b-ab1a-afa7a65cce6a,176,2025-08-23,77
395,afd2ab1b-8c4d-42df-a92a-233e78d6f8a7,791373,2025-08-02,95
396,438ca78a-a72d-496c-84e9-1ddb70bcc1d6,493529,2025-08-14,124
397,f24dfdfd-6cbf-4337-a145-125eb3e6d076,51162,2025-10-06,135
398,0aa16452-2af3-4d66-8cad-e898d6f63d00,49521,2025-08-17,151
399,b7aefdb3-3db6-4680-bee8-336a90d720c0,616,2025-10-05,50
400,8df60fb7-3db8-4371-add2-4476b4fb8402,950,2025-11-04,54
401,cfabf448-9b42-4e26-aaa9-2c58323c012b,9072,2025-08-12,140
402,54e35aab-60f1-44c7-ab30-9e1c9248a483,137113,2025-08-19,154
403,ef4483fa-2ac0-43d5-ab42-2894b90d6404,1290182,2025-12-03,180
404,cc86ac19-cd9f-45be-8fd5-2f5d70dacaed,1037113,2025-09-09,157
405,d71c484b-6090-4468-8158-ae2e83790347,346558,2025-12-04,135
406,f93943af-3a35-467c-a11f-a65df783837c,196,2025-08-31,36
407,8346e05f-f427-4b03-9150-89de51efe9df,806405,2025-10-09,56
408,204074c2-e46a-4534-8aec-439a08cd5016,41727,2025-12-06,118
409,290c5bad-974f-4799-afaa-84444f5f93ec,1290190,2025-10-17,168
410,c09dd92b-e2e3-4428-bf60-faf22f10ffb8,1354627,2025-10-24,32
411,07fbfe20-7ce6-4dfa-92f0-3f9ce2b68550,62835,2025-09-06,174
412,4891aa7e-9e41-4b9e-995f-32ea74c5315c,115,2025-11-11,138
413,3fbe16a4-e0fd-4341-96f5-4d35f1b7fd7b,270303,2025-07-06,139
414,8df60fb7-3db8-4371-add2-4476b4fb8402,74997,2025-07-24,44
415,69d7888e-eda4-4229-a977-a79d1c043cc7,64084,2025-11-09,137
416,c09dd92b-e2e3-4428-bf60-faf22f10ffb8,339403,2025-09-25,100
417,bba62230-1712-451d-ba66-09f220642be2,1355126,2025-07-10,172
418,d744958c-d7de-4de2-a403-1dc09de3c492,1422,2025-10-06,101
419,37949bba-b992-408e-88e3-4316c59c093a,146451,2025-12-11,34
420,29b79e54-f388-45d8-83e5-699e303bb51a,930094,2025-10-18,139
421,15962aea-a3f4-4731-8b6a-b369a09e5ba2,259316,2025-10-10,144
422,8cdff50c-0c7c-45ed-9afb-53824e9c230b,34544,2025-11-03,56
423,dafae7d4-ad34-4117-b1ab-ef805ded2bd8,698508,2025-12-17,122
424,65a6fe46-f03e-4fcc-8761-dd70fd77c9ef,1561498,2025-09-05,119
425,47f0aae4-603d-4ce5-917d-ebbf9722de5c,358895,2025-11-19,31
426,2864573e-896e-4226-93a0-a3c8c910e564,41517,2025-11-16,171
427,65a6fe46-f03e-4fcc-8761-dd70fd77c9ef,1140535,2025-11-13,94
428,2e71698b-2863-4a75-9f67-3426acd05d95,11011,2025-11-15,153
429,487b6ab6-97d7-42ea-82a7-990e2799545b,1190511,2025-12-17,132
430,5c349c3a-f7c3-472c-b472-1d61b941a844,197,2025-07-20,97
431,b1bd6763-8818-4651-bcec-dea8b841b6cb,419430,2025-12-12,53
432,f65dc1a4-e8f9-4ad6-a0b3-af2c692c25de,813762,2025-07-21,158
433,6fb4593c-11d7-4f53-9731-c9bbbf665c91,24122,2025-07-01,23
434,2e853b27-362b-4b9f-86a5-6335f85f50a1,846422,2025-12-02,61
435,8507ac92-8872-4e7f-8212-519a240fece8,1291040,2025-12-10,130
436,e9ca009d-5afa-4cd4-a68b-001f5e6a9a76,11635,2025-07-18,144
437,5d9ab00c-79dc-43f4-b7c6-cf1221f911e1,384737,2025-11-17,162
438,f272ea17-6e8a-484e-bb74-60f0fb68d2d8,261037,2025-07-19,109
439,a61adf10-8f9a-4766-baf8-28f2a60a20ce,472815,2025-10-06,30
440,952ee26d-2e1a-4707-bbe4-ecf2f80a006c,65502,2025-10-25,123
441,76e2f584-598b-4632-a434-18224e385d0a,10431,2025-07-22,115
442,92e3a51c-e48c-4af4-a0df-ffb3c3a828e8,8363,2025-09-18,178
443,684a11b2-c32c-4197-88de-19aa7d82fb9f,1452,2025-11-19,117
444,e7e3aeb9-c194-4532-ba77-6ab2c01e3e76,566525,2025-11-15,162
445,2f6ad430-e3e2-492d-8752-9494a41f4761,297,2025-09-08,120
446,f063145f-8d7a-4c71-9faa-8f08d549d474,43947,2025-12-02,156
447,261c3d2d-f8be-4fe2-8208-56ff1b68e30c,11544,2025-08-03,44
448,f628c9e1-df23-44bf-8102-7cb81c34e317,13962,2025-12-05,143
449,17494ddc-e28a-44a0-8737-04d6a9dd291d,1491,2025-12-09,24
450,ae08e78b-c4c3-4e1a-8cda-de60ee898d94,492611,2025-10-15,82
451,36938d15-0f49-4b57-8d54-a7e4b617f070,270303,2025-11-30,101
452,9d497e17-1f55-4a5c-8a74-a22a69ebfc01,49046,2025-10-09,151
453,fe1a6a31-2146-4839-9fc5-dee8c409774f,404180,2025-09-27,171
454,96b08fcc-29a9-48e2-85f3-0980aca12cf1,746036,2025-09-15,179
455,28d90413-9c2e-4b62-a670-7614271fc43e,592983,2025-11-10,30
456,acf9dfd6-f528-4430-a82a-445f48eeab4d,804158,2025-11-08,130
457,0904d691-244a-4745-a77d-3baaff5f6f3c,1355126,2025-12-16,152
458,018ec607-f3fd-480d-acb2-3d9b125ee7c4,11544,2025-12-21,114
459,4a941992-fd0c-4b85-a6b0-fa95874129a8,27579,2025-11-05,167
460,5c349c3a-f7c3-472c-b472-1d61b941a844,1205515,2025-09-18,128
461,be81303c-7681-4619-891e-f0f7dde6df68,1571470,2025-08-16,65
462,5b42cb33-faa0-47d1-a223-e0f88a651658,299054,2025-09-26,151
463,80f9d89f-c8dc-4173-b7dd-b435ce9761da,663712,2025-08-01,84
464,fd23fe82-bd97-422a-a55b-a4cd91200f0d,811941,2025-11-29,178
465,73a420bd-3b7b-45fd-ba1d-c0e2949eebd5,493922,2025-12-05,36
466,86c17be4-def3-42cc-b488-8c9471f8604d,25475,2025-10-30,74
467,f3b2ef78-bc16-4222-88dc-2023c96008dd,11852,2025-09-09,133
468,cc979393-dbc5-494b-9a95-d7d179bd12d3,602,2025-09-12,52
469,9d380d8e-8c38-42a7-b8c7-826895a09ce3,46195,2025-07-15,154
470,7887b184-c558-41c4-8c46-7f627ed758f7,5174,2025-07-27,61
471,6726cae1-f755-4bf2-aa82-b74fb4eb97e8,13394,2025-09-28,94
472,6c6fcbc5-9489-4979-92c0-759521d8899f,2046,2025-10-27,102
473,78eee84e-085f-40f1-8ff6-bd49cf08095c,13962,2025-12-09,59
474,9aa46564-703c-4a58-a3b7-73902843a272,22705,2025-10-26,151
475,08454dbf-645b-40ca-bf4e-651d4f27a942,1272837,2025-08-11,86
476,a17575e0-8406-44da-a761-09df2408d340,6844,2025-08-03,119
477,84d6fe5b-a2ed-4b48-abd3-587916902904,261037,2025-08-08,61
478,b6d50d19-e21b-4431-86d1-2b4adc3d8977,10895,2025-09-22,170
479,8b2401aa-7866-4404-8434-ccb7a892e7dc,15167,2025-09-27,164
480,3cb6df35-b60c-491c-a8b0-e3985b4d0fe7,87,2025-09-28,50
481,4d1a8726-4515-4b98-bd6d-5a15583393b4,335797,2025-10-11,117
482,4891aa7e-9e41-4b9e-995f-32ea74c5315c,353081,2025-10-02,35
483,6fb4593c-11d7-4f53-9731-c9bbbf665c91,10625,2025-10-17,46
484,8441b740-99bc-422b-a7a6-1aeeb4c17241,695721,2025-07-10,154
485,8441b740-99bc-422b-a7a6-1aeeb4c17241,1102776,2025-10-27,120
486,d744958c-d7de-4de2-a403-1dc09de3c492,57825,2025-10-23,66
487,e4c25713-0922-46e5-a5d3-9a00f917bc67,250546,2025-10-23,92
488,9df3a0e7-eebc-4ee9-924c-bb214ea1dd34,1126166,2025-07-30,68
489,f942a742-2689-45ba-9402-1ecfa46aad18,1062807,2025-08-31,56
490,d12281b2-5756-489d-bd90-15bf5d3979b8,1145221,2025-09-05,136
491,9aa46564-703c-4a58-a3b7-73902843a272,252,2025-10-17,140
492,0449c430-9c36-49c2-a114-6cf56542a751,82690,2025-09-16,149
493,6c2b0021-f151-4dd2-a8da-c06bc67854cd,804158,2025-12-12,128
494,9f48c09b-409c-45a8-a043-60ca064d28ad,512200,2025-10-29,64
495,ad0dd9b5-6c5e-42c3-a5fa-fb2469945b63,612503,2025-10-01,78
496,65b10d79-260f-4b51-95f0-360d2f26244d,284054,2025-10-31,169
497,9cbb8574-5926-4a0b-8f97-623b420ff365,1102776,2025-07-01,128
498,de6a54dd-71dc-45b5-b181-101e92de45e3,301528,2025-08-05,90
499,e4536178-a667-42f3-87b2-d8936450b32b,36586,2025-09-30,109
500,febf5be7-a6ce-406d-a87e-ea26b8c692c2,1402,2025-08-27,102
501,0aab7032-edbb-49f7-a8a2-6176f04572cb,1102776,2025-11-15,22
502,8441b740-99bc-422b-a7a6-1aeeb4c17241,1366,2025-08-27,137
503,87663c75-f0c0-4449-b7af-15a80ba263a9,6114,2025-07-12,57
504,15776d43-3fb4-4ae1-98ec-11b7e9f66048,926393,2025-11-03,48
505,28d90413-9c2e-4b62-a670-7614271fc43e,15167,2025-10-05,91
506,0466b8f2-1d2b-493c-8012-50303ce91639,1205648,2025-08-19,99
507,6159e61a-b3bc-45d8-9e07-9d7dc2943d42,1190511,2025-10-14,177
508,ab93bb01-949d-4e97-84df-4c0b32069ced,23823,2025-12-12,178
509,a65b3363-83fc-454f-b25e-e67704368dd3,654028,2025-07-09,44
510,53e5fac1-ac15-4b3b-91e1-e27f27b8417c,582083,2025-11-24,176
511,725ae064-3ca7-4294-95d6-4e4653ac35db,37135,2025-08-29,130
512,b7e4fa7b-984d-455f-bcce-b60c23e09452,18240,2025-11-19,101
513,913f1264-160c-49a6-b290-61f18089f72f,11852,2025-12-11,50
514,7f63c488-4358-4fff-8e66-3589c07833a5,1140535,2025-12-01,147
515,708ade3c-9d4b-4620-8df5-760c038ac39c,1892,2025-10-06,167
516,d71c484b-6090-4468-8158-ae2e83790347,509967,2025-12-08,51
517,3677f1ff-c74b-4c2d-9833-0c1ccaa2a34a,87,2025-08-31,71
518,5c349c3a-f7c3-472c-b472-1d61b941a844,10198,2025-10-09,161
519,148598b8-b292-4508-90fb-07e25bae90bb,375846,2025-08-07,76
520,bd475dc2-bcf9-4abc-811a-1cf3d5dcae95,10796,2025-10-28,34
521,df998356-480e-4bea-95dc-97fc06e52350,1516391,2025-08-09,92
522,eb5e8102-a9e3-4717-bc72-a86ac96efb9c,11230,2025-07-16,106
523,4931627e-e3ae-48e5-bfb0-5ca70f6e3170,1454308,2025-11-28,77
524,b5179d03-346a-4b9e-8942-d41809262852,71672,2025-10-20,58
525,9a58a974-7b09-4723-81b2-d0af95ceebd9,926393,2025-11-27,117
526,3fd6569d-bd10-4114-b8ed-7389dbff35cd,838240,2025-08-17,154
527,228da925-65ff-403e-993e-0f6f184a1232,64084,2025-07-27,95
528,d477c770-4a9a-4f92-8b0c-7f01a7c76e93,35712,2025-10-09,29
529,4676d991-385b-4d37-97be-a4dfc03b5abc,120467,2025-07-12,108
530,e303ea57-f043-4a6a-93ae-51c89ed8d1ca,1248868,2025-07-25,164
531,02973406-1825-4588-b12a-e2117bf039dd,412092,2025-10-22,46
532,ef30cb66-f029-4923-85a5-173ba007a5fa,1022964,2025-08-19,41
533,9d380d8e-8c38-42a7-b8c7-826895a09ce3,635302,2025-08-24,104
534,0b8fd83c-6beb-4616-9ab5-af07da43ed9a,752,2025-07-12,101
535,8a447214-b40e-4c9d-82ff-c5ae65e12031,804158,2025-10-19,174
536,2e954abc-6a22-4235-b65e-047a454c9bb4,608812,2025-09-03,176
537,0449c430-9c36-49c2-a114-6cf56542a751,864168,2025-10-17,100
538,3ca07cea-a0d9-4330-aecb-d3b2d0839132,615656,2025-07-13,71
539,d84e0d60-cf1e-4427-9bec-85dc8498a77b,298,2025-07-11,110
540,f23e0938-dd33-4f00-9c4e-c8985db21660,566525,2025-10-23,97
541,7b78e6bb-3643-4670-beb2-69dba5a0f9ce,14243,2025-12-10,33
542,2dcf9043-7779-4be9-bb97-f42867c72d9d,10764,2025-10-26,176
543,cbb23163-9bde-4f46-a851-2b0cb261c318,87,2025-09-26,119
544,3431a537-f55c-4833-a7e3-21e93dce779b,11970,2025-09-30,28
545,142a8542-d5a2-4e8a-8e00-8bb42d24ebf7,433,2025-09-18,22
546,6d8704b2-41e3-4665-a905-2bdcc9bf30ee,1126336,2025-11-28,172
547,5b0c1138-7ba1-4af6-b300-6282e8a84970,324552,2025-08-17,43
548,21f61cb1-11bd-46a0-b8cf-a2cab6e4cd5e,115,2025-09-28,165
549,0b207250-9091-4bad-a216-6b75b0ee201b,504056,2025-11-09,75
550,f57f0185-7fb5-4a7c-8a12-582b3c2d41d9,592983,2025-12-14,28
551,b8c85d8c-4c6c-42e7-9f3f-04c4c2a5a77c,1001270,2025-08-19,156
552,29ffb15a-d444-4e07-9fbc-4bd7eafdd012,82702,2025-09-19,152
553,f52cae74-5e26-4f54-baab-0638291af8c8,82690,2025-09-22,82
554,b643feba-fd07-4314-8b3a-e3892fc013eb,1181701,2025-12-24,124
555,b97fb9d1-f136-42c3-b4df-e9a72e738a3f,7446,2025-07-25,61
556,e6f2711e-cb84-4279-b2af-43d5a12be9b8,1126336,2025-12-04,66
557,b76f4b1f-18be-460c-90ec-2c2c5ce953db,49529,2025-08-15,177
558,29f17f74-dc9d-4fc1-9652-d538a379162d,14709,2025-09-06,29
559,bd268e4d-1519-41f7-9e3a-8a69fd4540fc,635302,2025-08-03,116
560,c7c661df-d19b-4a83-9c06-143cdacf2d8a,458156,2025-07-21,129
561,e4536178-a667-42f3-87b2-d8936450b32b,4032,2025-10-02,146
562,40887bd5-dfbb-443d-93fc-a51c9fcad681,773,2025-09-13,47
563,fd23fe82-bd97-422a-a55b-a4cd91200f0d,593676,2025-07-28,96
564,2a51e6bf-7e44-464b-b139-5eeb1d64b95d,745,2025-11-14,51
565,8785a5cb-2ff4-486d-92a6-61e73a9946d7,125509,2025-11-04,97
566,b8c85d8c-4c6c-42e7-9f3f-04c4c2a5a77c,11459,2025-11-11,47
567,293e4cc8-f561-440e-83ae-87e8cb3eda2c,1248868,2025-07-08,153
568,725ae064-3ca7-4294-95d6-4e4653ac35db,846422,2025-08-24,156
569,febf5be7-a6ce-406d-a87e-ea26b8c692c2,339403,2025-07-28,63
570,b018c1e0-7f91-4d5c-abce-1558410de0e1,41727,2025-11-23,54
571,df482279-52b2-4d15-b0c2-b2715cf33e54,28,2025-12-28,57
572,daecd31d-953a-49c8-b25f-04a4b2505d6b,13767,2025-09-24,99
573,b515dd81-4f3f-4fca-a793-9620b9b9fb2d,617,2025-09-17,136
574,42560fdf-ce8f-4d96-8ef7-4585a64d17e9,12193,2025-12-04,170
575,7956be4b-47d8-4eb7-bc3c-ceb53c946537,1214028,2025-08-08,100
576,e7e3aeb9-c194-4532-ba77-6ab2c01e3e76,13461,2025-11-10,98
577,14bda2cd-e0ba-4935-b00c-191376524976,1368,2025-11-22,136
578,2bd6a655-db38-4569-91b5-1176964d92c9,792,2025-09-07,45
579,cc86ac19-cd9f-45be-8fd5-2f5d70dacaed,41280,2025-11-23,117
580,27fdafad-f6c7-4151-be60-2965dc017bd5,508943,2025-12-05,180
581,febf5be7-a6ce-406d-a87e-ea26b8c692c2,433,2025-08-08,116
582,e1be7db6-52e8-4ffe-941c-e5462a70a35a,1316147,2025-07-08,85
583,7f2b10bb-3b06-446a-bf91-d59305750b4a,240832,2025-09-25,115
584,73902df7-9c81-49a2-87e4-53d16886cf10,14926,2025-08-07,32
585,e1703649-f5fe-4191-8657-2e73ce50d471,6844,2025-07-24,67
586,c9bc65d2-42f2-4d7a-92da-5c36979e7fd8,635302,2025-08-26,80
587,e4c25713-0922-46e5-a5d3-9a00f917bc67,8584,2025-09-24,125
588,29b79e54-f388-45d8-83e5-699e303bb51a,245891,2025-08-28,152
589,aa604ae9-7388-4b4b-a2d2-1254a260adee,458156,2025-09-21,74
590,ef2d242a-72c9-48a6-af3b-d1903cbf797e,421892,2025-07-26,57
591,413e5a79-ee95-48d4-abdf-c29c83358e2e,1359,2025-11-19,175
592,8571e9e6-abf8-4afa-a3ee-a7940d181f55,81530,2025-10-05,45
593,29ffb15a-d444-4e07-9fbc-4bd7eafdd012,38700,2025-10-03,163
594,03134078-c847-460a-9e7e-34e547a45854,698687,2025-09-04,79
595,454049c2-4e07-46fc-b02e-af5a8797a01f,453,2025-12-01,66
596,8441b740-99bc-422b-a7a6-1aeeb4c17241,5528,2025-10-05,178
597,018ec607-f3fd-480d-acb2-3d9b125ee7c4,284054,2025-11-24,85
598,eb5e8102-a9e3-4717-bc72-a86ac96efb9c,64084,2025-08-08,172
599,6159e61a-b3bc-45d8-9e07-9d7dc2943d42,1237082,2025-09-17,57
600,6100d6fb-9b9d-4624-81ad-1e9e01e07746,2330,2025-10-09,68
601,2f9a1712-d511-457f-8588-cd14223cea54,663712,2025-07-24,66
602,786e1bea-ab7a-415e-b4bc-9ff7f4d25d1e,2123,2025-07-15,48
603,b58363f2-2a53-4029-b5ed-d85a8a2947ff,1368,2025-08-02,29
604,8a795cfe-828f-4786-94ae-62e444719b61,82690,2025-11-29,61
605,90fbf3dc-cf79-4189-9ba9-08e6d41100a6,1244132,2025-10-03,111
606,adc6f37c-42f4-4c62-ab52-9dbb88468f51,1285247,2025-12-17,152
607,ef2d242a-72c9-48a6-af3b-d1903cbf797e,6844,2025-07-23,157
608,1fe3e730-105d-4cd2-babe-65d9080b41c9,1205648,2025-12-26,53
609,8661c256-4537-4da9-a98e-e26f8bde5b0f,1072790,2025-08-30,171
610,4c2d4e01-4ccb-42b8-802f-0f8be99c6c93,335,2025-12-15,147
611,8141fcb1-9315-42fb-96cd-ba1243befaa7,791373,2025-09-17,42
612,ef2d242a-72c9-48a6-af3b-d1903cbf797e,492611,2025-08-29,24
613,7c9838dc-bba7-4fc8-9eb0-83735bb51d3b,1284460,2025-10-17,111
614,1f81df2e-0e45-4575-9687-a35c06b6e589,920302,2025-09-23,104
615,2376579e-33b1-4bfb-ab43-5899ab340a9c,13767,2025-07-18,84
616,09e5c4a4-6e84-48ee-b7d3-755047383227,51482,2025-12-06,122
617,725a28ee-a635-45d3-b8c1-860bdcc41dec,458156,2025-09-29,120
618,b68b585c-7eb7-4193-850c-543534e0f892,291870,2025-08-05,54
619,69d4a443-6ccb-45b8-8f24-7ff7aaf08666,940721,2025-10-03,75
620,b27f9460-fd18-427a-b4c5-0a6e3dc2a617,804158,2025-10-02,121
621,31c64b33-54e8-4e33-b180-bba33c24cebb,76492,2025-12-18,42
622,dffe11c5-9551-40f8-aaa3-bfe64b4e3f1b,1354627,2025-09-08,148
623,43d0a3e8-74b9-4d3c-8b52-442ae8f46fc6,12503,2025-12-10,180
624,5f048acb-9da1-4ed4-a9a0-44331bf7427c,1135873,2025-10-10,79
625,514735c3-4640-4150-9a70-785abc8759f5,271116,2025-07-15,139
626,acf9dfd6-f528-4430-a82a-445f48eeab4d,160840,2025-09-22,141
627,db08e301-f408-4c53-999d-aba9784bbcf7,74997,2025-08-28,106
628,480e0e1e-4eb5-487b-aff9-6e04ee4d3f79,561,2025-07-19,141
629,2864573e-896e-4226-93a0-a3c8c910e564,10066,2025-07-18,54
630,58f55428-9515-41fe-817d-b1f94988547d,11199,2025-11-21,175
631,4d1a8726-4515-4b98-bd6d-5a15583393b4,11153,2025-09-06,81
632,09a36ef1-0cf3-4545-8190-f4353042e29b,11932,2025-10-19,171
633,57ad21f9-cef2-468b-933d-ff4bda36491d,423108,2025-08-11,40
634,68d8ad87-fb5b-4100-a335-8406f7a9c1b4,375846,2025-11-09,67
635,d5cf3ec9-798e-49ff-b290-f84b8ca795ff,2193,2025-12-09,142
636,e7edb2f7-6edf-444c-b1f0-f7b1257e0464,274167,2025-09-08,54
637,b68b585c-7eb7-4193-850c-543534e0f892,419430,2025-09-09,122
638,15647947-ea55-46ff-892b-24130fda1edc,136799,2025-08-21,81
639,aa604ae9-7388-4b4b-a2d2-1254a260adee,214756,2025-07-07,177
640,af98a8ff-e078-4253-9f65-47271cd8ee99,390062,2025-10-07,80
641,46540a5c-3513-4b4a-b4f5-0d3a044f02ee,1401318,2025-10-06,75
642,4891aa7e-9e41-4b9e-995f-32ea74c5315c,624860,2025-10-08,162
643,a7b3299d-5c26-4e51-90ae-ee081273a22c,602,2025-08-09,48
644,472ee39f-2902-41ea-bee5-c4a18978915b,1037113,2025-08-26,42
645,9c67edd1-3670-4247-a612-9ff6ae78268c,161,2025-12-09,54
646,f2cbf7d3-996e-4077-8bf3-b0f47988f479,9074,2025-07-05,81
647,667fd48d-b437-400e-b000-41b900c53721,371895,2025-09-22,147
648,f6b55005-8528-4f8f-b506-82bba496babb,9902,2025-10-24,155
649,e303ea57-f043-4a6a-93ae-51c89ed8d1ca,985932,2025-08-11,143
650,454049c2-4e07-46fc-b02e-af5a8797a01f,364,2025-11-05,119
651,4676d991-385b-4d37-97be-a4dfc03b5abc,313369,2025-07-26,108
652,2aae3147-b0d8-49c0-9f1b-6f446e09bd9e,760104,2025-10-24,30
653,c30a62e9-a0d1-4565-a2ae-366348aed80f,604,2025-10-12,53
654,e303ea57-f043-4a6a-93ae-51c89ed8d1ca,49046,2025-11-06,99
655,7fa09db7-94a0-4c89-af65-8ec41462cdce,62835,2025-11-28,83
656,6b56f51a-f97f-421f-ac36-7251d27e07b9,764,2025-09-20,79
657,dffe11c5-9551-40f8-aaa3-bfe64b4e3f1b,13187,2025-09-11,170
658,aab387f3-4edc-41ed-b428-d2fdadb7d84c,1422,2025-10-04,111
659,d4dc4e20-0e20-4211-be6e-41464a92f295,102899,2025-08-26,60
660,9773e882-deee-4217-bf19-774520b7e13c,324552,2025-08-29,121
661,78f211ca-fb39-4c49-91b7-c4974a3b1ca1,24886,2025-10-27,36
662,be329e57-7e88-4675-955c-93063cd01cbd,976893,2025-09-12,100
663,6431dd54-6f10-403c-a9d9-ab66f1ab3783,22832,2025-09-10,162
664,44c492f0-761b-4ec0-9002-a5904ebf1dec,1148713,2025-12-05,173
665,9d8b213d-69f4-49f2-abb6-1cd1b09cdf1e,254473,2025-10-28,144
666,09e5c4a4-6e84-48ee-b7d3-755047383227,1203097,2025-08-24,178
667,38b3d803-b3f6-42b2-a5c0-7060275e09f2,615,2025-09-21,27
668,58f55428-9515-41fe-817d-b1f94988547d,20453,2025-09-06,101
669,b49976f2-c2c1-461c-8e11-6b462e95f981,23823,2025-07-21,82
670,ac68f654-e803-4d3d-b9bf-683e3a61c274,301528,2025-11-02,129
671,4c39b976-d2e2-4c2f-a9c9-6f2a48d40476,1248868,2025-10-18,29
672,ae08e78b-c4c3-4e1a-8cda-de60ee898d94,592695,2025-07-27,66
673,3adc5b73-9e7a-465e-8b00-23440fc1f972,1145221,2025-09-30,29
674,36293e3d-f936-4a0a-a1cd-8508801ffdcf,310097,2025-10-20,168
675,8346e05f-f427-4b03-9150-89de51efe9df,937287,2025-09-07,159
676,726d8ccf-9b6e-4750-a647-0f5b0cea5c29,458220,2025-11-24,180
677,f2877ad5-c935-4310-9b11-2b9439f479fd,13394,2025-08-20,135
678,28d90413-9c2e-4b62-a670-7614271fc43e,842924,2025-12-01,93
679,87663c75-f0c0-4449-b7af-15a80ba263a9,1206008,2025-07-06,43
680,8446a099-370f-4890-9202-5802b661fc6f,21778,2025-10-24,52
681,21f61cb1-11bd-46a0-b8cf-a2cab6e4cd5e,11932,2025-09-02,49
682,aab387f3-4edc-41ed-b428-d2fdadb7d84c,12503,2025-07-05,53
683,9f48c09b-409c-45a8-a043-60ca064d28ad,21407,2025-08-14,31
684,d36f7cca-0262-4887-8ffd-0ac725f0b5e0,13461,2025-10-12,48
685,4d8f0c85-5edc-4d7b-94fc-24e401a1702e,940721,2025-08-18,161
686,2becc8b6-353a-45ee-af5c-623a0245f6b5,1443260,2025-08-24,135
687,4c35ee13-6d52-48a0-b63d-f6709f58dfad,1585476,2025-10-16,169
688,9c67edd1-3670-4247-a612-9ff6ae78268c,14926,2025-12-04,170
689,03237f08-90a8-495b-80b0-78567ed816f1,160840,2025-10-11,113
690,a6534cde-8076-44e0-a500-774d4672151e,865,2025-08-13,151
691,6413c11d-e235-4a12-9bf7-5d5f4d4c4893,11230,2025-07-23,170
692,89d4fb58-becc-42d5-8e6f-0cebdd142392,38575,2025-11-12,66
693,9d72e9cd-81cf-4423-81dc-74bc213a2eaa,13448,2025-12-16,126
694,f3b2ef78-bc16-4222-88dc-2023c96008dd,381288,2025-11-13,55
695,0159e530-90cd-41e0-8e13-1023e77410ea,368412,2025-12-03,33
696,758bb4db-87ca-4cb7-a944-0540570f48dd,1126166,2025-09-13,179
697,ffa66787-a078-4e8c-95ca-8c1a6a5bf50e,11199,2025-11-10,165
698,53e5fac1-ac15-4b3b-91e1-e27f27b8417c,296065,2025-12-27,30
699,53599c51-ba17-4f94-b0d4-94011d2ba9d2,65502,2025-11-09,123
700,148598b8-b292-4508-90fb-07e25bae90bb,14243,2025-07-17,112
701,3580687d-c426-407d-a3d6-14eb594796de,19904,2025-07-24,102
702,b49976f2-c2c1-461c-8e11-6b462e95f981,8584,2025-07-16,171
703,c09dd92b-e2e3-4428-bf60-faf22f10ffb8,801335,2025-08-18,58
704,bfc8bd08-34fe-49ef-9089-d320d17dfb98,444951,2025-07-02,166
705,bd475dc2-bcf9-4abc-811a-1cf3d5dcae95,439079,2025-12-27,79
706,b5c873c8-00dc-4da2-9669-694cdae3ffd9,950,2025-09-26,42
707,c895405a-2e9c-4822-b584-b3de478f7d10,4553,2025-07-07,26
708,43d0a3e8-74b9-4d3c-8b52-442ae8f46fc6,472815,2025-10-22,28
709,6726cae1-f755-4bf2-aa82-b74fb4eb97e8,335,2025-12-04,115
710,e6721b5a-dfa9-43fe-8bae-f57e9502de53,11230,2025-07-14,92
711,077dbbea-c5b1-4256-8565-670c5adf091c,41280,2025-10-28,64
712,77b32f9e-d5a0-4c77-906d-df4ca3f90522,792307,2025-11-08,177
713,007e60ed-6fb1-461c-9917-aa02448df0b1,423108,2025-08-21,179
714,9f51012a-2fa5-4060-950f-ee232fde89f1,1291040,2025-07-14,171
715,684a11b2-c32c-4197-88de-19aa7d82fb9f,1126336,2025-10-15,159
716,f23e0938-dd33-4f00-9c4e-c8985db21660,41517,2025-10-18,80
717,aecf09e6-9c2f-498b-b9ad-7a32bfe6d5d1,561,2025-08-27,172
718,815d05c1-033e-4d3a-801d-9163da2a5c8a,269495,2025-12-05,165
719,80f9d89f-c8dc-4173-b7dd-b435ce9761da,110143,2025-08-28,77
720,2bd6a655-db38-4569-91b5-1176964d92c9,390062,2025-09-16,47
721,a916222d-2a65-4097-a32a-b91c8c30699f,11852,2025-11-27,25
722,f6909542-d106-4655-aaf6-b8900494e157,302946,2025-11-27,106
723,5f43ec89-f07d-470d-b303-01b4e7b3359e,259316,2025-10-29,74
724,54d375ba-c40c-49bd-8e2e-cf834a61d0b2,299054,2025-07-21,24
725,b42386b2-847f-46db-a42a-d7ad6f2ec042,383498,2025-08-21,177
726,0bb30020-2d9d-41b3-809b-4c7a888b10fe,1417,2025-08-15,104
727,d477c770-4a9a-4f92-8b0c-7f01a7c76e93,812037,2025-12-08,161
728,0ec61972-52c1-4134-a91a-964a236ca2d3,806405,2025-10-19,88
729,5370adde-6e69-47c4-a058-59e6dbbfbd05,116613,2025-07-16,177
730,1aef6f1b-ddbf-4532-a2d1-1c636c39aa6d,298,2025-10-15,84
731,730ef8ec-fe4b-431f-a794-f76bb0827e00,508883,2025-07-27,48
732,837bd55f-4437-4396-8ec2-154cf0aa22a7,76338,2025-08-22,28
733,2ae54c54-740e-4398-8f5c-abcaf2d62567,35712,2025-11-12,30
734,d7477a8d-78f3-413e-9582-fe1c3fd29878,1246,2025-11-14,120
735,29a822c6-4391-4560-a1ba-56d8face0031,377,2025-10-08,49
736,bd85abe8-ded6-4b7d-a081-e50f89e36cf3,1402,2025-10-31,140
737,c24f836e-06a9-4a6d-8c7b-fb599457757e,660120,2025-11-15,37
738,8785a5cb-2ff4-486d-92a6-61e73a9946d7,2193,2025-09-03,161
739,b4a11cab-1132-4084-968a-e6a94dda8593,1037113,2025-10-28,180
740,2ae54c54-740e-4398-8f5c-abcaf2d62567,9637,2025-09-19,155
741,db091174-6eb0-4301-9393-5e8d7c3730fa,302946,2025-09-17,62
742,e6721b5a-dfa9-43fe-8bae-f57e9502de53,41280,2025-10-04,39
743,d9e7bc19-f494-46e3-a6d4-d67a77330aa3,15472,2025-09-17,109
744,d0dda484-26e3-4c57-8ccc-b08b6ee7e907,873488,2025-11-12,57
745,a17957c7-50cf-4db5-8ac6-806b96a080f8,353081,2025-12-05,101
746,506863b8-fe40-4507-b6cf-1a653e9cb4d7,10764,2025-07-07,47
747,9abe664f-de5f-4b6b-b9bc-ce1d227c0372,1422,2025-09-30,103
748,667fd48d-b437-400e-b000-41b900c53721,32657,2025-10-13,85
749,9d497e17-1f55-4a5c-8a74-a22a69ebfc01,1561498,2025-11-27,75
750,e9ca009d-5afa-4cd4-a68b-001f5e6a9a76,13448,2025-12-09,153
751,237ff01e-45ce-4db0-a678-75805471689f,493922,2025-12-11,118
752,17494ddc-e28a-44a0-8737-04d6a9dd291d,7446,2025-08-01,104
753,9aa46564-703c-4a58-a3b7-73902843a272,10895,2025-10-27,165
754,a0e156d7-648a-460c-9f8b-fdf70a185416,13962,2025-10-27,96
755,adc6f37c-42f4-4c62-ab52-9dbb88468f51,421892,2025-09-19,129
756,667fd48d-b437-400e-b000-41b900c53721,299054,2025-11-24,139
757,edc076e7-16dd-41bc-840e-3de7e1185d53,582083,2025-07-29,25
758,942ee039-2021-42f4-aef6-a52869147880,109418,2025-09-24,169
759,fa9099f4-80f2-468c-bbb3-b846e1fc19ff,1126166,2025-08-02,108
760,86c17be4-def3-42cc-b488-8c9471f8604d,1310458,2025-11-21,126
761,c14b8e22-eea9-4e52-a71a-518919d21fec,419430,2025-11-28,86
762,03237f08-90a8-495b-80b0-78567ed816f1,1169210,2025-08-29,63
763,664cf432-a9e0-428e-9eb2-0829a7aea614,1895,2025-10-22,178
764,af690629-7e79-4393-9368-f303bcf19af2,1352528,2025-12-04,179
765,122bef41-ccdb-47a2-90df-5f22be3ee05d,1352528,2025-12-17,123
766,d0dda484-26e3-4c57-8ccc-b08b6ee7e907,1233575,2025-11-09,112
767,be81303c-7681-4619-891e-f0f7dde6df68,25961,2025-11-15,177
768,d81adbf5-9f59-468d-bcda-c353dce37beb,1401318,2025-09-03,142
769,aaa90d79-fd38-47cb-86c8-a73d6faae3d9,1813,2025-10-07,109
770,e4c25713-0922-46e5-a5d3-9a00f917bc67,400535,2025-11-17,21
771,ba9fb4fc-584d-4c7e-83d7-3362225c3374,122906,2025-12-19,69
772,f6b55005-8528-4f8f-b506-82bba496babb,846422,2025-12-07,147
773,f6949de3-7de0-46e4-8c9d-bf9ae2a6e0d6,49292,2025-07-06,150
774,b42386b2-847f-46db-a42a-d7ad6f2ec042,4584,2025-09-30,29
775,7f6be313-8320-48ef-98e8-85612c45bbdd,417320,2025-12-09,56
776,38775b0d-897b-4a65-ba31-0a1d27ca8155,10764,2025-10-12,89
777,15038f53-3f10-402b-b238-2d561763a7fd,265195,2025-12-08,131
778,6100d6fb-9b9d-4624-81ad-1e9e01e07746,592350,2025-07-16,148
779,9969361c-f553-48d9-8e5f-cf88f9c7d8fa,930094,2025-10-17,66
780,3677f1ff-c74b-4c2d-9833-0c1ccaa2a34a,498888,2025-10-29,109
781,f52cae74-5e26-4f54-baab-0638291af8c8,1291559,2025-08-27,121
782,19c6d518-9894-4abf-841a-b38001c62833,89602,2025-11-12,147
783,38b3d803-b3f6-42b2-a5c0-7060275e09f2,101299,2025-08-01,160
784,e803f1eb-9686-4fa0-9bd6-5dfd706927d7,9035,2025-09-24,133
785,803b775d-5529-4c2c-aea2-c2614c1d86b2,1140535,2025-07-15,157
786,0aab7032-edbb-49f7-a8a2-6176f04572cb,10198,2025-07-28,24
787,4d1a8726-4515-4b98-bd6d-5a15583393b4,166668,2025-07-02,24
788,f7a217c9-d6fe-4806-835f-d745b1ac6693,1310458,2025-09-05,88
789,077dbbea-c5b1-4256-8565-670c5adf091c,920,2025-08-16,79
790,72f9cbc8-1508-47e5-a5b8-e19e461248bc,1297860,2025-08-11,98
791,e9aa2688-c55a-4bf8-868e-e1af5b855e04,770,2025-08-25,176
792,83cd0c0b-80ff-40ff-83b5-eb929f77c865,604,2025-10-24,23
793,42d3d73f-5b9e-40d6-b356-ce55aadbb5a1,926606,2025-08-27,30
794,27fdafad-f6c7-4151-be60-2965dc017bd5,10144,2025-08-28,31
795,6c6fcbc5-9489-4979-92c0-759521d8899f,10895,2025-11-13,65
796,6cac35b7-db4c-4611-a950-5fbd3db0b5cf,284054,2025-12-06,153
797,803b775d-5529-4c2c-aea2-c2614c1d86b2,32657,2025-12-14,118
798,ba1d8c4d-1e8f-4666-8a6a-3ef44d0d5a2e,35712,2025-11-29,93
799,86ea471b-a7f1-4da8-bca7-f8ff18414f06,37135,2025-08-19,103
800,d7477a8d-78f3-413e-9582-fe1c3fd29878,666035,2025-07-10,164
801,d601efbd-4503-4cba-980a-cede77f16789,806405,2025-08-27,180
802,1f4573a2-1b01-4a84-909a-c37335141422,8392,2025-12-19,158
803,4c2d4e01-4ccb-42b8-802f-0f8be99c6c93,9902,2025-09-11,71
804,a82fd124-0eb7-4c2d-a0e5-fca258aea086,120467,2025-11-26,107
805,f063145f-8d7a-4c71-9faa-8f08d549d474,324552,2025-10-19,71
806,cc979393-dbc5-494b-9a95-d7d179bd12d3,930094,2025-07-30,31
807,0e5d2249-1622-421a-bd3d-e6ff8bebfc81,48266,2025-10-02,78
808,aab387f3-4edc-41ed-b428-d2fdadb7d84c,252,2025-09-11,44
809,a8d70f55-b7fb-4bb5-9062-5ed0f18c4b38,520318,2025-11-20,122
810,86845847-d856-4803-86a4-ae050c8d643f,1522923,2025-08-26,35
811,e6962540-5e07-4941-973a-ca385b35b926,660120,2025-09-21,82
812,274a8a22-0192-43b0-a149-e0d9ee9f8540,1813,2025-08-23,87
813,7064f811-7df1-43f6-aaac-3a4780eaf5af,18239,2025-07-15,99
814,42d3d73f-5b9e-40d6-b356-ce55aadbb5a1,663712,2025-10-31,72
815,ebc72bf3-d503-4353-8358-43bfd90e1999,504056,2025-11-19,20
816,5d1422bc-90fa-402a-8078-442b29dedc91,2330,2025-12-10,170
817,ace376c5-e89b-4dfb-9632-403b193e00a3,27860,2025-09-29,125
818,f272ea17-6e8a-484e-bb74-60f0fb68d2d8,9880,2025-08-07,115
819,92e58ddf-4ba0-4960-ad5e-6266c680b20b,512200,2025-07-01,146
820,e7720dc6-cead-4722-a16f-b4e3d2297f3b,310097,2025-07-11,40
821,21f61cb1-11bd-46a0-b8cf-a2cab6e4cd5e,25961,2025-12-08,164
822,b515dd81-4f3f-4fca-a793-9620b9b9fb2d,274167,2025-10-30,44
823,d94786ed-1a2d-4000-bdf9-cf4eb4bf0db7,582083,2025-12-16,104
824,472ee39f-2902-41ea-bee5-c4a18978915b,656908,2025-08-24,46
825,1f5ed463-e08a-48fd-97b3-d3b6068c988b,57212,2025-07-27,131
826,2c75bc0a-c49f-4bc8-9cf5-36840e93a94b,251,2025-11-27,137
827,0904d691-244a-4745-a77d-3baaff5f6f3c,337404,2025-08-17,142
828,e4c25713-0922-46e5-a5d3-9a00f917bc67,11224,2025-10-18,70
829,cf146adf-d11c-4480-a80e-012e2a707dfb,1311844,2025-09-09,42
830,bd85abe8-ded6-4b7d-a081-e50f89e36cf3,311,2025-08-20,47
831,ea281f8a-2887-495e-83e0-d06092089816,24886,2025-07-07,173
832,35a3c7dd-0658-4263-bd0f-21d49ef2b82c,1300116,2025-07-31,39
833,d0dda484-26e3-4c57-8ccc-b08b6ee7e907,71672,2025-08-29,173
834,6305c1b4-a7b7-4c2c-8010-cdf91b5f51ee,160840,2025-09-19,107
835,c18e2d44-0e25-490f-88fb-4ca6d6c4c18c,1454308,2025-10-18,24
836,8fba9e83-054a-4413-a0aa-1a33b83c3a89,302946,2025-11-14,34
837,0c9f7981-f2e5-435f-a809-86a51fda82af,41280,2025-08-17,128
838,eb5e8102-a9e3-4717-bc72-a86ac96efb9c,615,2025-10-09,162
839,9da6443d-6195-48fe-99e5-c79dc4ce1a72,10530,2025-09-15,118
840,142de1b1-ef63-43a6-b7cb-4188e9df1164,10796,2025-09-10,84
841,7a731783-ce44-4505-a364-7fa4bf7093d1,371895,2025-08-09,125
842,0aa16452-2af3-4d66-8cad-e898d6f63d00,290524,2025-11-13,47
843,cc2a8eea-4870-4f59-8f23-02676b70515a,12665,2025-08-24,93
844,3431a537-f55c-4833-a7e3-21e93dce779b,82139,2025-12-12,165
845,667fd48d-b437-400e-b000-41b900c53721,545611,2025-10-16,45
846,f6909542-d106-4655-aaf6-b8900494e157,125509,2025-07-09,170
847,53ef3bec-5ddd-4f96-bfcd-46093855142a,462181,2025-11-07,169
848,15776d43-3fb4-4ae1-98ec-11b7e9f66048,417320,2025-07-09,65
849,274a8a22-0192-43b0-a149-e0d9ee9f8540,11230,2025-08-24,63
850,0b8fd83c-6beb-4616-9ab5-af07da43ed9a,214756,2025-07-20,95
851,a683c5ac-78ae-482f-b842-ee9ca33616c0,13764,2025-08-06,168
852,fde43dfe-2220-4432-bab9-00d3ddb0cc6d,760104,2025-08-18,109
853,e72b96e6-1f15-43fa-97c7-70fa2f63a5e5,46581,2025-12-16,131
854,34cab079-0f63-4a2c-ac58-3da4cc2d9ec9,70981,2025-11-15,165
855,0d080ddd-6b06-42bb-a975-8830b35d141f,4232,2025-08-26,43
856,e72b96e6-1f15-43fa-97c7-70fa2f63a5e5,412154,2025-08-01,67
857,9d8b213d-69f4-49f2-abb6-1cd1b09cdf1e,360784,2025-10-29,140
858,726d8ccf-9b6e-4750-a647-0f5b0cea5c29,161,2025-10-10,131
859,979874a0-f50d-4e2f-90d5-c845fdfa3e2c,666035,2025-12-24,29
860,31b0794a-be66-4f38-bc4d-3a5e90685950,11448,2025-09-09,76
861,68d4302b-c2c8-48c3-b0c6-18f73cef8af0,2193,2025-09-28,61
862,72a16f39-7d57-4f71-812e-445462fbfb06,763164,2025-08-19,100
863,0449c430-9c36-49c2-a114-6cf56542a751,122906,2025-08-28,25
864,b58363f2-2a53-4029-b5ed-d85a8a2947ff,57825,2025-12-03,59
865,d939006d-ff10-41cb-8a10-609211ba9386,1323475,2025-09-09,153
866,8930fe33-b16b-47d5-b663-2d18ff807a8f,36225,2025-10-14,175
867,b3f88d8a-409f-4e6e-8432-326009d17da1,1289888,2025-09-16,115
868,86f97b96-adf3-4c00-8a19-31287527ee94,787747,2025-12-14,137
869,148598b8-b292-4508-90fb-07e25bae90bb,792,2025-09-14,62
870,fbd655ec-3bc7-42c6-a2e8-ea4eb99bdcaf,250754,2025-09-14,53
871,dafae7d4-ad34-4117-b1ab-ef805ded2bd8,1235746,2025-11-05,97
872,64a90849-8eff-4130-9133-cef05bcba541,882569,2025-11-29,173
873,0449c430-9c36-49c2-a114-6cf56542a751,181812,2025-11-20,80
874,8404a93f-d6d1-44d0-923f-bba442b3342d,8920,2025-11-02,38
875,2e71698b-2863-4a75-9f67-3426acd05d95,11932,2025-09-17,30
876,ce8cf312-0bb9-4248-8329-1c6a5d19d06b,1133651,2025-11-04,141
877,94b9a940-4a13-4b71-bb13-e5753c57fb56,9902,2025-08-28,29
878,992866b4-91b9-4bc7-8e66-0474e752841d,1149912,2025-08-22,26
879,ace376c5-e89b-4dfb-9632-403b193e00a3,1145221,2025-12-02,45
880,ee42d97b-1dae-423e-a19c-95138fdf7c1d,11635,2025-12-23,159
881,cebe905a-655a-4937-b2e8-d5a4e53594ec,14926,2025-07-01,32
882,619782e9-2fd1-4b29-af7d-3e3fae62abd6,18240,2025-11-10,152
883,71fff63e-f111-4942-9c0d-90247e4ebd8b,806405,2025-09-19,60
884,436700b7-bc02-48b0-b30c-16122cc400a4,27860,2025-07-05,63
885,702f3b63-c33f-4d0f-87f4-e5712a0e2ef4,47971,2025-12-12,67
886,0904d691-244a-4745-a77d-3baaff5f6f3c,2293,2025-08-09,127
887,098d5d8a-fea4-46d8-bfa4-634100c107e6,259693,2025-10-02,130
888,4a941992-fd0c-4b85-a6b0-fa95874129a8,10144,2025-08-31,94
889,3fd6569d-bd10-4114-b8ed-7389dbff35cd,291870,2025-07-11,93
890,725ae064-3ca7-4294-95d6-4e4653ac35db,14243,2025-08-07,42
891,d939006d-ff10-41cb-8a10-609211ba9386,37735,2025-08-18,159
892,407857ad-e162-40b2-9c02-56be508b6ab4,558829,2025-10-10,28
893,472ee39f-2902-41ea-bee5-c4a18978915b,937287,2025-08-26,28
894,2c75bc0a-c49f-4bc8-9cf5-36840e93a94b,23823,2025-11-03,84
895,b018c1e0-7f91-4d5c-abce-1558410de0e1,11970,2025-07-25,84
896,684a11b2-c32c-4197-88de-19aa7d82fb9f,9398,2025-11-01,131
897,2e445917-f936-4de4-8b57-814dc4b09b38,444539,2025-12-18,120
898,821fa345-d9f5-4a32-a938-0a63037cd3c3,4951,2025-08-12,69
899,bd475dc2-bcf9-4abc-811a-1cf3d5dcae95,4951,2025-08-28,124
900,f7380deb-508d-4900-90ef-85acb8bcb848,65502,2025-08-20,29
901,9df3a0e7-eebc-4ee9-924c-bb214ea1dd34,689679,2025-12-18,162
902,2e71698b-2863-4a75-9f67-3426acd05d95,968051,2025-12-21,135
903,992866b4-91b9-4bc7-8e66-0474e752841d,1235746,2025-11-18,151
904,236bcfcc-60a0-4a1d-8c0c-ee05a256fa61,76338,2025-08-26,64
905,34f1cd89-c8a2-4e23-a531-79f6b68f3af3,1246369,2025-11-26,112
906,41a187e4-08aa-49fe-855a-e6c5fd30c0f9,48266,2025-08-19,82
907,9b689544-10ce-4bf1-afd4-3fcfac48fdde,1571470,2025-11-14,161
908,6077301b-c64f-4d97-a207-fa80d68dce98,574546,2025-08-19,97
909,932f124c-0549-4562-9390-815d4ceefd2a,30484,2025-09-04,59
910,f57f0185-7fb5-4a7c-8a12-582b3c2d41d9,15167,2025-10-13,125
911,bac82dfe-a7e2-4af9-a5e1-712c68dcf201,8920,2025-11-07,57
912,e4536178-a667-42f3-87b2-d8936450b32b,74997,2025-11-03,39
913,0449c430-9c36-49c2-a114-6cf56542a751,21778,2025-09-13,169
914,5812dde3-5e0c-4c8c-98ab-ff5a27b64894,11528,2025-11-05,75
915,9d497e17-1f55-4a5c-8a74-a22a69ebfc01,302946,2025-07-08,134
916,7aaaae8e-f237-4c66-a51b-ccc6df676f6e,284053,2025-12-14,130
917,fef9bc93-fbb9-45a5-a741-90180402b7ef,1032778,2025-11-24,95
918,4b7f7e93-1017-409d-bfa1-bb4bc1085b3c,36225,2025-08-16,24
919,e7720dc6-cead-4722-a16f-b4e3d2297f3b,400535,2025-08-07,48
920,940ec9df-daec-4cf0-9abc-1ed84c8a9592,1169210,2025-10-03,169
921,a9e0ee0c-51a9-45da-8c1d-c69d475d7192,290524,2025-11-01,40
922,0e5d2249-1622-421a-bd3d-e6ff8bebfc81,587792,2025-12-06,102
923,b49976f2-c2c1-461c-8e11-6b462e95f981,1452,2025-09-11,157
924,fb8a0d7e-a982-4c18-827c-a23c6d6fea58,423108,2025-12-06,65
925,a51687d0-72ed-403e-8990-fb75c83e5d86,718930,2025-07-26,112
926,5d1422bc-90fa-402a-8078-442b29dedc91,4232,2025-09-14,25
927,cf146adf-d11c-4480-a80e-012e2a707dfb,1450599,2025-12-06,97
928,b97fb9d1-f136-42c3-b4df-e9a72e738a3f,115,2025-10-30,110
929,51095d93-040a-4746-b0a2-08f1c1c42843,22832,2025-11-20,103
930,c14b8e22-eea9-4e52-a71a-518919d21fec,1516391,2025-10-05,149
931,5c03e14a-8db2-460b-a410-8a560d1e2e69,38575,2025-08-24,27
932,a44f4b9a-7bae-4f83-b931-355ec2949b56,383498,2025-08-23,177
933,bca205ea-a4ea-4cda-be60-9d8d12b64879,1402,2025-09-16,107
934,6efe0a90-ef32-4343-89a0-b4e5936f6b12,1314754,2025-09-30,116
935,f3cac9ce-9c86-44b2-97c1-cd24ad1eff3c,615665,2025-08-30,138
936,cf6cd2b5-af52-4a5e-acbd-f710a598400f,1237082,2025-07-31,142
937,aaea7e12-cd98-4b59-8e17-67a25a8c0f50,49292,2025-12-22,117
938,fd23fe82-bd97-422a-a55b-a4cd91200f0d,30484,2025-08-29,75
939,725a28ee-a635-45d3-b8c1-860bdcc41dec,51482,2025-12-11,115
940,3788ef6a-f4d7-4de9-8cc0-b8632a5786f8,481871,2025-10-19,57
941,31f9fba4-2204-44b3-93de-d5014b099d3e,1022796,2025-08-05,74
942,febf5be7-a6ce-406d-a87e-ea26b8c692c2,62177,2025-07-22,174
943,664cf432-a9e0-428e-9eb2-0829a7aea614,37724,2025-09-19,121
944,09a36ef1-0cf3-4545-8190-f4353042e29b,1452,2025-09-12,90
945,b515dd81-4f3f-4fca-a793-9620b9b9fb2d,8584,2025-11-22,131
946,73668b35-175c-4023-9995-f8da68321d82,1203097,2025-08-04,73
947,988d7a65-be01-4b3d-95c1-05b237a93b29,585511,2025-08-20,132
948,43cf9de1-5770-4b66-9712-d425b4709be6,261037,2025-12-07,106
949,4a1f1387-0f79-4977-8dbb-cee071011ccb,15934,2025-08-06,112
950,4df9ce2e-f067-4cfc-816c-5e1cd7b5283d,615,2025-07-28,75
951,2becc8b6-353a-45ee-af5c-623a0245f6b5,87101,2025-08-07,61
952,7fa09db7-94a0-4c89-af65-8ec41462cdce,268920,2025-08-23,27
953,96b08fcc-29a9-48e2-85f3-0980aca12cf1,13394,2025-12-23,29
954,8571e9e6-abf8-4afa-a3ee-a7940d181f55,5174,2025-12-08,105
955,41ff44a0-b1f0-4123-bb23-012d72187caa,10066,2025-11-10,40
956,3677f1ff-c74b-4c2d-9833-0c1ccaa2a34a,1262386,2025-10-05,120
957,6eb2a2c8-b070-4ea4-a1c7-8e66f89eefca,508883,2025-09-04,80
958,e65c718b-d281-42d4-abfd-6187873e3113,508883,2025-07-23,116
959,0aa16452-2af3-4d66-8cad-e898d6f63d00,762441,2025-11-14,69
960,7c9838dc-bba7-4fc8-9eb0-83735bb51d3b,1262386,2025-07-13,26
961,5b42cb33-faa0-47d1-a223-e0f88a651658,36586,2025-11-06,152
962,f00c803c-b55f-49c4-a580-0f359621622f,508943,2025-07-08,36
963,1759b881-730d-4c80-9d31-d46f70ae2931,12230,2025-09-18,172
964,1f150b08-79f8-4f7c-9ab7-c6d9b3bd6c74,11688,2025-11-23,33
965,e9aa2688-c55a-4bf8-868e-e1af5b855e04,9902,2025-08-06,134
966,49ee6bbb-fa3f-419e-be8f-e1b1885c7fd7,1813,2025-12-14,109
967,6cac35b7-db4c-4611-a950-5fbd3db0b5cf,842924,2025-09-09,126
968,aee1d440-1645-4a02-b07c-89a9c01601fd,11667,2025-11-24,105
969,077dbbea-c5b1-4256-8565-670c5adf091c,12503,2025-09-03,62
970,ab150b6c-418d-4f95-ae90-672a76657320,1289888,2025-12-10,26
971,43f70f41-c493-4f24-b6a4-8e9527d473dc,654028,2025-08-04,73
972,c2ffdd21-f266-4554-ab0e-3a3b1293dc8f,6114,2025-08-22,76
973,725ae064-3ca7-4294-95d6-4e4653ac35db,128,2025-12-25,143
974,8bc65d91-169a-40ef-a24d-1c3cac16e684,93456,2025-10-15,32
975,667fd48d-b437-400e-b000-41b900c53721,9398,2025-07-11,171
976,ef2d242a-72c9-48a6-af3b-d1903cbf797e,1450599,2025-07-24,168
977,d477c770-4a9a-4f92-8b0c-7f01a7c76e93,4584,2025-08-01,171
978,2aa85431-b326-45cc-b7a0-4c33e54441ad,501007,2025-12-01,178
979,ea281f8a-2887-495e-83e0-d06092089816,72190,2025-09-12,154
980,913f1264-160c-49a6-b290-61f18089f72f,19595,2025-07-02,54
981,9f48c09b-409c-45a8-a043-60ca064d28ad,41727,2025-07-13,28
982,3f682e65-1fb9-41b4-ba2c-9aac5b4f819d,615656,2025-08-31,175
983,c09dd92b-e2e3-4428-bf60-faf22f10ffb8,181812,2025-10-26,180
984,74eb5517-7395-4e18-81cc-a51fa36dc992,399579,2025-10-08,91
985,1ed39093-731c-489a-b276-0871799c0fc7,51482,2025-12-04,140
986,cfabf448-9b42-4e26-aaa9-2c58323c012b,1277988,2025-08-04,74
987,87663c75-f0c0-4449-b7af-15a80ba263a9,11011,2025-09-01,162
988,d94786ed-1a2d-4000-bdf9-cf4eb4bf0db7,8077,2025-09-03,153
989,bf35c774-0e79-40d3-b57f-64fefc446174,373571,2025-08-21,79
990,9e45a4ff-d391-439d-ae14-b6ae48177692,419430,2025-10-02,162
991,78eee84e-085f-40f1-8ff6-bd49cf08095c,11448,2025-08-23,35
992,76e2f584-598b-4632-a434-18224e385d0a,353081,2025-10-04,62
993,a514b66a-df7c-47bd-a120-14d63c1bcc31,873967,2025-12-17,91
994,07fbfe20-7ce6-4dfa-92f0-3f9ce2b68550,27860,2025-07-26,178
995,a514b66a-df7c-47bd-a120-14d63c1bcc31,9655,2025-09-24,47
996,ac8dd9f7-0eb8-4698-b6e9-fbd52e44b146,447277,2025-10-11,113
997,7c9838dc-bba7-4fc8-9eb0-83735bb51d3b,21407,2025-07-07,109
998,5812dde3-5e0c-4c8c-98ab-ff5a27b64894,11688,2025-11-24,20
999,1759b881-730d-4c80-9d31-d46f70ae2931,13161,2025-11-24,121
1000,913f1264-160c-49a6-b290-61f18089f72f,384018,2025-09-07,87
1001,a44f4b9a-7bae-4f83-b931-355ec2949b56,621,2025-11-30,69
1002,664cf432-a9e0-428e-9eb2-0829a7aea614,28,2025-11-29,68
1003,52594a2d-a241-4c5b-ae7b-ad7516dd985b,4553,2025-08-30,136
1004,30e6cf48-6f24-4d17-98a3-8d425248183c,1443260,2025-08-02,155
1005,e22543b2-831d-44f2-b205-f731a19301ad,49521,2025-09-19,145
1006,7a731783-ce44-4505-a364-7fa4bf7093d1,882569,2025-07-07,90
1007,be81303c-7681-4619-891e-f0f7dde6df68,10730,2025-07-26,78
1008,aecf09e6-9c2f-498b-b9ad-7a32bfe6d5d1,11635,2025-10-22,132
1009,cd9fc500-4bea-49ef-bb83-726abfeccd29,14243,2025-12-07,169
1010,eb5e8102-a9e3-4717-bc72-a86ac96efb9c,1400382,2025-12-18,68
1011,6077301b-c64f-4d97-a207-fa80d68dce98,1254808,2025-08-14,179
1012,436700b7-bc02-48b0-b30c-16122cc400a4,675353,2025-11-22,55
1013,e6dca766-9468-4275-8c6a-036a63510bc8,11852,2025-12-05,178
1014,51e43bb9-fb7d-4ef3-b2c8-587055161741,10476,2025-11-02,124
1015,bbdc742b-4e42-48fa-8b6a-d0c4608fac09,602211,2025-09-04,149
1016,5aadbce8-81ed-40f6-9cbc-a04345dbee5e,4247,2025-11-24,100
1017,6305c1b4-a7b7-4c2c-8010-cdf91b5f51ee,458220,2025-10-26,82
1018,aaa90d79-fd38-47cb-86c8-a73d6faae3d9,371895,2025-12-09,173
1019,ba1d8c4d-1e8f-4666-8a6a-3ef44d0d5a2e,11635,2025-08-07,26
1020,74146a7d-7b1b-4f70-a9e7-8777ea0bc3f7,462181,2025-08-25,145
1021,f6909542-d106-4655-aaf6-b8900494e157,59053,2025-09-11,77
1022,f6909542-d106-4655-aaf6-b8900494e157,6844,2025-12-19,160
1023,e0712afd-3281-4489-a460-605c4861b622,425980,2025-08-03,173
1024,0b207250-9091-4bad-a216-6b75b0ee201b,969492,2025-08-06,157
1025,b1ef7426-2f7f-44cb-8340-fb78bf071c5f,13187,2025-12-21,112
1026,b61f6abd-656a-4c2c-a3e5-30424d17a994,966,2025-09-14,147
1027,5462cc47-d695-4b83-981d-a9ea9641fa70,281957,2025-11-02,67
1028,9c032a7e-56c8-4e4f-b494-f5c36c29a522,302946,2025-07-04,161
1029,ef30cb66-f029-4923-85a5-173ba007a5fa,9074,2025-07-27,100
1030,c129e1ee-e093-4e9e-b474-021e61e48054,567811,2025-09-13,159
1031,4c39b976-d2e2-4c2f-a9c9-6f2a48d40476,14243,2025-09-29,96
1032,8df60fb7-3db8-4371-add2-4476b4fb8402,335977,2025-08-08,58
1033,93817034-ecba-43c5-b4ab-f71f19b41d28,15566,2025-08-28,109
1034,ee42d97b-1dae-423e-a19c-95138fdf7c1d,102899,2025-10-01,99
1035,dfb1ea22-0978-4c90-91d5-499756e09986,138103,2025-09-27,42
1036,a657932f-f61b-4575-bde2-12e451e94870,5925,2025-08-12,60
1037,cee8bd05-eb61-4fd3-9484-ce6d7c6fc1b9,859,2025-07-08,141
1038,684a11b2-c32c-4197-88de-19aa7d82fb9f,335797,2025-10-24,145
1039,2e853b27-362b-4b9f-86a5-6335f85f50a1,37724,2025-08-25,107
1040,b5179d03-346a-4b9e-8942-d41809262852,1277988,2025-08-07,173
1041,8ff2dc4b-dca7-4e8b-b1a5-7522ae380452,1262815,2025-09-22,46
1042,fa3963ff-26cf-4748-b7c3-029a304e0924,19595,2025-10-05,152
1043,e65c718b-d281-42d4-abfd-6187873e3113,612503,2025-11-23,119
1044,ccc5651f-aef6-4d3d-8a5d-5b36966a90ac,12222,2025-10-19,177
1045,f034ac9a-eb5a-49e4-8f6b-34d387a97a29,1091,2025-10-23,100
1046,94b9a940-4a13-4b71-bb13-e5753c57fb56,37799,2025-11-06,103
1047,0bab32a5-b655-4c16-bfdf-b0b224b641cb,360784,2025-08-26,77
1048,b7aefdb3-3db6-4680-bee8-336a90d720c0,2251,2025-11-15,81
1049,41ff44a0-b1f0-4123-bb23-012d72187caa,101299,2025-07-31,76
1050,c09dd92b-e2e3-4428-bf60-faf22f10ffb8,13767,2025-07-23,50
1051,148598b8-b292-4508-90fb-07e25bae90bb,138103,2025-08-18,34
1052,41a187e4-08aa-49fe-855a-e6c5fd30c0f9,882569,2025-11-30,44
1053,68d4302b-c2c8-48c3-b0c6-18f73cef8af0,1405338,2025-09-06,124
1054,0aab7032-edbb-49f7-a8a2-6176f04572cb,1315303,2025-07-31,25
1055,50b7059e-3aab-4a4a-8b34-6625521d38b0,873967,2025-08-13,145
1056,07fbfe20-7ce6-4dfa-92f0-3f9ce2b68550,2046,2025-08-18,118
1057,c2a5932f-c721-4807-8a4a-32f250a33192,433,2025-11-14,171
1058,cc979393-dbc5-494b-9a95-d7d179bd12d3,1126336,2025-09-30,60
1059,1e9168b0-14a6-4022-8817-fdd3514e04a4,615,2025-10-29,136
1060,743a8e62-5d9f-4cd5-a201-a6df47c72a48,438148,2025-08-17,58
1061,b8c85d8c-4c6c-42e7-9f3f-04c4c2a5a77c,602211,2025-07-06,160
1062,63b15202-ff7b-4e66-8a61-cfe64abb34c1,5528,2025-11-18,167
1063,ebc72bf3-d503-4353-8358-43bfd90e1999,458220,2025-12-15,120
1064,86845847-d856-4803-86a4-ae050c8d643f,689679,2025-12-10,44
1065,d0ecd190-eac8-446a-8150-2c0815150f70,310097,2025-12-13,122
1066,33633fa1-2f99-4e5d-93ab-768d7408ddc8,557946,2025-12-08,84
1067,a7b3299d-5c26-4e51-90ae-ee081273a22c,665,2025-11-07,173
1068,40887bd5-dfbb-443d-93fc-a51c9fcad681,63755,2025-07-31,34
1069,c30a62e9-a0d1-4565-a2ae-366348aed80f,1233066,2025-10-06,20
1070,b58363f2-2a53-4029-b5ed-d85a8a2947ff,812,2025-12-21,81
1071,e96c766f-cd32-4864-96d3-5c2f5011569f,604,2025-10-08,89
1072,5d9ab00c-79dc-43f4-b7c6-cf1221f911e1,604,2025-08-05,24
1073,5cc548e2-7b56-4817-8685-4c09419de3a3,760104,2025-09-18,118
1074,62be773e-83f9-4460-b837-3df802affc3d,1135303,2025-07-01,45
1075,5c349c3a-f7c3-472c-b472-1d61b941a844,615665,2025-08-12,28
1076,0904d691-244a-4745-a77d-3baaff5f6f3c,353081,2025-11-16,179
1077,e6f2711e-cb84-4279-b2af-43d5a12be9b8,122906,2025-12-05,142
1078,cfabf448-9b42-4e26-aaa9-2c58323c012b,51482,2025-12-17,74
1079,98eae76e-7395-450d-93cb-5c7db8d640b6,358895,2025-08-18,50
1080,a44f4b9a-7bae-4f83-b931-355ec2949b56,930094,2025-12-19,22
1081,b83e579f-0c2e-4cbd-a68b-ca14954f888e,37724,2025-09-12,84
1082,4d8f0c85-5edc-4d7b-94fc-24e401a1702e,10527,2025-10-25,90
1083,cf6cd2b5-af52-4a5e-acbd-f710a598400f,629542,2025-12-16,85
1084,d97e6262-2dd6-4c64-b1b1-6886f932b218,4951,2025-07-08,119
1085,d02a73a8-8ed9-4ae4-9740-fe021e979dc5,9655,2025-12-19,87
1086,e585efeb-e50e-4d25-bb79-2988e3ea31dd,11459,2025-12-14,102
1087,8446a099-370f-4890-9202-5802b661fc6f,1062807,2025-12-08,116
1088,d477c770-4a9a-4f92-8b0c-7f01a7c76e93,11688,2025-09-21,83
1089,cd8bf46a-e047-4c4a-930a-b7b5a712c223,214756,2025-08-04,111
1090,21f61cb1-11bd-46a0-b8cf-a2cab6e4cd5e,62835,2025-08-08,113
1091,a6f194f7-c793-4ef3-b2ae-2ad36f9caed4,926393,2025-08-30,35
1092,9abe664f-de5f-4b6b-b9bc-ce1d227c0372,269495,2025-12-19,46
1093,708ade3c-9d4b-4620-8df5-760c038ac39c,985939,2025-09-15,128
1094,8d070a96-dde4-407d-a3cd-456862e11001,1314754,2025-07-12,33
1095,b7aefdb3-3db6-4680-bee8-336a90d720c0,1405338,2025-07-20,141
1096,e65c718b-d281-42d4-abfd-6187873e3113,337404,2025-07-17,80
1097,9289c115-63f3-41e1-a295-3e61034da2fe,291870,2025-07-23,150
1098,8141fcb1-9315-42fb-96cd-ba1243befaa7,2056,2025-09-13,89
1099,36938d15-0f49-4b57-8d54-a7e4b617f070,62177,2025-07-03,84
1100,eba0bf41-3a43-4055-bf4f-1c09128a8066,1441,2025-11-12,91
1101,b68b585c-7eb7-4193-850c-543534e0f892,520318,2025-11-22,104
1102,72a16f39-7d57-4f71-812e-445462fbfb06,1323475,2025-08-04,121
1103,a683c5ac-78ae-482f-b842-ee9ca33616c0,38575,2025-09-29,124
1104,76e0df68-04b3-4f8d-b17a-386c250fbd19,859,2025-08-13,102
1105,86f97b96-adf3-4c00-8a19-31287527ee94,37724,2025-11-25,110
1106,eba0bf41-3a43-4055-bf4f-1c09128a8066,550988,2025-11-30,75
1107,34cab079-0f63-4a2c-ac58-3da4cc2d9ec9,170,2025-12-27,124
1108,f7380deb-508d-4900-90ef-85acb8bcb848,6980,2025-08-15,96
1109,b68b585c-7eb7-4193-850c-543534e0f892,458220,2025-12-12,124
1110,58c12f44-dc5a-4075-9611-e635eba1b18b,1585476,2025-12-21,65
1111,7dbe788c-5f4f-4176-a261-879f2d75cd09,1246369,2025-11-20,178
1112,8576d1e4-dc2a-4029-80cd-6b29334849c3,259693,2025-10-23,52
1113,6413c11d-e235-4a12-9bf7-5d5f4d4c4893,268920,2025-07-06,136
1114,619782e9-2fd1-4b29-af7d-3e3fae62abd6,81530,2025-09-19,90
1115,e1be7db6-52e8-4ffe-941c-e5462a70a35a,985932,2025-10-15,107
1116,5f048acb-9da1-4ed4-a9a0-44331bf7427c,260362,2025-12-09,107
1117,aa225c85-c990-42f6-9bf1-f3d23944ec8e,408567,2025-09-25,144
1118,8fba9e83-054a-4413-a0aa-1a33b83c3a89,8392,2025-09-23,72
1119,ee42d97b-1dae-423e-a19c-95138fdf7c1d,299054,2025-08-28,144
1120,0a599003-ed7a-480f-b6de-ff8a6aded886,15167,2025-08-12,30
1121,72374e9a-cb43-41b5-9d0d-41b19ddfd21d,70981,2025-07-16,63
1122,5f048acb-9da1-4ed4-a9a0-44331bf7427c,567811,2025-09-12,93
1123,4114d2c2-2c41-4d0b-a4e0-a2772e87ba1f,117263,2025-08-06,20
1124,dffe11c5-9551-40f8-aaa3-bfe64b4e3f1b,439079,2025-12-21,44
1125,13a84090-5604-4025-96cf-e21388c1f2cf,770,2025-09-16,54
1126,ac68f654-e803-4d3d-b9bf-683e3a61c274,1452,2025-10-19,31
1127,cab4dd19-3c8e-4991-be58-58956db30099,339403,2025-10-24,20
1128,321a70fb-3825-4a76-9274-cec2da92cd92,21778,2025-12-26,166
1129,28d90413-9c2e-4b62-a670-7614271fc43e,9072,2025-09-24,69
1130,6cac35b7-db4c-4611-a950-5fbd3db0b5cf,36225,2025-08-20,65
1131,15647947-ea55-46ff-892b-24130fda1edc,966,2025-12-24,102
1132,aa225c85-c990-42f6-9bf1-f3d23944ec8e,13962,2025-07-23,91
1133,72f9cbc8-1508-47e5-a5b8-e19e461248bc,18240,2025-07-02,173
1134,fdf24ab1-9a8c-4618-83f8-2e40a3e50985,472815,2025-12-06,144
1135,8446a099-370f-4890-9202-5802b661fc6f,146451,2025-11-03,152
1136,443cde91-77bb-4b88-adaa-89eddb601953,284053,2025-09-07,123
1137,667fd48d-b437-400e-b000-41b900c53721,770,2025-08-15,25
1138,eb5e8102-a9e3-4717-bc72-a86ac96efb9c,383498,2025-07-16,78
1139,f6b55005-8528-4f8f-b506-82bba496babb,1571470,2025-08-23,95
1140,58e69bed-d14e-40cc-9311-70b31583dc1a,666154,2025-10-18,73
1141,e4536178-a667-42f3-87b2-d8936450b32b,37724,2025-08-18,147
1142,76e0df68-04b3-4f8d-b17a-386c250fbd19,1235746,2025-08-31,165
1143,9cbb8574-5926-4a0b-8f97-623b420ff365,698687,2025-09-20,150
1144,438ca78a-a72d-496c-84e9-1ddb70bcc1d6,1284460,2025-12-06,84
1145,3580687d-c426-407d-a3d6-14eb594796de,404180,2025-07-02,179
1146,900f3414-c79f-4aff-8ee8-cf712ee5b2d3,335977,2025-11-18,68
1147,41ff44a0-b1f0-4123-bb23-012d72187caa,381288,2025-07-23,87
1148,58193e55-c9cf-4aef-af73-35fac36da65f,34806,2025-10-14,22
1149,7887b184-c558-41c4-8c46-7f627ed758f7,1248868,2025-08-25,24
1150,2e954abc-6a22-4235-b65e-047a454c9bb4,74997,2025-12-17,89
1151,89e13d17-3ad0-4ae9-80f5-e91d26ed01e5,698508,2025-12-10,35
1152,c7b497f8-de4b-40a5-979b-740175c92595,1354627,2025-09-16,171
1153,86c17be4-def3-42cc-b488-8c9471f8604d,10764,2025-09-30,65
1154,0f46e8ec-5d89-4ae6-b475-2d8866d2aa60,695721,2025-11-03,177
1155,7b862d59-859e-4bd9-a9b5-10990e150477,1452,2025-12-04,174
1156,93e247d0-f966-446a-ba32-395f310e7c0a,290524,2025-12-02,61
1157,de1f36da-403e-4203-a456-9a2f66be660f,311,2025-09-18,111
1158,2e853b27-362b-4b9f-86a5-6335f85f50a1,10674,2025-07-09,147
1159,71fff63e-f111-4942-9c0d-90247e4ebd8b,1252037,2025-12-19,149
1160,b7e4fa7b-984d-455f-bcce-b60c23e09452,36586,2025-07-19,161
1161,2ae57ae7-a01a-4eba-ab22-6ae76e9a9a30,138103,2025-11-01,37
1162,6fb4593c-11d7-4f53-9731-c9bbbf665c91,592695,2025-12-12,127
1163,e7f989b1-2180-4498-9688-605c257df79e,10066,2025-08-14,83
1164,b6327d26-aa1d-4aff-befc-18b5c49c6cd4,2105,2025-09-20,25
1165,d7441a98-caf5-451b-acc7-ec0975017be5,706503,2025-08-01,93
1166,4559d6b8-f5f6-44f1-971d-9881e0706509,41003,2025-10-12,148
1167,f272ea17-6e8a-484e-bb74-60f0fb68d2d8,420818,2025-08-03,75
1168,e5ba7406-2a55-40e0-bb8c-ad19b6177626,19595,2025-08-01,66
1169,5cc548e2-7b56-4817-8685-4c09419de3a3,57212,2025-11-01,137
1170,57ad21f9-cef2-468b-933d-ff4bda36491d,261037,2025-12-28,105
1171,0f745d39-f5f3-4bc8-b6bf-850d3e4c4cdf,811941,2025-11-30,175
1172,0a599003-ed7a-480f-b6de-ff8a6aded886,335797,2025-07-20,77
1173,f24dfdfd-6cbf-4337-a145-125eb3e6d076,38234,2025-12-13,106
1174,9d72e9cd-81cf-4423-81dc-74bc213a2eaa,438148,2025-10-13,156
1175,15962aea-a3f4-4731-8b6a-b369a09e5ba2,508943,2025-08-19,99
1176,2376579e-33b1-4bfb-ab43-5899ab340a9c,454626,2025-07-03,37
1177,6fb4593c-11d7-4f53-9731-c9bbbf665c91,813762,2025-09-16,38
1178,a51687d0-72ed-403e-8990-fb75c83e5d86,1086910,2025-11-01,100
1179,619782e9-2fd1-4b29-af7d-3e3fae62abd6,1248868,2025-08-19,143
1180,73668b35-175c-4023-9995-f8da68321d82,510,2025-09-22,40
1181,8930fe33-b16b-47d5-b663-2d18ff807a8f,296065,2025-12-25,176
1182,b86938ed-ad03-4ce2-9e19-6c176887270b,87,2025-10-22,108
1183,76e2f584-598b-4632-a434-18224e385d0a,615321,2025-08-29,145
1184,3f682e65-1fb9-41b4-ba2c-9aac5b4f819d,290524,2025-07-06,163
1185,43f6fb81-5043-4774-96f0-a17833f1a0bd,116613,2025-11-08,148
1186,deb28a0e-06f4-47cf-a41a-52a9e0ae300e,698687,2025-07-12,125
1187,86e60679-2c27-44e8-a6b2-fea8d740a0a6,567811,2025-08-09,116
1188,74146a7d-7b1b-4f70-a9e7-8777ea0bc3f7,20453,2025-08-18,26
1189,261c3d2d-f8be-4fe2-8208-56ff1b68e30c,1159831,2025-11-03,121
1190,fa9099f4-80f2-468c-bbb3-b846e1fc19ff,46581,2025-10-25,162
1191,9df3a0e7-eebc-4ee9-924c-bb214ea1dd34,530915,2025-07-27,58
1192,a7b3299d-5c26-4e51-90ae-ee081273a22c,274857,2025-12-13,31
1193,45f0d11f-bb3a-4b6d-b4ea-ba6ca3c54808,1262815,2025-07-26,55
1194,36938d15-0f49-4b57-8d54-a7e4b617f070,8920,2025-09-04,89
1195,e22543b2-831d-44f2-b205-f731a19301ad,259693,2025-12-14,154
1196,f7a217c9-d6fe-4806-835f-d745b1ac6693,1151334,2025-07-24,42
1197,d1df85f9-ed4f-4513-8399-192775604e21,10193,2025-07-09,132
1198,fe1a6a31-2146-4839-9fc5-dee8c409774f,616,2025-07-08,123
1199,9e45a4ff-d391-439d-ae14-b6ae48177692,35712,2025-12-23,31
1200,cc8206ca-de1c-4fb5-a8dd-d338c7aee6ce,12193,2025-11-06,56
1201,58c12f44-dc5a-4075-9611-e635eba1b18b,335797,2025-09-17,154
1202,3f682e65-1fb9-41b4-ba2c-9aac5b4f819d,45243,2025-07-29,160
1203,ba886680-2694-46a1-a1c6-b8448a3a770e,976893,2025-12-27,103
1204,758bb4db-87ca-4cb7-a944-0540570f48dd,49529,2025-12-25,73
1205,9b689544-10ce-4bf1-afd4-3fcfac48fdde,19904,2025-07-04,25
1206,ba9fb4fc-584d-4c7e-83d7-3362225c3374,15167,2025-09-30,141
1207,54d375ba-c40c-49bd-8e2e-cf834a61d0b2,15472,2025-07-10,30
1208,03588b45-196c-490e-870c-da0b4841a533,1086910,2025-09-07,165
1209,24df3469-e9f5-4c7f-bda4-6f9a5f650e70,8835,2025-09-10,59
1210,84d6fe5b-a2ed-4b48-abd3-587916902904,773,2025-10-01,136
1211,9df3a0e7-eebc-4ee9-924c-bb214ea1dd34,11635,2025-12-06,57
1212,3ca07cea-a0d9-4330-aecb-d3b2d0839132,290524,2025-12-05,60
1213,eb0669d5-ee84-4d8f-9337-c1aa420b0d0d,57158,2025-09-06,51
1214,9048c7a0-f60d-480c-8e34-474df3bd77ed,226074,2025-10-05,128
1215,c895405a-2e9c-4822-b584-b3de478f7d10,63755,2025-11-23,151
1216,3b6b297b-c1b1-443f-ab1e-6bc7fb839340,1516391,2025-12-11,173
1217,a82fd124-0eb7-4c2d-a0e5-fca258aea086,87,2025-08-16,32
1218,9d72e9cd-81cf-4423-81dc-74bc213a2eaa,514847,2025-09-18,159
1219,58b95646-2e18-402e-9ee5-38d017c854ab,1277988,2025-07-23,141
1220,5c7f78de-9d5b-46ca-9070-4d657a639ed8,79871,2025-09-05,172
1221,cab9a766-9386-4c2b-b9b0-2a7c19646367,77412,2025-07-17,29
1222,0b8fd83c-6beb-4616-9ab5-af07da43ed9a,1237082,2025-07-05,46
1223,bfc8bd08-34fe-49ef-9089-d320d17dfb98,1271,2025-11-21,133
1224,84d6fe5b-a2ed-4b48-abd3-587916902904,296065,2025-10-20,145
1225,5b0c1138-7ba1-4af6-b300-6282e8a84970,70981,2025-07-30,152
1226,6b56f51a-f97f-421f-ac36-7251d27e07b9,950,2025-08-14,159
1227,805594a4-9409-49f4-9808-5f693be0c5fd,17379,2025-12-20,103
1228,86f97b96-adf3-4c00-8a19-31287527ee94,926606,2025-09-18,130
1229,6726cae1-f755-4bf2-aa82-b74fb4eb97e8,11544,2025-07-13,134
1230,4cdb55e5-2777-48e2-aac3-7f998e1e3471,37724,2025-10-24,28
1231,c951ca08-0a63-4941-b66f-287dc46ace43,137113,2025-08-30,166
1232,2eb9baf4-2daf-4dfd-a62f-553ee5fdec91,338953,2025-09-23,55
1233,de1f36da-403e-4203-a456-9a2f66be660f,364,2025-12-27,160
1234,3adc5b73-9e7a-465e-8b00-23440fc1f972,545611,2025-08-17,112
1235,d7477a8d-78f3-413e-9582-fe1c3fd29878,82690,2025-11-16,61
1236,02973406-1825-4588-b12a-e2117bf039dd,1083968,2025-11-02,84
1237,6077301b-c64f-4d97-a207-fa80d68dce98,1022690,2025-07-28,30
1238,c30a62e9-a0d1-4565-a2ae-366348aed80f,34806,2025-08-05,83
1239,98eae76e-7395-450d-93cb-5c7db8d640b6,110143,2025-11-11,126
1240,2e71698b-2863-4a75-9f67-3426acd05d95,265195,2025-08-10,134
1241,ef4483fa-2ac0-43d5-ab42-2894b90d6404,1246369,2025-11-13,68
1242,fb8a0d7e-a982-4c18-827c-a23c6d6fea58,629542,2025-07-16,61
1243,f2cbf7d3-996e-4077-8bf3-b0f47988f479,284053,2025-12-01,165
1244,142de1b1-ef63-43a6-b7cb-4188e9df1164,1571470,2025-07-12,141
1245,8e8ef9d3-5412-47a0-aa24-5da6480fe40d,11970,2025-08-23,30
1246,cab4dd19-3c8e-4991-be58-58956db30099,38234,2025-07-20,155
1247,57162c52-539d-4f0a-8696-b8f55f83f51e,8584,2025-07-04,65
1248,e5ba7406-2a55-40e0-bb8c-ad19b6177626,985932,2025-11-24,151
1249,e9e7f783-9f48-4142-b951-10830f0b4b65,1083968,2025-11-25,66
1250,3cd3798a-ef89-4d3b-b784-567f514279d9,1422,2025-10-15,156
1251,d7441a98-caf5-451b-acc7-ec0975017be5,14926,2025-09-11,154
1252,4c39b976-d2e2-4c2f-a9c9-6f2a48d40476,514847,2025-08-27,125
1253,d065789f-6b49-4d8e-ba0a-20100068c707,364,2025-10-31,43
1254,cab9a766-9386-4c2b-b9b0-2a7c19646367,624860,2025-10-18,67
1255,76e2f584-598b-4632-a434-18224e385d0a,592695,2025-08-28,130
1256,76e2f584-598b-4632-a434-18224e385d0a,587792,2025-08-13,37
1257,fe1a6a31-2146-4839-9fc5-dee8c409774f,454527,2025-07-28,178
1258,0ec61972-52c1-4134-a91a-964a236ca2d3,308403,2025-11-03,74
1259,6fb4593c-11d7-4f53-9731-c9bbbf665c91,1284460,2025-09-05,56
1260,6159e61a-b3bc-45d8-9e07-9d7dc2943d42,843527,2025-10-05,94
1261,6d986333-975d-4c81-b018-1c81527875f9,14243,2025-10-06,69
1262,43fee15d-4260-454d-9628-0d4ad74fdb9e,1262815,2025-10-09,133
1263,53599c51-ba17-4f94-b0d4-94011d2ba9d2,930094,2025-12-12,128
1264,08b2f03e-6960-43e0-a544-9025256ed5be,400535,2025-07-10,139
1265,dee7ddb8-453b-49f0-9c53-060160ca09b6,1108427,2025-08-24,54
1266,1759b881-730d-4c80-9d31-d46f70ae2931,1086910,2025-11-19,77
1267,9a58a974-7b09-4723-81b2-d0af95ceebd9,624860,2025-08-27,116
1268,29ffb15a-d444-4e07-9fbc-4bd7eafdd012,1400382,2025-11-17,115
1269,74146a7d-7b1b-4f70-a9e7-8777ea0bc3f7,672515,2025-08-30,23
1270,38775b0d-897b-4a65-ba31-0a1d27ca8155,1235746,2025-12-02,125
1271,d97e6262-2dd6-4c64-b1b1-6886f932b218,1233575,2025-09-06,170
1272,43f70f41-c493-4f24-b6a4-8e9527d473dc,1181701,2025-08-29,24
1273,bcd5528f-a7ba-43bf-9c74-b9c118e568bf,617,2025-07-26,57
1274,b1ef7426-2f7f-44cb-8340-fb78bf071c5f,4951,2025-08-20,141
1275,f52cae74-5e26-4f54-baab-0638291af8c8,297,2025-09-27,143
1276,8bb5e037-3778-4365-8dc1-f37fbb7669c3,770,2025-08-25,170
1277,bf35c774-0e79-40d3-b57f-64fefc446174,11528,2025-08-08,46
1278,708ade3c-9d4b-4620-8df5-760c038ac39c,109418,2025-10-04,135
1279,93817034-ecba-43c5-b4ab-f71f19b41d28,128,2025-08-14,136
1280,ef30cb66-f029-4923-85a5-173ba007a5fa,530915,2025-07-30,180
1281,b0eb32ff-2ac9-4c77-b0ad-ae7714d4a5e6,14243,2025-07-30,156
1282,a6f194f7-c793-4ef3-b2ae-2ad36f9caed4,353081,2025-10-13,179
1283,645300c8-eda1-4b9f-9fe5-bb0f0a681b60,245891,2025-07-12,86
1284,1ed39093-731c-489a-b276-0871799c0fc7,843527,2025-08-12,112
1285,a0e156d7-648a-460c-9f8b-fdf70a185416,689679,2025-08-21,79
1286,b0eb32ff-2ac9-4c77-b0ad-ae7714d4a5e6,1248868,2025-09-13,26
1287,261c3d2d-f8be-4fe2-8208-56ff1b68e30c,1311844,2025-09-14,138
1288,2d954285-5539-425b-b340-93360cab8245,271116,2025-07-18,154
1289,0f46e718-63c3-41bf-96a6-8142118e07d6,564149,2025-10-08,111
1290,41a187e4-08aa-49fe-855a-e6c5fd30c0f9,146451,2025-08-20,24
1291,2b24b2c3-b4b0-4d88-8503-c4d5c8f1b9b6,20526,2025-07-25,48
1292,727aac42-45e6-42d3-99e5-f40c81147e60,64688,2025-10-02,81
1293,236f82b9-5d16-4d24-9e1c-2b475467eddc,588228,2025-12-09,64
1294,3aa29a59-34b7-4546-b1bc-2fb7b6f0d7b9,38700,2025-08-10,34
1295,cd9da5cf-7e5c-456e-830f-9541edb5a533,9820,2025-10-30,108
1296,e65c718b-d281-42d4-abfd-6187873e3113,1181701,2025-07-12,56
1297,ae8d269e-ec2f-4c21-ae7b-b9d6db214e04,453,2025-10-06,175
1298,c18e2d44-0e25-490f-88fb-4ca6d6c4c18c,1237082,2025-12-24,76
1299,28e07232-d843-410e-8338-c7164c6aa7de,140607,2025-12-22,31
1300,74146a7d-7b1b-4f70-a9e7-8777ea0bc3f7,1291040,2025-11-23,38
1301,0159e530-90cd-41e0-8e13-1023e77410ea,715831,2025-10-12,98
1302,daecd31d-953a-49c8-b25f-04a4b2505d6b,440,2025-08-05,180
1303,b2ad07af-3e67-4fe9-9a49-cce847252c29,419430,2025-11-16,148
1304,9773e882-deee-4217-bf19-774520b7e13c,439079,2025-10-22,159
1305,b42386b2-847f-46db-a42a-d7ad6f2ec042,1352528,2025-10-07,31
1306,5b8017e0-1d55-4de9-bff4-aca1459a221a,59053,2025-11-22,121
1307,e585efeb-e50e-4d25-bb79-2988e3ea31dd,259316,2025-07-29,154
1308,b25e72cb-55a5-4eb6-9ca9-dc85e88673db,120467,2025-10-01,72
1309,0cf02ffb-2c31-425a-bfa2-57709cc228f3,557946,2025-07-02,52
1310,b5179d03-346a-4b9e-8942-d41809262852,360784,2025-09-04,78
1311,df998356-480e-4bea-95dc-97fc06e52350,508947,2025-12-27,25
1312,15776d43-3fb4-4ae1-98ec-11b7e9f66048,1149912,2025-10-18,89
1313,d601efbd-4503-4cba-980a-cede77f16789,9753,2025-08-19,92
1314,506863b8-fe40-4507-b6cf-1a653e9cb4d7,25475,2025-08-02,121
1315,3cec2148-3256-486c-9e5f-17361d15565d,1148713,2025-08-14,52
1316,3fbe16a4-e0fd-4341-96f5-4d35f1b7fd7b,926606,2025-12-28,123
1317,58193e55-c9cf-4aef-af73-35fac36da65f,498888,2025-07-09,35
1318,3788ef6a-f4d7-4de9-8cc0-b8632a5786f8,472815,2025-07-10,82
1319,b68b585c-7eb7-4193-850c-543534e0f892,261905,2025-08-14,129
1320,28d90413-9c2e-4b62-a670-7614271fc43e,384018,2025-12-23,154
1321,3f2576f6-d685-416d-b4a4-ee9ede7aa375,1734,2025-09-07,177
1322,e22543b2-831d-44f2-b205-f731a19301ad,929590,2025-12-03,42
1323,e596017e-0307-429f-b47e-574186bb94da,13161,2025-09-02,157
1324,0ec61972-52c1-4134-a91a-964a236ca2d3,9074,2025-12-03,66
1325,226da684-29b6-4d08-9ad1-8d6e131a03a8,399174,2025-08-26,131
1326,2f8c8bbf-b905-446b-960b-4bfce392dbb9,1400382,2025-11-23,141
1327,8fba9e83-054a-4413-a0aa-1a33b83c3a89,252,2025-07-01,149
1328,3b5ce9c6-34a5-4751-ae06-db90fe89a0bd,10764,2025-12-19,103
1329,5812dde3-5e0c-4c8c-98ab-ff5a27b64894,9074,2025-09-23,175
1330,dafae7d4-ad34-4117-b1ab-ef805ded2bd8,47971,2025-07-29,38
1331,8c83b0b8-a36e-449b-a400-1fb9991754c8,550988,2025-12-03,80
1332,758bb4db-87ca-4cb7-a944-0540570f48dd,228165,2025-10-11,158
1333,9abe664f-de5f-4b6b-b9bc-ce1d227c0372,672515,2025-07-10,45
1334,db0a5d3f-f758-4a62-b481-1826b6d2ceb2,412154,2025-07-24,75
1335,438ca78a-a72d-496c-84e9-1ddb70bcc1d6,7131,2025-11-27,160
1336,7aaaae8e-f237-4c66-a51b-ccc6df676f6e,897160,2025-09-06,47
1337,8b2401aa-7866-4404-8434-ccb7a892e7dc,281957,2025-10-04,48
1338,6296bec1-6737-400e-bf82-084f60245ee8,372921,2025-09-26,148
1339,0c57d864-0f54-4781-9e7f-a16a37129660,14243,2025-11-27,40
1340,6bb2eb77-bd5c-44c2-be2e-f63262d0e0fe,251,2025-12-05,74
1341,e7392a8a-3390-47c6-a1fe-c28ba5474890,1204186,2025-07-30,169
1342,d5cf3ec9-798e-49ff-b290-f84b8ca795ff,64084,2025-07-29,82
1343,77a4268c-ee03-4ee9-8c29-56dbb68ba0b8,93456,2025-11-28,91
1344,8c83b0b8-a36e-449b-a400-1fb9991754c8,339403,2025-07-13,140
1345,037cf4d3-02b3-4e88-8cae-c236c4b79db5,160840,2025-09-06,99
1346,942ee039-2021-42f4-aef6-a52869147880,930094,2025-09-21,43
1347,5c7f78de-9d5b-46ca-9070-4d657a639ed8,458220,2025-12-15,53
1348,1bf74013-9369-4a61-8200-b8c8dc833ae1,250754,2025-10-23,168
1349,664cf432-a9e0-428e-9eb2-0829a7aea614,1311844,2025-08-10,104
1350,d065789f-6b49-4d8e-ba0a-20100068c707,360784,2025-10-23,48
1351,2a8025ef-e4bf-4547-9f3d-4ccaf20a7eea,176,2025-08-03,111
1352,31b0794a-be66-4f38-bc4d-3a5e90685950,122906,2025-08-26,174
1353,31c64b33-54e8-4e33-b180-bba33c24cebb,968051,2025-11-07,127
1354,e7720dc6-cead-4722-a16f-b4e3d2297f3b,412092,2025-11-15,72
1355,a9ea7428-7450-4b01-9977-eb488307d250,10198,2025-10-27,142
1356,42560fdf-ce8f-4d96-8ef7-4585a64d17e9,260362,2025-08-12,149
1357,72a16f39-7d57-4f71-812e-445462fbfb06,1205515,2025-10-05,96
1358,69d4a443-6ccb-45b8-8f24-7ff7aaf08666,7446,2025-11-21,119
1359,15647947-ea55-46ff-892b-24130fda1edc,1452,2025-12-25,111
1360,e7e3aeb9-c194-4532-ba77-6ab2c01e3e76,423108,2025-11-20,102
1361,ea781e18-9b12-46b1-a5d1-ed1151a32b07,1287322,2025-07-20,23
1362,708ade3c-9d4b-4620-8df5-760c038ac39c,1315303,2025-08-15,71
1363,eba0bf41-3a43-4055-bf4f-1c09128a8066,419430,2025-11-29,81
1364,ffa66787-a078-4e8c-95ca-8c1a6a5bf50e,493529,2025-10-06,123
1365,38b3d803-b3f6-42b2-a5c0-7060275e09f2,663712,2025-10-14,134
1366,fde43dfe-2220-4432-bab9-00d3ddb0cc6d,588228,2025-11-28,155
1367,f57f0185-7fb5-4a7c-8a12-582b3c2d41d9,8195,2025-09-07,20
1368,a118172b-e907-4fa4-baa3-6a2c547d7399,372921,2025-09-13,155
1369,0fabe381-ec7b-48a9-9d67-8b0e489095f6,453,2025-10-03,98
1370,8a447214-b40e-4c9d-82ff-c5ae65e12031,1251717,2025-12-05,102
1371,4e096c99-e7ea-4109-86e3-5bb1c0d1f50a,501007,2025-09-15,168
1372,deb28a0e-06f4-47cf-a41a-52a9e0ae300e,2293,2025-10-26,121
1373,a65b3363-83fc-454f-b25e-e67704368dd3,22705,2025-08-04,99
1374,2eb9baf4-2daf-4dfd-a62f-553ee5fdec91,50014,2025-08-15,119
1375,d477c770-4a9a-4f92-8b0c-7f01a7c76e93,9637,2025-12-04,20
1376,6d986333-975d-4c81-b018-1c81527875f9,1206008,2025-11-26,51
1377,58193e55-c9cf-4aef-af73-35fac36da65f,838240,2025-10-09,31
1378,0aa16452-2af3-4d66-8cad-e898d6f63d00,616,2025-09-16,148
1379,708ade3c-9d4b-4620-8df5-760c038ac39c,462181,2025-08-05,161
1380,31f9fba4-2204-44b3-93de-d5014b099d3e,28,2025-09-25,164
1381,4891aa7e-9e41-4b9e-995f-32ea74c5315c,1181701,2025-10-02,21
1382,c951ca08-0a63-4941-b66f-287dc46ace43,6980,2025-07-01,157
1383,ccc5651f-aef6-4d3d-8a5d-5b36966a90ac,9398,2025-11-12,42
1384,436700b7-bc02-48b0-b30c-16122cc400a4,51482,2025-10-22,39
1385,57162c52-539d-4f0a-8696-b8f55f83f51e,49292,2025-07-02,48
1386,a9e0ee0c-51a9-45da-8c1d-c69d475d7192,43347,2025-11-09,64
1387,98f4c2e9-e737-4151-ac50-ad3ce0aac128,250546,2025-11-03,123
1388,730ef8ec-fe4b-431f-a794-f76bb0827e00,51162,2025-09-03,49
1389,9da6443d-6195-48fe-99e5-c79dc4ce1a72,214756,2025-11-22,31
1390,f4bdf0f1-da28-4af1-8f4d-f2822ccd4c14,24886,2025-08-01,153
1391,37949bba-b992-408e-88e3-4316c59c093a,926606,2025-07-11,97
1392,d9e7bc19-f494-46e3-a6d4-d67a77330aa3,412092,2025-10-11,105
1393,c7b497f8-de4b-40a5-979b-740175c92595,792,2025-09-13,133
1394,7cb3a9ec-7bca-4dfe-ba22-57a8e19d374f,420818,2025-12-24,70
1395,404aca9f-38c9-40d0-8094-03481edbcd81,1088166,2025-08-05,36
1396,f4bdf0f1-da28-4af1-8f4d-f2822ccd4c14,987400,2025-09-08,156
1397,708ade3c-9d4b-4620-8df5-760c038ac39c,160840,2025-07-14,110
1398,514735c3-4640-4150-9a70-785abc8759f5,2293,2025-09-29,57
1399,dee7ddb8-453b-49f0-9c53-060160ca09b6,10830,2025-11-29,49
1400,e091305b-c4b6-4a89-b3ff-5090c619e772,1226863,2025-09-06,166
1401,83d6adef-7b95-41f3-960e-5915270018c0,11635,2025-12-18,136
1402,4e0484fc-1dbf-4a80-8222-c8ad91051f3b,384737,2025-07-29,117
1403,ac8dd9f7-0eb8-4698-b6e9-fbd52e44b146,10530,2025-11-07,64
1404,3677f1ff-c74b-4c2d-9833-0c1ccaa2a34a,955555,2025-08-13,53
1405,0c9f7981-f2e5-435f-a809-86a51fda82af,635302,2025-08-31,22
1406,f3cac9ce-9c86-44b2-97c1-cd24ad1eff3c,675353,2025-12-01,60
1407,dafae7d4-ad34-4117-b1ab-ef805ded2bd8,420817,2025-08-01,138
1408,b9fdf3e8-1377-4951-b680-d421da059356,38700,2025-07-24,179
1409,443cde91-77bb-4b88-adaa-89eddb601953,252,2025-07-09,77
1410,fd23fe82-bd97-422a-a55b-a4cd91200f0d,1214028,2025-08-27,135
1411,321a70fb-3825-4a76-9274-cec2da92cd92,58027,2025-09-07,98
1412,c7b497f8-de4b-40a5-979b-740175c92595,621,2025-08-27,169
1413,f7289ce3-8543-46ea-8dd5-3a730d252aad,74997,2025-08-05,176
1414,8da68550-900c-4a5e-bbb3-8ee637ce31d5,975511,2025-09-11,92
1415,e4c25713-0922-46e5-a5d3-9a00f917bc67,11528,2025-07-24,71
1416,2d2456bb-5133-4507-bb3f-e861ff18e180,11199,2025-07-07,50
1417,6d8704b2-41e3-4665-a905-2bdcc9bf30ee,955555,2025-07-25,118
1418,6fb4593c-11d7-4f53-9731-c9bbbf665c91,1091,2025-07-20,81
1419,cc8206ca-de1c-4fb5-a8dd-d338c7aee6ce,624860,2025-10-28,69
1420,7b78e6bb-3643-4670-beb2-69dba5a0f9ce,260362,2025-10-10,153
1421,aa11508c-ed9b-4c82-a7ce-90839ae4c866,417320,2025-10-12,174
1422,b5179d03-346a-4b9e-8942-d41809262852,1285247,2025-08-10,159
1423,fd23fe82-bd97-422a-a55b-a4cd91200f0d,23823,2025-08-07,73
1424,e091305b-c4b6-4a89-b3ff-5090c619e772,102899,2025-08-03,115
1425,5b0c1138-7ba1-4af6-b300-6282e8a84970,901362,2025-11-06,170
1426,979393a9-16ab-4c12-9977-66e05afd3a60,254473,2025-10-01,47
1427,d7441a98-caf5-451b-acc7-ec0975017be5,9444,2025-11-04,52
1428,6726cae1-f755-4bf2-aa82-b74fb4eb97e8,1284460,2025-12-10,149
1429,aecf09e6-9c2f-498b-b9ad-7a32bfe6d5d1,740903,2025-09-10,152
1430,b5179d03-346a-4b9e-8942-d41809262852,102899,2025-09-11,74
1431,03134078-c847-460a-9e7e-34e547a45854,15934,2025-07-10,116
1432,4e0484fc-1dbf-4a80-8222-c8ad91051f3b,10527,2025-09-09,108
1433,89d4fb58-becc-42d5-8e6f-0cebdd142392,9637,2025-09-11,123
1434,6bdba591-3a7b-40bd-ab77-1ec99a8e5264,384018,2025-09-16,26
1435,03237f08-90a8-495b-80b0-78567ed816f1,1265063,2025-11-06,172
1436,28e07232-d843-410e-8338-c7164c6aa7de,10144,2025-11-15,30
1437,c24f836e-06a9-4a6d-8c7b-fb599457757e,561,2025-11-25,33
1438,3b5ce9c6-34a5-4751-ae06-db90fe89a0bd,9880,2025-11-14,112
1439,684a11b2-c32c-4197-88de-19aa7d82fb9f,1813,2025-12-28,152
1440,0449c430-9c36-49c2-a114-6cf56542a751,10144,2025-10-05,34
1441,a514b66a-df7c-47bd-a120-14d63c1bcc31,506053,2025-11-28,155
1442,438ca78a-a72d-496c-84e9-1ddb70bcc1d6,811941,2025-11-18,119
1443,932f124c-0549-4562-9390-815d4ceefd2a,1522923,2025-10-31,172
1444,bf35c774-0e79-40d3-b57f-64fefc446174,1388456,2025-08-03,126
1445,ad0dd9b5-6c5e-42c3-a5fa-fb2469945b63,9769,2025-11-14,80
1446,68af2751-9f08-43b9-97e2-1cbac2afb201,297270,2025-08-03,177
1447,b6327d26-aa1d-4aff-befc-18b5c49c6cd4,493529,2025-09-07,45
1448,72978300-bb9d-4d17-9767-8bdeb8687bff,1244132,2025-08-25,28
1449,667fd48d-b437-400e-b000-41b900c53721,1813,2025-10-28,34
1450,2dcf9043-7779-4be9-bb97-f42867c72d9d,301528,2025-11-15,156
1451,ef30cb66-f029-4923-85a5-173ba007a5fa,801335,2025-09-16,87
1452,dffe11c5-9551-40f8-aaa3-bfe64b4e3f1b,8467,2025-08-29,51
1453,daf4d464-3d6e-4821-bf6d-55142456d62b,566525,2025-12-04,59
1454,d9e7bc19-f494-46e3-a6d4-d67a77330aa3,59053,2025-11-24,149
1455,c6f2052b-9d57-43e3-8a97-ac903ea7334b,843527,2025-11-18,140
1456,c30a62e9-a0d1-4565-a2ae-366348aed80f,176,2025-10-23,87
1457,a04d3d7d-8e98-4168-91d4-5ff938088f26,10431,2025-11-01,108
1458,de1f36da-403e-4203-a456-9a2f66be660f,1398418,2025-11-28,163
1459,83cd0c0b-80ff-40ff-83b5-eb929f77c865,2293,2025-12-14,164
1460,298fd375-02da-4665-a1c2-628c17e763f4,665,2025-12-02,154
1461,321a70fb-3825-4a76-9274-cec2da92cd92,1262815,2025-11-05,153
1462,aaea7e12-cd98-4b59-8e17-67a25a8c0f50,11360,2025-07-04,121
1463,122bef41-ccdb-47a2-90df-5f22be3ee05d,68726,2025-09-29,90
1464,bca205ea-a4ea-4cda-be60-9d8d12b64879,1409235,2025-07-18,165
1465,28a8a99d-e7e7-4f67-848f-7c156c1cefb3,360784,2025-12-09,33
1466,ea781e18-9b12-46b1-a5d1-ed1151a32b07,891699,2025-09-02,69
1467,6cac35b7-db4c-4611-a950-5fbd3db0b5cf,34806,2025-12-27,99
1468,9abe664f-de5f-4b6b-b9bc-ce1d227c0372,504056,2025-09-15,57
1469,96b08fcc-29a9-48e2-85f3-0980aca12cf1,10198,2025-09-30,78
1470,5bf6848a-c3ec-45da-8792-7f3519a1c07c,1126336,2025-09-05,34
1471,add9b316-17a2-40b2-bde8-c5e0afb5dccf,43947,2025-08-10,43
1472,2a51e6bf-7e44-464b-b139-5eeb1d64b95d,458156,2025-07-24,113
1473,ccc5651f-aef6-4d3d-8a5d-5b36966a90ac,8835,2025-08-25,24
1474,0f745d39-f5f3-4bc8-b6bf-850d3e4c4cdf,110143,2025-09-11,105
1475,86c17be4-def3-42cc-b488-8c9471f8604d,18240,2025-12-01,79
1476,0b207250-9091-4bad-a216-6b75b0ee201b,846422,2025-11-10,157
1477,78eee84e-085f-40f1-8ff6-bd49cf08095c,1355126,2025-11-19,54
1478,b58363f2-2a53-4029-b5ed-d85a8a2947ff,520318,2025-08-14,167
1479,80f9d89f-c8dc-4173-b7dd-b435ce9761da,492611,2025-10-29,113
1480,e1be7db6-52e8-4ffe-941c-e5462a70a35a,301528,2025-11-03,82
1481,da0c079e-133a-47bd-a3b6-52bed81f5df6,9353,2025-08-08,75
1482,ee42d97b-1dae-423e-a19c-95138fdf7c1d,19595,2025-10-14,149
1483,08b2f03e-6960-43e0-a544-9025256ed5be,41517,2025-11-24,23
1484,450702d7-7f92-4e6c-9644-dfead2759f40,624860,2025-12-13,131
1485,83d6adef-7b95-41f3-960e-5915270018c0,25475,2025-11-05,129
1486,aa604ae9-7388-4b4b-a2d2-1254a260adee,63755,2025-11-02,151
1487,730ef8ec-fe4b-431f-a794-f76bb0827e00,8920,2025-12-23,174
1488,eee5d547-f1f1-42ab-80dd-ae68735765ed,561,2025-10-26,153
1489,bd268e4d-1519-41f7-9e3a-8a69fd4540fc,10830,2025-08-03,67
1490,f034ac9a-eb5a-49e4-8f6b-34d387a97a29,1300116,2025-11-01,109
1491,045a273a-ab03-4a35-a756-cd5e6d7f9e0b,13161,2025-11-20,172
1492,f52cae74-5e26-4f54-baab-0638291af8c8,1251717,2025-08-21,61
1493,805594a4-9409-49f4-9808-5f693be0c5fd,251,2025-07-26,141
1494,cab9a766-9386-4c2b-b9b0-2a7c19646367,1001270,2025-09-09,155
1495,ea281f8a-2887-495e-83e0-d06092089816,296065,2025-10-17,169
1496,e6721b5a-dfa9-43fe-8bae-f57e9502de53,11852,2025-08-02,179
1497,979874a0-f50d-4e2f-90d5-c845fdfa3e2c,298,2025-10-06,147
1498,e4c25713-0922-46e5-a5d3-9a00f917bc67,514847,2025-12-05,72
1499,9d497e17-1f55-4a5c-8a74-a22a69ebfc01,45588,2025-10-16,168
1500,daecd31d-953a-49c8-b25f-04a4b2505d6b,375846,2025-12-04,141
1501,e96c766f-cd32-4864-96d3-5c2f5011569f,335,2025-12-05,50
1502,1f5ed463-e08a-48fd-97b3-d3b6068c988b,250546,2025-12-21,168
1503,f6949de3-7de0-46e4-8c9d-bf9ae2a6e0d6,28,2025-07-28,137
1504,725ae064-3ca7-4294-95d6-4e4653ac35db,660120,2025-08-11,117
1505,4dba0fa4-723f-420b-9e17-203b92607bf2,1265063,2025-12-02,171
1506,9289c115-63f3-41e1-a295-3e61034da2fe,582083,2025-07-09,22
1507,6159e61a-b3bc-45d8-9e07-9d7dc2943d42,11932,2025-11-27,87
1508,828e3a3c-c3cc-456d-ad1f-611082b3f752,1724,2025-12-09,122
1509,bdc92fa1-99ed-46ae-a9ae-faba767cd1b8,1443260,2025-10-09,84
1510,fd23fe82-bd97-422a-a55b-a4cd91200f0d,14926,2025-08-21,103
1511,6d986333-975d-4c81-b018-1c81527875f9,838240,2025-10-21,70
1512,76327ebb-2519-400a-aa9f-66a16d3858a4,308403,2025-09-07,43
1513,293e4cc8-f561-440e-83ae-87e8cb3eda2c,1284460,2025-09-29,62
1514,c05be799-8d3f-46bf-b1fd-363106af4ba8,558829,2025-11-03,162
1515,eaa0d93f-b9d3-41fa-ba63-c3331ffb4f3c,381288,2025-09-11,106
1516,74146a7d-7b1b-4f70-a9e7-8777ea0bc3f7,954,2025-08-10,41
1517,74eb5517-7395-4e18-81cc-a51fa36dc992,1206008,2025-12-04,62
1518,298fd375-02da-4665-a1c2-628c17e763f4,310097,2025-07-25,157
1519,8dbb182c-0c50-4f83-965b-1d0a47790ed4,261037,2025-10-13,68
1520,29b79e54-f388-45d8-83e5-699e303bb51a,615665,2025-10-09,100
1521,6b64aea6-aaed-4ffb-aba0-0d647a3b757d,320,2025-07-20,165
1522,a7eb8eb8-aa12-430b-a998-83af9233386b,9340,2025-11-22,152
1523,b5179d03-346a-4b9e-8942-d41809262852,530915,2025-08-02,174
1524,86df8e5c-6ce2-4c69-b432-ef31f7caa422,530385,2025-10-16,88
1525,50b7059e-3aab-4a4a-8b34-6625521d38b0,15934,2025-12-18,84
1526,8bb5e037-3778-4365-8dc1-f37fbb7669c3,1300116,2025-09-27,162
1527,d3a2bbf0-573b-4137-a6b1-0ba6f019bbcf,28,2025-12-11,115
1528,e22543b2-831d-44f2-b205-f731a19301ad,9487,2025-09-24,74
1529,0e5d2249-1622-421a-bd3d-e6ff8bebfc81,621,2025-10-04,44
1530,fe1a6a31-2146-4839-9fc5-dee8c409774f,425980,2025-12-24,116
1531,db0a5d3f-f758-4a62-b481-1826b6d2ceb2,1032778,2025-09-26,172
1532,0d9aee15-5f28-41fb-943a-f24e31eaed1c,284053,2025-09-09,165
1533,c24f836e-06a9-4a6d-8c7b-fb599457757e,1190511,2025-10-17,28
1534,8c9db19c-049c-4221-91f2-96720cf1a86d,19595,2025-09-23,158
1535,73a420bd-3b7b-45fd-ba1d-c0e2949eebd5,929590,2025-12-21,119
1536,29f17f74-dc9d-4fc1-9652-d538a379162d,121514,2025-08-11,83
1537,1b45be52-88e3-41d1-9c85-20f4b4d7d091,43593,2025-11-08,86
1538,356e6af5-7478-4c16-834b-2574da85eb65,10198,2025-07-10,151
1539,7c9838dc-bba7-4fc8-9eb0-83735bb51d3b,1032778,2025-08-24,58
1540,2e71698b-2863-4a75-9f67-3426acd05d95,36586,2025-10-25,103
1541,5f048acb-9da1-4ed4-a9a0-44331bf7427c,41727,2025-09-11,81
1542,a6534cde-8076-44e0-a500-774d4672151e,806405,2025-08-31,151
1543,ab93bb01-949d-4e97-84df-4c0b32069ced,444539,2025-08-05,129
1544,daf4d464-3d6e-4821-bf6d-55142456d62b,383498,2025-11-26,23
1545,8141fcb1-9315-42fb-96cd-ba1243befaa7,10730,2025-11-21,91
1546,e7720dc6-cead-4722-a16f-b4e3d2297f3b,1441,2025-10-26,121
1547,b83e579f-0c2e-4cbd-a68b-ca14954f888e,1226863,2025-10-18,145
1548,e5ba7406-2a55-40e0-bb8c-ad19b6177626,593676,2025-07-08,174
1549,eb5e8102-a9e3-4717-bc72-a86ac96efb9c,82139,2025-10-04,164
1550,60bf4e77-c4c8-4252-9bbe-3de4cc6fba59,18239,2025-12-12,89
1551,e803f1eb-9686-4fa0-9bd6-5dfd706927d7,364,2025-08-24,66
1552,9941200e-9fac-4448-845e-2f529e6d3eb4,976893,2025-07-24,97
1553,cfabf448-9b42-4e26-aaa9-2c58323c012b,214756,2025-11-14,149
1554,b49976f2-c2c1-461c-8e11-6b462e95f981,675353,2025-08-16,36
1555,fef9bc93-fbb9-45a5-a741-90180402b7ef,298,2025-08-15,26
1556,b49976f2-c2c1-461c-8e11-6b462e95f981,514847,2025-12-27,108
1557,b14ac98a-9257-4b87-9ed0-178688e13f23,335,2025-07-18,149
1558,9acde0c6-9370-4398-8645-67feaa1b94c3,746036,2025-07-24,51
1559,d4f5718f-abb0-45a7-bff5-5a991c80b2b4,1388456,2025-08-11,93
1560,9289c115-63f3-41e1-a295-3e61034da2fe,10066,2025-07-26,140
1561,09e5c4a4-6e84-48ee-b7d3-755047383227,214756,2025-11-21,121
1562,29f17f74-dc9d-4fc1-9652-d538a379162d,1235746,2025-11-25,72
1563,51095d93-040a-4746-b0a2-08f1c1c42843,420817,2025-09-24,51
1564,43d0a3e8-74b9-4d3c-8b52-442ae8f46fc6,1204186,2025-11-03,46
1565,3cec2148-3256-486c-9e5f-17361d15565d,804158,2025-10-05,39
1566,2f6ad430-e3e2-492d-8752-9494a41f4761,49046,2025-12-16,95
1567,480e0e1e-4eb5-487b-aff9-6e04ee4d3f79,287424,2025-08-12,98
1568,65b10d79-260f-4b51-95f0-360d2f26244d,10530,2025-09-09,21
1569,fbd655ec-3bc7-42c6-a2e8-ea4eb99bdcaf,9880,2025-12-08,46
1570,c05be799-8d3f-46bf-b1fd-363106af4ba8,698687,2025-07-27,94
1571,368dd00d-33d5-4017-840a-4fe6dbf2a61f,57158,2025-08-15,38
1572,2c75bc0a-c49f-4bc8-9cf5-36840e93a94b,10527,2025-08-02,172
1573,bbdc742b-4e42-48fa-8b6a-d0c4608fac09,7326,2025-07-25,127
1574,15776d43-3fb4-4ae1-98ec-11b7e9f66048,52212,2025-10-29,113
1575,fdf24ab1-9a8c-4618-83f8-2e40a3e50985,13187,2025-12-19,116
1576,5370adde-6e69-47c4-a058-59e6dbbfbd05,1252037,2025-10-28,116
1577,61cd49fa-627a-4403-af44-ec6035f056cc,63755,2025-10-20,109
1578,21f61cb1-11bd-46a0-b8cf-a2cab6e4cd5e,1151334,2025-09-11,67
1579,d4e69b65-c768-485d-aa5f-59bbc7d6248e,373571,2025-09-13,149
1580,e72b96e6-1f15-43fa-97c7-70fa2f63a5e5,37135,2025-09-09,154
1581,eb0669d5-ee84-4d8f-9337-c1aa420b0d0d,2193,2025-10-26,150
1582,b0eb32ff-2ac9-4c77-b0ad-ae7714d4a5e6,1290182,2025-12-01,136
1583,db08e301-f408-4c53-999d-aba9784bbcf7,77412,2025-09-12,139
1584,7c9838dc-bba7-4fc8-9eb0-83735bb51d3b,940721,2025-08-28,178
1585,46c39806-5ad5-46f8-b6b2-721f593ad3b9,250546,2025-07-15,28
1586,940ec9df-daec-4cf0-9abc-1ed84c8a9592,1580234,2025-09-19,64
1587,aa225c85-c990-42f6-9bf1-f3d23944ec8e,10867,2025-09-24,163
1588,98f4c2e9-e737-4151-ac50-ad3ce0aac128,37799,2025-11-22,121
1589,359d63b3-74c4-46d5-a8bf-84bd478bd61e,9769,2025-10-23,64
1590,f00c803c-b55f-49c4-a580-0f359621622f,1254808,2025-11-12,95
1591,b0eb32ff-2ac9-4c77-b0ad-ae7714d4a5e6,250546,2025-12-24,52
1592,73902df7-9c81-49a2-87e4-53d16886cf10,28,2025-09-25,24
1593,018ec607-f3fd-480d-acb2-3d9b125ee7c4,929590,2025-08-03,164
1594,7b862d59-859e-4bd9-a9b5-10990e150477,25475,2025-11-24,136
1595,e596017e-0307-429f-b47e-574186bb94da,36225,2025-11-26,69
1596,4012b450-d27f-47f0-a34b-528a8309ec0d,760104,2025-10-24,52
1597,be78658f-030e-4737-86c1-0d114b8b5f0a,550988,2025-07-14,60
1598,24df3469-e9f5-4c7f-bda4-6f9a5f650e70,15566,2025-12-19,94
1599,c9eb5355-d983-4615-a199-85935c9b80bc,11970,2025-09-21,148
1600,cf146adf-d11c-4480-a80e-012e2a707dfb,1291559,2025-09-01,59
1601,8456f350-8209-4309-98dc-ee514849c28f,579974,2025-12-25,64
1602,f034ac9a-eb5a-49e4-8f6b-34d387a97a29,1004463,2025-10-30,171
1603,708ade3c-9d4b-4620-8df5-760c038ac39c,245891,2025-07-23,24
1604,f52cae74-5e26-4f54-baab-0638291af8c8,2064,2025-07-02,137
1605,3cec2148-3256-486c-9e5f-17361d15565d,251783,2025-12-24,36
1606,900f3414-c79f-4aff-8ee8-cf712ee5b2d3,472815,2025-09-10,168
1607,8661c256-4537-4da9-a98e-e26f8bde5b0f,1149912,2025-10-09,64
1608,fbd655ec-3bc7-42c6-a2e8-ea4eb99bdcaf,10867,2025-07-03,41
1609,386f3ed4-0a7d-4bf3-ada9-3d989095de12,1398418,2025-09-29,146
1610,a7b3299d-5c26-4e51-90ae-ee081273a22c,587792,2025-10-02,129
1611,a44f4b9a-7bae-4f83-b931-355ec2949b56,1337395,2025-09-09,60
1612,0f46e8ec-5d89-4ae6-b475-2d8866d2aa60,580175,2025-11-27,31
1613,803b775d-5529-4c2c-aea2-c2614c1d86b2,1181701,2025-12-22,126
1614,007e60ed-6fb1-461c-9917-aa02448df0b1,1246,2025-10-08,24
1615,98f4c2e9-e737-4151-ac50-ad3ce0aac128,843527,2025-11-21,111
1616,07fbfe20-7ce6-4dfa-92f0-3f9ce2b68550,1355126,2025-08-16,95
1617,b58363f2-2a53-4029-b5ed-d85a8a2947ff,718930,2025-11-09,119
1618,d601efbd-4503-4cba-980a-cede77f16789,10796,2025-12-28,54
1619,e3daf01f-dd78-48ec-ac41-10753194d100,1352528,2025-07-07,62
1620,7956be4b-47d8-4eb7-bc3c-ceb53c946537,940721,2025-07-29,113
1621,726d8ccf-9b6e-4750-a647-0f5b0cea5c29,539,2025-12-05,172
1622,64a90849-8eff-4130-9133-cef05bcba541,675353,2025-09-18,139
1623,c11e825b-e3b0-44cd-a635-7a80f67db279,43347,2025-08-23,104
1624,b8c85d8c-4c6c-42e7-9f3f-04c4c2a5a77c,64084,2025-07-10,126
1625,7f6fecbf-84ad-4b8d-91b5-1b981ce0073e,49046,2025-12-02,140
1626,988d7a65-be01-4b3d-95c1-05b237a93b29,8467,2025-07-20,132
1627,fa9099f4-80f2-468c-bbb3-b846e1fc19ff,1198426,2025-09-26,59
1628,900f3414-c79f-4aff-8ee8-cf712ee5b2d3,520318,2025-07-03,22
1629,30e6cf48-6f24-4d17-98a3-8d425248183c,1151334,2025-08-01,22
1630,2ab0b0d5-5def-449c-b860-7bdbc15c0c99,1205648,2025-11-05,64
1631,5c349c3a-f7c3-472c-b472-1d61b941a844,608812,2025-10-26,25
1632,077dbbea-c5b1-4256-8565-670c5adf091c,1145221,2025-10-18,178
1633,db08e301-f408-4c53-999d-aba9784bbcf7,14709,2025-11-25,33
1634,0b8fd83c-6beb-4616-9ab5-af07da43ed9a,1151334,2025-07-25,57
1635,65b10d79-260f-4b51-95f0-360d2f26244d,261587,2025-08-19,48
1636,c7b497f8-de4b-40a5-979b-740175c92595,19595,2025-09-03,175
1637,226da684-29b6-4d08-9ad1-8d6e131a03a8,1281,2025-07-12,35
1638,12989f9b-d243-421b-ab1a-afa7a65cce6a,458220,2025-10-21,180
1639,1f5ed463-e08a-48fd-97b3-d3b6068c988b,13461,2025-10-26,167
1640,7b862d59-859e-4bd9-a9b5-10990e150477,1522923,2025-08-28,143
1641,29b79e54-f388-45d8-83e5-699e303bb51a,604,2025-11-15,44
1642,940ec9df-daec-4cf0-9abc-1ed84c8a9592,420817,2025-10-19,78
1643,58e69bed-d14e-40cc-9311-70b31583dc1a,138103,2025-11-04,23
1644,b1ef7426-2f7f-44cb-8340-fb78bf071c5f,13394,2025-12-27,149
1645,702f3b63-c33f-4d0f-87f4-e5712a0e2ef4,508943,2025-07-21,110
1646,28d90413-9c2e-4b62-a670-7614271fc43e,73723,2025-10-31,142
1647,51e43bb9-fb7d-4ef3-b2c8-587055161741,10193,2025-07-16,160
1648,d18106ea-3480-4489-a5df-b154ffe35b53,9444,2025-10-10,113
1649,c24f836e-06a9-4a6d-8c7b-fb599457757e,1620,2025-07-21,98
1650,5812dde3-5e0c-4c8c-98ab-ff5a27b64894,661286,2025-07-25,174
1651,f00c803c-b55f-49c4-a580-0f359621622f,11852,2025-12-25,161
1652,cfabf448-9b42-4e26-aaa9-2c58323c012b,10895,2025-08-13,26
1653,ef4483fa-2ac0-43d5-ab42-2894b90d6404,122906,2025-11-11,74
1654,b68b585c-7eb7-4193-850c-543534e0f892,421892,2025-09-01,138
1655,bd85abe8-ded6-4b7d-a081-e50f89e36cf3,38575,2025-10-01,144
1656,9f51012a-2fa5-4060-950f-ee232fde89f1,1417,2025-10-16,32
1657,54e35aab-60f1-44c7-ab30-9e1c9248a483,1022690,2025-11-06,177
1658,102fd85d-43c0-46b9-891a-51d4d1748f8e,512200,2025-10-24,49
1659,4df9ce2e-f067-4cfc-816c-5e1cd7b5283d,689679,2025-08-22,56
1660,368dd00d-33d5-4017-840a-4fe6dbf2a61f,417320,2025-07-03,130
1661,2eb9baf4-2daf-4dfd-a62f-553ee5fdec91,1181701,2025-07-15,54
1662,5f43ec89-f07d-470d-b303-01b4e7b3359e,1262386,2025-08-14,140
1663,7c9838dc-bba7-4fc8-9eb0-83735bb51d3b,940721,2025-10-16,89
1664,daf4d464-3d6e-4821-bf6d-55142456d62b,46581,2025-10-06,168
1665,cbb23163-9bde-4f46-a851-2b0cb261c318,339403,2025-09-07,78
1666,43f6fb81-5043-4774-96f0-a17833f1a0bd,842924,2025-10-26,50
1667,170e4b56-f925-42d2-88c5-f124c21601c3,140607,2025-07-21,68
1668,7cc5b47b-ded8-4fcf-b076-0331af4d3f52,577922,2025-10-17,35
1669,2eb9baf4-2daf-4dfd-a62f-553ee5fdec91,43347,2025-11-25,121
1670,8b2401aa-7866-4404-8434-ccb7a892e7dc,11528,2025-10-11,47
1671,6077301b-c64f-4d97-a207-fa80d68dce98,444951,2025-07-29,156
1672,aab387f3-4edc-41ed-b428-d2fdadb7d84c,985932,2025-11-09,116
1673,3809ea71-a74d-47a7-b8da-118d2b1da3a7,9487,2025-07-31,174
1674,805594a4-9409-49f4-9808-5f693be0c5fd,384737,2025-10-04,175
1675,0cf02ffb-2c31-425a-bfa2-57709cc228f3,1724,2025-09-13,70
1676,c23840c0-3120-4843-9c96-e7b0f8cc2c44,1398418,2025-12-13,29
1677,8846adb0-326c-4d52-9cba-8a638d233990,24886,2025-10-10,92
1678,a6534cde-8076-44e0-a500-774d4672151e,1252037,2025-11-02,30
1679,667fd48d-b437-400e-b000-41b900c53721,1086910,2025-07-29,49
1680,236f82b9-5d16-4d24-9e1c-2b475467eddc,11224,2025-07-03,104
1681,b2ad07af-3e67-4fe9-9a49-cce847252c29,21778,2025-08-16,24
1682,3424eec2-5e23-43bd-bb26-ea82b60cab9e,1205648,2025-12-10,139
1683,b86938ed-ad03-4ce2-9e19-6c176887270b,453,2025-09-19,85
1684,7fa09db7-94a0-4c89-af65-8ec41462cdce,1135873,2025-11-22,31
1685,3ca07cea-a0d9-4330-aecb-d3b2d0839132,838240,2025-11-05,138
1686,ebc61f0e-eb31-4936-a231-7d688e88145d,381288,2025-07-26,133
1687,5c03e14a-8db2-460b-a410-8a560d1e2e69,404733,2025-08-16,154
1688,b9fdf3e8-1377-4951-b680-d421da059356,585083,2025-07-08,113
1689,5b42cb33-faa0-47d1-a223-e0f88a651658,64084,2025-07-07,97
1690,e1be7db6-52e8-4ffe-941c-e5462a70a35a,1022796,2025-07-02,127
1691,aa11508c-ed9b-4c82-a7ce-90839ae4c866,615656,2025-12-13,127
1692,41ffc8b6-7a14-4051-aa55-0b35de19b5e0,675353,2025-11-25,139
1693,e96c766f-cd32-4864-96d3-5c2f5011569f,968051,2025-12-02,118
1694,41a187e4-08aa-49fe-855a-e6c5fd30c0f9,2064,2025-07-03,85
1695,98f4c2e9-e737-4151-ac50-ad3ce0aac128,462181,2025-08-21,145
1696,fdf24ab1-9a8c-4618-83f8-2e40a3e50985,1004463,2025-11-07,91
1697,0904d691-244a-4745-a77d-3baaff5f6f3c,602,2025-10-23,44
1698,0e5d2249-1622-421a-bd3d-e6ff8bebfc81,252,2025-11-21,155
1699,68af2751-9f08-43b9-97e2-1cbac2afb201,458156,2025-09-10,173
1700,4d1a8726-4515-4b98-bd6d-5a15583393b4,41003,2025-10-13,61
1701,d09cef7d-4aba-4d41-95a4-d20bcea4edac,1149912,2025-08-25,123
1702,997d7084-07b6-4e95-916a-bbc42d76f6e3,15167,2025-12-15,116
1703,21e72a3f-6f90-46d5-af87-21c1da85004b,602211,2025-11-18,103
1704,83cd0c0b-80ff-40ff-83b5-eb929f77c865,1126336,2025-07-14,113
1705,0b6ea4df-4e85-4bbf-8617-1f2884ee73f2,545611,2025-11-01,168
1706,2aae3147-b0d8-49c0-9f1b-6f446e09bd9e,498888,2025-07-05,54
1707,68af2751-9f08-43b9-97e2-1cbac2afb201,1272837,2025-09-24,47
1708,40dc9fe2-feb2-4741-8f83-0748cf85911a,746036,2025-11-29,169
1709,8dbb182c-0c50-4f83-965b-1d0a47790ed4,424694,2025-10-16,109
1710,f3b2ef78-bc16-4222-88dc-2023c96008dd,792,2025-08-14,22
1711,67b5a520-f68b-4d9f-b265-9d1f399a732e,438148,2025-07-23,27
1712,e37cd832-2a2c-4f65-992e-59c4986e83c9,360784,2025-08-30,107
1713,5e5d240b-dc58-4388-8509-b6c94b5333e2,698508,2025-08-02,143
1714,84d6fe5b-a2ed-4b48-abd3-587916902904,337404,2025-11-30,99
1715,71b16b14-3feb-4ad4-a1a3-1f1523a70129,15472,2025-08-26,65
1716,bfc8bd08-34fe-49ef-9089-d320d17dfb98,447277,2025-09-08,154
1717,af98a8ff-e078-4253-9f65-47271cd8ee99,46195,2025-09-08,120
1718,5812dde3-5e0c-4c8c-98ab-ff5a27b64894,1004463,2025-10-16,24
1719,8785a5cb-2ff4-486d-92a6-61e73a9946d7,4232,2025-10-14,163
1720,cd1e1560-43e4-46d6-909b-547f7205ceaa,582083,2025-08-30,76
1721,913f1264-160c-49a6-b290-61f18089f72f,297,2025-09-23,91
1722,8661c256-4537-4da9-a98e-e26f8bde5b0f,20526,2025-10-31,81
1723,8785a5cb-2ff4-486d-92a6-61e73a9946d7,592350,2025-11-12,42
1724,142de1b1-ef63-43a6-b7cb-4188e9df1164,10144,2025-12-26,156
1725,a456c444-5117-4f0a-9ce2-22286d2d0f71,1285247,2025-08-26,43
1726,b83e579f-0c2e-4cbd-a68b-ca14954f888e,351286,2025-10-26,83
1727,03588b45-196c-490e-870c-da0b4841a533,616,2025-10-23,110
1728,6d986333-975d-4c81-b018-1c81527875f9,11153,2025-08-21,161
1729,1052030b-3f4b-4138-a628-a9e7197b2ef7,270303,2025-08-20,27
1730,725a28ee-a635-45d3-b8c1-860bdcc41dec,656908,2025-10-22,39
1731,8785a5cb-2ff4-486d-92a6-61e73a9946d7,381288,2025-07-25,150
1732,a04d3d7d-8e98-4168-91d4-5ff938088f26,602,2025-11-21,39
1733,0ec61972-52c1-4134-a91a-964a236ca2d3,901362,2025-11-04,148
1734,7732add7-1a46-40fe-a032-7ad2d6ae2d47,4553,2025-10-18,165
1735,ea281f8a-2887-495e-83e0-d06092089816,1263256,2025-08-19,171
1736,53599c51-ba17-4f94-b0d4-94011d2ba9d2,574546,2025-10-19,113
1737,f6b55005-8528-4f8f-b506-82bba496babb,10674,2025-10-18,174
1738,d1c0836b-344d-4fba-ba98-8e15696d70e1,9035,2025-07-14,88
1739,94faf822-0ea6-414c-9ebb-80444e94a27a,397243,2025-07-29,148
1740,42560fdf-ce8f-4d96-8ef7-4585a64d17e9,493529,2025-11-24,157
1741,dfb1ea22-0978-4c90-91d5-499756e09986,13962,2025-10-13,28
1742,a456c444-5117-4f0a-9ce2-22286d2d0f71,420818,2025-08-13,158
1743,1f150b08-79f8-4f7c-9ab7-c6d9b3bd6c74,937287,2025-10-07,41
1744,e803f1eb-9686-4fa0-9bd6-5dfd706927d7,250546,2025-11-11,133
1745,22b6fc9d-1b47-4032-8d23-6dc55e4be1fd,438695,2025-09-29,115
1746,805594a4-9409-49f4-9808-5f693be0c5fd,458156,2025-07-17,44
1747,91daea9b-60ae-443e-b75c-d8087658e20c,1402719,2025-11-17,46
1748,74eb5517-7395-4e18-81cc-a51fa36dc992,87,2025-09-24,39
1749,9df3a0e7-eebc-4ee9-924c-bb214ea1dd34,10625,2025-07-21,120
1750,c23840c0-3120-4843-9c96-e7b0f8cc2c44,41003,2025-12-14,28
1751,367219fe-0ded-4674-a8b7-b545eed28498,271116,2025-08-28,39
1752,74146a7d-7b1b-4f70-a9e7-8777ea0bc3f7,1352528,2025-07-24,52
1753,6cac35b7-db4c-4611-a950-5fbd3db0b5cf,299537,2025-07-26,122
1754,73a420bd-3b7b-45fd-ba1d-c0e2949eebd5,1244132,2025-07-26,61
1755,0d080ddd-6b06-42bb-a975-8830b35d141f,1235746,2025-09-07,77
1756,d3a2bbf0-573b-4137-a6b1-0ba6f019bbcf,274857,2025-12-11,21
1757,a04d3d7d-8e98-4168-91d4-5ff938088f26,7446,2025-10-14,157
1758,fde43dfe-2220-4432-bab9-00d3ddb0cc6d,901362,2025-11-11,128
1759,75f0fd6e-dc04-4e00-a277-30d693eb19d4,1140535,2025-11-23,177
1760,50b7059e-3aab-4a4a-8b34-6625521d38b0,672322,2025-07-06,37
1761,6eb2a2c8-b070-4ea4-a1c7-8e66f89eefca,1235746,2025-12-06,77
1762,438ca78a-a72d-496c-84e9-1ddb70bcc1d6,297270,2025-07-12,161
1763,41a187e4-08aa-49fe-855a-e6c5fd30c0f9,675353,2025-08-20,52
1764,913f1264-160c-49a6-b290-61f18089f72f,954,2025-07-09,96
1765,dbbdb3cd-37b8-4057-b6ff-01b01aa0cf3e,2064,2025-11-05,83
1766,510ceda2-e44c-44e8-87e9-ecbb76eab22c,1096563,2025-08-08,116
1767,c09dd92b-e2e3-4428-bf60-faf22f10ffb8,1579,2025-12-14,50
1768,454049c2-4e07-46fc-b02e-af5a8797a01f,493529,2025-08-22,164
1769,5b8017e0-1d55-4de9-bff4-aca1459a221a,9444,2025-07-06,154
1770,3677f1ff-c74b-4c2d-9833-0c1ccaa2a34a,585083,2025-11-03,137
1771,b0eb32ff-2ac9-4c77-b0ad-ae7714d4a5e6,310097,2025-11-21,58
1772,13a84090-5604-4025-96cf-e21388c1f2cf,47971,2025-12-08,27
1773,6077301b-c64f-4d97-a207-fa80d68dce98,138103,2025-07-10,69
1774,d939006d-ff10-41cb-8a10-609211ba9386,226074,2025-08-20,82
1775,7cc5b47b-ded8-4fcf-b076-0331af4d3f52,48266,2025-11-29,105
1776,f3cac9ce-9c86-44b2-97c1-cd24ad1eff3c,561,2025-12-17,161
1777,f6286df3-af01-4730-b3b6-93974ed6598d,654028,2025-08-24,113
1778,856718cc-6466-4521-b605-f8c1ef5eba93,454527,2025-07-03,111
1779,09e5c4a4-6e84-48ee-b7d3-755047383227,11544,2025-10-07,176
1780,e7f989b1-2180-4498-9688-605c257df79e,1083968,2025-10-17,43
1781,2e954abc-6a22-4235-b65e-047a454c9bb4,1100782,2025-10-03,69
1782,b5e311e8-9fef-46b8-9a40-6b578c65d0e2,539,2025-11-21,45
1783,e6f2711e-cb84-4279-b2af-43d5a12be9b8,1198426,2025-07-01,35
1784,386f3ed4-0a7d-4bf3-ada9-3d989095de12,338953,2025-08-11,57
1785,7f6fecbf-84ad-4b8d-91b5-1b981ce0073e,11688,2025-07-31,73
1786,b7aefdb3-3db6-4680-bee8-336a90d720c0,11852,2025-07-05,29
1787,e303ea57-f043-4a6a-93ae-51c89ed8d1ca,22705,2025-09-16,52
1788,68af2751-9f08-43b9-97e2-1cbac2afb201,59053,2025-07-17,75
1789,dee7ddb8-453b-49f0-9c53-060160ca09b6,13461,2025-10-04,148
1790,a9ea7428-7450-4b01-9977-eb488307d250,18240,2025-12-12,103
1791,89d4fb58-becc-42d5-8e6f-0cebdd142392,41003,2025-08-15,140
1792,8c83b0b8-a36e-449b-a400-1fb9991754c8,745,2025-12-04,144
1793,58c12f44-dc5a-4075-9611-e635eba1b18b,2105,2025-12-05,110
1794,cc8206ca-de1c-4fb5-a8dd-d338c7aee6ce,1371727,2025-11-06,58
1795,53e5fac1-ac15-4b3b-91e1-e27f27b8417c,9072,2025-11-13,176
1796,932f124c-0549-4562-9390-815d4ceefd2a,28,2025-07-26,114
1797,07fbfe20-7ce6-4dfa-92f0-3f9ce2b68550,87,2025-09-12,87
1798,73a420bd-3b7b-45fd-ba1d-c0e2949eebd5,261905,2025-08-20,71
1799,64a90849-8eff-4130-9133-cef05bcba541,18239,2025-12-23,30
1800,2becc8b6-353a-45ee-af5c-623a0245f6b5,557946,2025-11-19,37
1801,8c83b0b8-a36e-449b-a400-1fb9991754c8,2251,2025-12-07,154
1802,d601efbd-4503-4cba-980a-cede77f16789,10066,2025-07-01,130
1803,932f124c-0549-4562-9390-815d4ceefd2a,16716,2025-07-05,164
1804,4e0484fc-1dbf-4a80-8222-c8ad91051f3b,1271,2025-08-29,148
1805,b83e579f-0c2e-4cbd-a68b-ca14954f888e,52212,2025-07-13,180
1806,407857ad-e162-40b2-9c02-56be508b6ab4,873967,2025-09-07,20
1807,805594a4-9409-49f4-9808-5f693be0c5fd,508943,2025-08-22,112
1808,fd23fe82-bd97-422a-a55b-a4cd91200f0d,296065,2025-12-02,75
1809,2864573e-896e-4226-93a0-a3c8c910e564,620,2025-12-26,61
1810,0466b8f2-1d2b-493c-8012-50303ce91639,408567,2025-12-02,175
1811,2aa85431-b326-45cc-b7a0-4c33e54441ad,966,2025-12-11,154
1812,1759b881-730d-4c80-9d31-d46f70ae2931,1248868,2025-07-27,112
1813,49ee6bbb-fa3f-419e-be8f-e1b1885c7fd7,2251,2025-10-22,137
1814,036929a1-b752-41ba-ab35-042fb30de29a,254473,2025-09-07,54
1815,fa3963ff-26cf-4748-b7c3-029a304e0924,444951,2025-11-04,138
1816,bac82dfe-a7e2-4af9-a5e1-712c68dcf201,1516391,2025-12-28,89
1817,ffa66787-a078-4e8c-95ca-8c1a6a5bf50e,5528,2025-09-26,156
1818,80f9d89f-c8dc-4173-b7dd-b435ce9761da,1422,2025-07-09,46
1819,e4536178-a667-42f3-87b2-d8936450b32b,1181701,2025-08-08,127
1820,24df3469-e9f5-4c7f-bda4-6f9a5f650e70,17379,2025-10-30,140
1821,29a822c6-4391-4560-a1ba-56d8face0031,9487,2025-08-19,173
1822,c93f5495-6586-4525-b0f3-fac4c1d355c7,920302,2025-10-24,117
1823,b4f8b4e7-e252-4d5c-8136-345960b364d9,9902,2025-10-10,127
1824,d02a73a8-8ed9-4ae4-9740-fe021e979dc5,13461,2025-08-25,177
1825,2ae54c54-740e-4398-8f5c-abcaf2d62567,1813,2025-11-11,42
1826,9bfe6e9e-1144-485b-b0b2-f1afebd7b79b,512200,2025-10-10,57
1827,5d9ab00c-79dc-43f4-b7c6-cf1221f911e1,510,2025-08-27,130
1828,9c1bb02b-1f77-4964-88f4-77bff6e0606c,18240,2025-12-09,138
1829,4c39b976-d2e2-4c2f-a9c9-6f2a48d40476,4951,2025-10-16,69
1830,b61f6abd-656a-4c2c-a3e5-30424d17a994,1235746,2025-08-02,172
1831,f2877ad5-c935-4310-9b11-2b9439f479fd,615321,2025-09-08,63
1832,43fee15d-4260-454d-9628-0d4ad74fdb9e,1190511,2025-08-04,44
1833,2d954285-5539-425b-b340-93360cab8245,760104,2025-10-20,170
1834,aa11508c-ed9b-4c82-a7ce-90839ae4c866,504056,2025-09-02,57
1835,31f9fba4-2204-44b3-93de-d5014b099d3e,38700,2025-12-07,64
1836,5e5d240b-dc58-4388-8509-b6c94b5333e2,592983,2025-12-07,48
1837,41a187e4-08aa-49fe-855a-e6c5fd30c0f9,1263256,2025-07-18,20
1838,ccc5651f-aef6-4d3d-8a5d-5b36966a90ac,1398418,2025-12-13,164
1839,b643feba-fd07-4314-8b3a-e3892fc013eb,1281,2025-08-08,87
1840,36938d15-0f49-4b57-8d54-a7e4b617f070,37724,2025-10-21,104
1841,ae1f2553-0e9c-4b27-a2b2-b787c02a22da,1235746,2025-08-14,154
1842,8c2d1d50-35a7-4c32-b022-6e751b1e1fdb,308403,2025-07-16,105
1843,ef2d242a-72c9-48a6-af3b-d1903cbf797e,335797,2025-08-19,31
1844,02973406-1825-4588-b12a-e2117bf039dd,82139,2025-07-03,148
1845,3fbe16a4-e0fd-4341-96f5-4d35f1b7fd7b,400535,2025-12-13,174
1846,b4a11cab-1132-4084-968a-e6a94dda8593,897160,2025-12-01,114
1847,d7477a8d-78f3-413e-9582-fe1c3fd29878,4327,2025-10-18,179
1848,bd85abe8-ded6-4b7d-a081-e50f89e36cf3,284053,2025-11-25,37
1849,a514b66a-df7c-47bd-a120-14d63c1bcc31,629,2025-08-29,75
1850,1aef6f1b-ddbf-4532-a2d1-1c636c39aa6d,762441,2025-09-10,160
1851,979393a9-16ab-4c12-9977-66e05afd3a60,10431,2025-09-26,135
1852,cc979393-dbc5-494b-9a95-d7d179bd12d3,666035,2025-11-22,42
1853,73a420bd-3b7b-45fd-ba1d-c0e2949eebd5,11635,2025-12-23,62
1854,d1b8989f-61b4-476e-8268-079867b0416f,390062,2025-09-01,56
1855,932f124c-0549-4562-9390-815d4ceefd2a,1001270,2025-07-22,22
1856,94b9a940-4a13-4b71-bb13-e5753c57fb56,1262386,2025-12-14,35
1857,236f82b9-5d16-4d24-9e1c-2b475467eddc,65502,2025-08-12,22
1858,add9b316-17a2-40b2-bde8-c5e0afb5dccf,4584,2025-09-24,144
1859,a8d70f55-b7fb-4bb5-9062-5ed0f18c4b38,10796,2025-08-30,131
1860,53e5fac1-ac15-4b3b-91e1-e27f27b8417c,7446,2025-12-09,106
1861,4559d6b8-f5f6-44f1-971d-9881e0706509,110143,2025-12-16,143
1862,fa9099f4-80f2-468c-bbb3-b846e1fc19ff,582083,2025-08-02,152
1863,c951ca08-0a63-4941-b66f-287dc46ace43,10674,2025-11-06,114
1864,5c349c3a-f7c3-472c-b472-1d61b941a844,1126336,2025-10-03,51
1865,be723f92-ab99-4fca-ad8e-a2ac3531b277,1100782,2025-11-18,66
1866,bbdc742b-4e42-48fa-8b6a-d0c4608fac09,458156,2025-08-14,173
1867,6413c11d-e235-4a12-9bf7-5d5f4d4c4893,10530,2025-11-29,164
1868,8ff2dc4b-dca7-4e8b-b1a5-7522ae380452,76338,2025-11-18,144
1869,6100d6fb-9b9d-4624-81ad-1e9e01e07746,140607,2025-08-06,146
1870,9f48c09b-409c-45a8-a043-60ca064d28ad,65502,2025-07-14,169
1871,333cad65-4ca7-4e15-930b-5530ca3a1567,1359,2025-12-27,179
1872,7b862d59-859e-4bd9-a9b5-10990e150477,11667,2025-09-18,169
1873,1ed39093-731c-489a-b276-0871799c0fc7,11459,2025-08-25,68
1874,645300c8-eda1-4b9f-9fe5-bb0f0a681b60,454527,2025-10-03,25
1875,1bf74013-9369-4a61-8200-b8c8dc833ae1,51482,2025-10-15,35
1876,3cbe09e5-c32b-4aa0-9216-17726e01c54f,1284460,2025-08-31,155
1877,15647947-ea55-46ff-892b-24130fda1edc,1291559,2025-08-27,101
1878,31b0794a-be66-4f38-bc4d-3a5e90685950,261587,2025-07-20,42
1879,8a795cfe-828f-4786-94ae-62e444719b61,1516391,2025-10-23,125
1880,9e45a4ff-d391-439d-ae14-b6ae48177692,18240,2025-09-30,38
1881,40887bd5-dfbb-443d-93fc-a51c9fcad681,1316147,2025-07-04,170
1882,8cdff50c-0c7c-45ed-9afb-53824e9c230b,557946,2025-10-21,68
1883,08454dbf-645b-40ca-bf4e-651d4f27a942,82139,2025-11-14,161
1884,039ddb6b-e1a3-4e64-a560-ca8d6d1b44db,458220,2025-12-23,114
1885,e7edb2f7-6edf-444c-b1f0-f7b1257e0464,770,2025-09-27,139
1886,f93943af-3a35-467c-a11f-a65df783837c,976893,2025-07-28,59
1887,a9ea7428-7450-4b01-9977-eb488307d250,261587,2025-10-06,157
1888,0f46e8ec-5d89-4ae6-b475-2d8866d2aa60,252,2025-11-05,67
1889,b25e72cb-55a5-4eb6-9ca9-dc85e88673db,296065,2025-10-16,168
1890,1816222a-e8d7-4409-986e-6b3782cc7470,15934,2025-12-19,157
1891,061754e3-f8e5-4ee0-b7ba-f88513bd147e,228165,2025-07-29,159
1892,47f0aae4-603d-4ce5-917d-ebbf9722de5c,44918,2025-12-02,117
1893,ccc5651f-aef6-4d3d-8a5d-5b36966a90ac,4327,2025-08-30,50
1894,c14b8e22-eea9-4e52-a71a-518919d21fec,32657,2025-09-02,112
1895,af690629-7e79-4393-9368-f303bcf19af2,728308,2025-07-18,104
1896,acf9dfd6-f528-4430-a82a-445f48eeab4d,9893,2025-07-11,108
1897,71b16b14-3feb-4ad4-a1a3-1f1523a70129,635302,2025-11-05,106
1898,46c39806-5ad5-46f8-b6b2-721f593ad3b9,10536,2025-07-15,143
1899,f5f19ed6-3477-4694-8670-8370bca863dc,1452,2025-12-18,77
1900,438ca78a-a72d-496c-84e9-1ddb70bcc1d6,1159831,2025-10-11,93
1901,7c9838dc-bba7-4fc8-9eb0-83735bb51d3b,5925,2025-08-23,174
1902,c9bc65d2-42f2-4d7a-92da-5c36979e7fd8,1284460,2025-12-04,98
1903,08454dbf-645b-40ca-bf4e-651d4f27a942,368412,2025-11-14,124
1904,b3f88d8a-409f-4e6e-8432-326009d17da1,588228,2025-10-23,66
1905,07fbfe20-7ce6-4dfa-92f0-3f9ce2b68550,63755,2025-10-16,88
1906,28a8a99d-e7e7-4f67-848f-7c156c1cefb3,843,2025-10-04,136
1907,aab387f3-4edc-41ed-b428-d2fdadb7d84c,1233575,2025-08-06,45
1908,8cdff50c-0c7c-45ed-9afb-53824e9c230b,59053,2025-07-21,40
1909,4a1f1387-0f79-4977-8dbb-cee071011ccb,9340,2025-10-16,73
1910,35a3c7dd-0658-4263-bd0f-21d49ef2b82c,16716,2025-10-29,50
1911,29b79e54-f388-45d8-83e5-699e303bb51a,843527,2025-11-11,59
1912,2aa85431-b326-45cc-b7a0-4c33e54441ad,62835,2025-09-07,61
1913,8404a93f-d6d1-44d0-923f-bba442b3342d,226074,2025-07-12,130
1914,0566f501-0e74-45b5-8081-c1fcc841df94,646385,2025-11-11,138
1915,f6949de3-7de0-46e4-8c9d-bf9ae2a6e0d6,187017,2025-08-04,93
1916,037cf4d3-02b3-4e88-8cae-c236c4b79db5,49292,2025-12-05,23
1917,cfb77b61-87bb-4190-aa4a-5c44ab559287,1315303,2025-07-17,127
1918,c07d40a6-eb1d-428c-a8f5-77fc9714eff1,12230,2025-08-18,86
1919,7cb59506-310c-48a6-a405-c735f5e0885d,41727,2025-07-29,68
1920,856718cc-6466-4521-b605-f8c1ef5eba93,34544,2025-09-27,169
1921,9b689544-10ce-4bf1-afd4-3fcfac48fdde,308403,2025-11-04,95
1922,51e43bb9-fb7d-4ef3-b2c8-587055161741,15472,2025-07-27,177
1923,9cf74a4c-c230-4556-9cdf-034f0a53b48a,7131,2025-08-30,81
1924,8c83b0b8-a36e-449b-a400-1fb9991754c8,13394,2025-11-30,105
1925,43f6fb81-5043-4774-96f0-a17833f1a0bd,1284460,2025-09-02,35
1926,8dbb182c-0c50-4f83-965b-1d0a47790ed4,9769,2025-12-25,72
1927,15038f53-3f10-402b-b238-2d561763a7fd,843,2025-08-09,44
1928,b515dd81-4f3f-4fca-a793-9620b9b9fb2d,1585476,2025-07-18,152
1929,e37cd832-2a2c-4f65-992e-59c4986e83c9,617,2025-11-17,66
1930,b68b585c-7eb7-4193-850c-543534e0f892,1086910,2025-12-09,85
1931,03b6fa95-e2b3-49ba-ab77-158080a43b24,1126166,2025-09-24,57
1932,6d986333-975d-4c81-b018-1c81527875f9,9072,2025-12-17,110
1933,d8c7600c-07c9-44a8-81f0-3760c8516b42,4951,2025-07-11,171
1934,b9fdf3e8-1377-4951-b680-d421da059356,76338,2025-09-10,78
1935,60f008b6-2df5-45cd-9b88-b149e17d7899,454527,2025-08-14,99
1936,58e69bed-d14e-40cc-9311-70b31583dc1a,11360,2025-09-24,37
1937,7f63c488-4358-4fff-8e66-3589c07833a5,41003,2025-10-25,74
1938,828e3a3c-c3cc-456d-ad1f-611082b3f752,21778,2025-08-08,34
1939,226da684-29b6-4d08-9ad1-8d6e131a03a8,926606,2025-08-13,173
1940,85a8bbcb-baa9-4ca3-a3fd-773cd824d7fc,1315303,2025-10-01,131
1941,2e853b27-362b-4b9f-86a5-6335f85f50a1,901362,2025-11-30,95
1942,38775b0d-897b-4a65-ba31-0a1d27ca8155,706503,2025-11-09,170
1943,8446a099-370f-4890-9202-5802b661fc6f,579974,2025-07-27,51
1944,5b42cb33-faa0-47d1-a223-e0f88a651658,615321,2025-12-28,49
1945,a516c79c-7c28-4507-ae65-1e8117c1047c,1354627,2025-07-12,23
1946,25b1b16a-b653-48e3-a173-d656eba45cde,110143,2025-11-16,49
1947,3b6b297b-c1b1-443f-ab1e-6bc7fb839340,1281,2025-12-03,74
1948,45f0d11f-bb3a-4b6d-b4ea-ba6ca3c54808,24122,2025-11-29,114
1949,487b6ab6-97d7-42ea-82a7-990e2799545b,564149,2025-08-30,164
1950,ccc5651f-aef6-4d3d-8a5d-5b36966a90ac,792,2025-09-30,72
1951,cbb23163-9bde-4f46-a851-2b0cb261c318,4327,2025-09-17,62
1952,fa923e2f-231a-48c4-a023-ef9f347f09a1,660120,2025-11-26,58
1953,24df3469-e9f5-4c7f-bda4-6f9a5f650e70,27860,2025-08-16,111
1954,b5c873c8-00dc-4da2-9669-694cdae3ffd9,166668,2025-11-17,100
1955,d04a5233-6773-4bf6-8905-0390601a7b5d,629,2025-11-16,35
1956,0c57d864-0f54-4781-9e7f-a16a37129660,368412,2025-12-26,76
1957,58193e55-c9cf-4aef-af73-35fac36da65f,842924,2025-07-24,56
1958,aee2c3e7-e814-4e07-b5fe-4cc6e810e40a,1290182,2025-07-29,44
1959,940ec9df-daec-4cf0-9abc-1ed84c8a9592,1337395,2025-12-12,22
1960,4c2d4e01-4ccb-42b8-802f-0f8be99c6c93,375846,2025-09-02,47
1961,8a447214-b40e-4c9d-82ff-c5ae65e12031,16716,2025-11-02,180
1962,b76f4b1f-18be-460c-90ec-2c2c5ce953db,843,2025-10-19,171
1963,deb28a0e-06f4-47cf-a41a-52a9e0ae300e,250546,2025-08-07,153
1964,bcbfb4bf-835b-4d19-913c-97c3e16d4978,250546,2025-09-10,115
1965,d36f7cca-0262-4887-8ffd-0ac725f0b5e0,137113,2025-07-15,150
1966,eb7a247d-3de8-4c05-92cb-e8d031da510d,728308,2025-12-02,145
1967,0bb30020-2d9d-41b3-809b-4c7a888b10fe,424694,2025-09-21,68
1968,41ff44a0-b1f0-4123-bb23-012d72187caa,10431,2025-10-11,89
1969,edbc152b-f68b-4339-aac6-43424564e17a,806405,2025-11-23,67
1970,b58363f2-2a53-4029-b5ed-d85a8a2947ff,14709,2025-07-17,70
1971,6a0a3a89-7b2c-48e4-9876-3c09ece256a6,1580234,2025-09-06,129
1972,aa604ae9-7388-4b4b-a2d2-1254a260adee,656908,2025-07-17,175
1973,d8c7600c-07c9-44a8-81f0-3760c8516b42,412154,2025-09-10,133
1974,c05be799-8d3f-46bf-b1fd-363106af4ba8,1354627,2025-10-26,79
1975,7c9838dc-bba7-4fc8-9eb0-83735bb51d3b,1133651,2025-09-05,79
1976,4df9ce2e-f067-4cfc-816c-5e1cd7b5283d,23823,2025-09-19,42
1977,cd8bf46a-e047-4c4a-930a-b7b5a712c223,661286,2025-10-19,45
1978,adc6f37c-42f4-4c62-ab52-9dbb88468f51,1246369,2025-08-14,165
1979,87663c75-f0c0-4449-b7af-15a80ba263a9,1585476,2025-12-10,124
1980,ea781e18-9b12-46b1-a5d1-ed1151a32b07,9470,2025-08-11,162
1981,ae8d269e-ec2f-4c21-ae7b-b9d6db214e04,930094,2025-08-21,84
1982,58e69bed-d14e-40cc-9311-70b31583dc1a,115,2025-10-23,121
1983,c9ff3854-283b-4b32-beb4-164f2789e767,49046,2025-07-24,120
1984,2c75bc0a-c49f-4bc8-9cf5-36840e93a94b,373571,2025-07-25,129
1985,ac68f654-e803-4d3d-b9bf-683e3a61c274,11932,2025-07-23,79
1986,e303ea57-f043-4a6a-93ae-51c89ed8d1ca,324552,2025-08-16,167
1987,71c87c37-808d-4521-86f2-a9eb8cda8349,8363,2025-08-22,163
1988,85a8bbcb-baa9-4ca3-a3fd-773cd824d7fc,10764,2025-11-06,38
1989,db0a5d3f-f758-4a62-b481-1826b6d2ceb2,454527,2025-07-04,59
1990,7aaaae8e-f237-4c66-a51b-ccc6df676f6e,335797,2025-07-04,82
1991,7dbe788c-5f4f-4176-a261-879f2d75cd09,1402,2025-12-13,144
1992,de6a54dd-71dc-45b5-b181-101e92de45e3,9820,2025-10-03,111
1993,e596017e-0307-429f-b47e-574186bb94da,968051,2025-11-28,24
1994,eaf24fc8-526e-4a96-a795-1671f0c3e675,1246369,2025-09-28,174
1995,725a28ee-a635-45d3-b8c1-860bdcc41dec,1233575,2025-07-23,174
1996,821fa345-d9f5-4a32-a938-0a63037cd3c3,1284460,2025-08-01,82
1997,e65c718b-d281-42d4-abfd-6187873e3113,18239,2025-07-27,63
1998,9d380d8e-8c38-42a7-b8c7-826895a09ce3,37735,2025-07-09,35
1999,c14b8e22-eea9-4e52-a71a-518919d21fec,43593,2025-09-23,60
2000,22b6fc9d-1b47-4032-8d23-6dc55e4be1fd,9399,2025-10-24,28
2001,b515dd81-4f3f-4fca-a793-9620b9b9fb2d,9470,2025-07-03,88
2002,a17575e0-8406-44da-a761-09df2408d340,6980,2025-10-07,84
2003,ebc61f0e-eb31-4936-a231-7d688e88145d,298,2025-08-26,108
2004,d939006d-ff10-41cb-8a10-609211ba9386,510,2025-08-30,69
2005,52594a2d-a241-4c5b-ae7b-ad7516dd985b,843527,2025-07-28,139
2006,54e35aab-60f1-44c7-ab30-9e1c9248a483,1246,2025-09-16,115
2007,72a16f39-7d57-4f71-812e-445462fbfb06,588228,2025-12-19,124
2008,3677f1ff-c74b-4c2d-9833-0c1ccaa2a34a,269495,2025-08-01,131
2009,ab150b6c-418d-4f95-ae90-672a76657320,1181701,2025-11-26,156
2010,36938d15-0f49-4b57-8d54-a7e4b617f070,660120,2025-10-24,118
2011,46c39806-5ad5-46f8-b6b2-721f593ad3b9,160840,2025-09-12,133
2012,c2ffdd21-f266-4554-ab0e-3a3b1293dc8f,140607,2025-12-10,120
2013,3cd3798a-ef89-4d3b-b784-567f514279d9,335977,2025-09-01,53
2014,fef9bc93-fbb9-45a5-a741-90180402b7ef,968051,2025-10-19,151
2015,72978300-bb9d-4d17-9767-8bdeb8687bff,987400,2025-10-30,36
2016,5812dde3-5e0c-4c8c-98ab-ff5a27b64894,506053,2025-11-08,180
2017,4012b450-d27f-47f0-a34b-528a8309ec0d,260362,2025-09-17,26
2018,cf6cd2b5-af52-4a5e-acbd-f710a598400f,254,2025-11-09,129
2019,367219fe-0ded-4674-a8b7-b545eed28498,968051,2025-10-14,107
2020,b61f6abd-656a-4c2c-a3e5-30424d17a994,11667,2025-07-20,140
2021,aa225c85-c990-42f6-9bf1-f3d23944ec8e,1252037,2025-11-22,22
2022,d0dda484-26e3-4c57-8ccc-b08b6ee7e907,1572,2025-10-20,115
2023,9e45a4ff-d391-439d-ae14-b6ae48177692,49046,2025-11-24,60
2024,c9eb5355-d983-4615-a199-85935c9b80bc,873488,2025-12-13,169
2025,cf146adf-d11c-4480-a80e-012e2a707dfb,1522923,2025-12-19,23
2026,8d60c80c-021c-4932-a88c-6ef78cd8e252,472815,2025-07-29,62
2027,86ea471b-a7f1-4da8-bca7-f8ff18414f06,1579,2025-09-22,117
2028,128efec3-65d2-43aa-be9b-ba3ee06803d5,1297860,2025-11-25,133
2029,e6962540-5e07-4941-973a-ca385b35b926,32657,2025-07-16,155
2030,0159e530-90cd-41e0-8e13-1023e77410ea,8392,2025-08-28,101
2031,cc86ac19-cd9f-45be-8fd5-2f5d70dacaed,385128,2025-08-17,127
2032,2eb9baf4-2daf-4dfd-a62f-553ee5fdec91,308403,2025-11-22,153
2033,73668b35-175c-4023-9995-f8da68321d82,954,2025-10-06,29
2034,c11e825b-e3b0-44cd-a635-7a80f67db279,373571,2025-11-14,39
2035,d5cf3ec9-798e-49ff-b290-f84b8ca795ff,752,2025-09-30,67
2036,dbbdb3cd-37b8-4057-b6ff-01b01aa0cf3e,15934,2025-12-28,161
2037,78eee84e-085f-40f1-8ff6-bd49cf08095c,2046,2025-09-01,41
2038,4d1a8726-4515-4b98-bd6d-5a15583393b4,537971,2025-10-19,87
2039,0449c430-9c36-49c2-a114-6cf56542a751,10830,2025-08-01,155
2040,653483a5-1e7d-4dec-b198-653312a4a26d,438695,2025-11-03,96
2041,dfb1ea22-0978-4c90-91d5-499756e09986,444951,2025-07-23,37
2042,cd9fc500-4bea-49ef-bb83-726abfeccd29,385128,2025-10-28,117
2043,3b6b297b-c1b1-443f-ab1e-6bc7fb839340,1159831,2025-08-07,100
2044,cfabf448-9b42-4e26-aaa9-2c58323c012b,1204186,2025-07-21,166
2045,c93f5495-6586-4525-b0f3-fac4c1d355c7,397243,2025-08-23,63
2046,6c3ab6ce-c730-4390-a597-137c17d56d6c,9340,2025-08-22,65
2047,bff3024c-4375-4bad-82a2-02a5a36392c5,440,2025-12-07,176
2048,2e71698b-2863-4a75-9f67-3426acd05d95,656908,2025-11-27,20
2049,0904d691-244a-4745-a77d-3baaff5f6f3c,15472,2025-12-22,136
2050,03134078-c847-460a-9e7e-34e547a45854,82690,2025-07-18,122
2051,ae8d269e-ec2f-4c21-ae7b-b9d6db214e04,12222,2025-12-22,91
2052,29f17f74-dc9d-4fc1-9652-d538a379162d,7326,2025-12-21,155
2053,a9eb314d-5914-461b-bfa2-0739171f73bd,681291,2025-08-09,149
2054,293e4cc8-f561-440e-83ae-87e8cb3eda2c,1083968,2025-07-10,110
2055,21e72a3f-6f90-46d5-af87-21c1da85004b,358895,2025-08-20,51
2056,8df60fb7-3db8-4371-add2-4476b4fb8402,12503,2025-08-05,92
2057,5812dde3-5e0c-4c8c-98ab-ff5a27b64894,1388456,2025-10-01,60
2058,ea281f8a-2887-495e-83e0-d06092089816,43593,2025-09-18,40
2059,63b15202-ff7b-4e66-8a61-cfe64abb34c1,65502,2025-09-06,95
2060,6b64aea6-aaed-4ffb-aba0-0d647a3b757d,11448,2025-10-16,179
2061,45f0d11f-bb3a-4b6d-b4ea-ba6ca3c54808,6980,2025-09-17,148
2062,d1df85f9-ed4f-4513-8399-192775604e21,969492,2025-09-29,144
2063,6c2b0021-f151-4dd2-a8da-c06bc67854cd,717980,2025-08-23,43
2064,d94786ed-1a2d-4000-bdf9-cf4eb4bf0db7,1252037,2025-12-12,72
2065,12989f9b-d243-421b-ab1a-afa7a65cce6a,7326,2025-07-28,113
2066,8cdff50c-0c7c-45ed-9afb-53824e9c230b,920302,2025-10-04,68
2067,f52cae74-5e26-4f54-baab-0638291af8c8,37135,2025-12-18,64
2068,3fd6569d-bd10-4114-b8ed-7389dbff35cd,602211,2025-12-07,74
2069,615b519b-5d81-4c2a-b7a7-80ed32674221,698687,2025-09-30,156
2070,68d4302b-c2c8-48c3-b0c6-18f73cef8af0,4232,2025-11-22,93
2071,f6949de3-7de0-46e4-8c9d-bf9ae2a6e0d6,22705,2025-10-20,124
2072,451f6676-2ba9-4825-be61-727b3b0e643c,11635,2025-08-15,166
2073,b1ef7426-2f7f-44cb-8340-fb78bf071c5f,2193,2025-08-25,62
2074,acf9dfd6-f528-4430-a82a-445f48eeab4d,419430,2025-11-21,124
2075,43d0a3e8-74b9-4d3c-8b52-442ae8f46fc6,9398,2025-12-24,72
2076,21f61cb1-11bd-46a0-b8cf-a2cab6e4cd5e,514847,2025-10-27,63
2077,f5f19ed6-3477-4694-8670-8370bca863dc,138103,2025-12-26,25
2078,ffa66787-a078-4e8c-95ca-8c1a6a5bf50e,859,2025-10-09,170
2079,6bdba591-3a7b-40bd-ab77-1ec99a8e5264,59053,2025-07-10,90
2080,0e674264-256b-4c96-9832-7ac9813dd7d9,381288,2025-07-17,162
2081,2d7135ef-7e2b-4e88-bece-136ba302eb6d,9353,2025-11-27,112
2082,261c3d2d-f8be-4fe2-8208-56ff1b68e30c,68726,2025-07-24,54
2083,061c40d3-d976-4501-853d-d4679092f999,43947,2025-09-11,36
2084,3fd6569d-bd10-4114-b8ed-7389dbff35cd,166426,2025-08-28,44
2085,73902df7-9c81-49a2-87e4-53d16886cf10,102899,2025-10-29,28
2086,8df60fb7-3db8-4371-add2-4476b4fb8402,11528,2025-11-23,59
2087,53e5fac1-ac15-4b3b-91e1-e27f27b8417c,335797,2025-12-13,81
2088,d13afe75-b971-4b78-9181-9ff8784ab094,377,2025-10-20,135
2089,9c1bb02b-1f77-4964-88f4-77bff6e0606c,404180,2025-08-10,137
2090,b515dd81-4f3f-4fca-a793-9620b9b9fb2d,843527,2025-08-18,123
2091,3adc5b73-9e7a-465e-8b00-23440fc1f972,35712,2025-07-13,81
2092,a6534cde-8076-44e0-a500-774d4672151e,1429,2025-11-25,146
2093,b0f00ca0-c723-4a2d-b8b2-07125f00ca7e,37735,2025-07-13,131
2094,0f46e8ec-5d89-4ae6-b475-2d8866d2aa60,438148,2025-10-26,133
2095,8846adb0-326c-4d52-9cba-8a638d233990,985932,2025-09-22,153
2096,0d4ce96b-47f2-432d-b82d-ae65aa90f64b,1204186,2025-07-04,64
2097,0ad4ed45-3b41-4590-9620-c54e1af5b332,593676,2025-08-21,82
2098,74eb5517-7395-4e18-81cc-a51fa36dc992,11970,2025-11-18,80
2099,1f5ed463-e08a-48fd-97b3-d3b6068c988b,274167,2025-10-25,137
2100,0f46e718-63c3-41bf-96a6-8142118e07d6,1271,2025-11-26,108
2101,a6534cde-8076-44e0-a500-774d4672151e,261037,2025-12-02,24
2102,7cb3a9ec-7bca-4dfe-ba22-57a8e19d374f,4951,2025-12-04,107
2103,ef30cb66-f029-4923-85a5-173ba007a5fa,9398,2025-12-13,137
2104,eb5e8102-a9e3-4717-bc72-a86ac96efb9c,8920,2025-09-22,173
2105,c7c661df-d19b-4a83-9c06-143cdacf2d8a,9398,2025-07-06,147
2106,d9e7bc19-f494-46e3-a6d4-d67a77330aa3,813762,2025-07-12,147
2107,52594a2d-a241-4c5b-ae7b-ad7516dd985b,138103,2025-11-14,156
2108,68d8ad87-fb5b-4100-a335-8406f7a9c1b4,1580353,2025-07-29,30
2109,5c349c3a-f7c3-472c-b472-1d61b941a844,120467,2025-08-11,46
2110,afd2ab1b-8c4d-42df-a92a-233e78d6f8a7,1126336,2025-07-10,141
2111,43fee15d-4260-454d-9628-0d4ad74fdb9e,417320,2025-07-01,164
2112,e6f2711e-cb84-4279-b2af-43d5a12be9b8,63755,2025-07-22,24
2113,9012afc9-7318-4719-8a6c-56b3d0d3877f,9637,2025-11-07,96
2114,d84e0d60-cf1e-4427-9bec-85dc8498a77b,602,2025-08-22,85
2115,7064f811-7df1-43f6-aaac-3a4780eaf5af,1004463,2025-07-13,65
2116,c3632f18-e6cb-4840-98af-2e1823a16b5b,812037,2025-12-22,76
2117,aee1d440-1645-4a02-b07c-89a9c01601fd,11544,2025-10-24,52
2118,2864573e-896e-4226-93a0-a3c8c910e564,197,2025-10-27,64
2119,b1bd6763-8818-4651-bcec-dea8b841b6cb,136799,2025-12-22,129
2120,4c35ee13-6d52-48a0-b63d-f6709f58dfad,791373,2025-09-06,29
2121,a17957c7-50cf-4db5-8ac6-806b96a080f8,196,2025-10-25,98
2122,6eb2a2c8-b070-4ea4-a1c7-8e66f89eefca,13394,2025-09-11,28
2123,ef2d242a-72c9-48a6-af3b-d1903cbf797e,10530,2025-12-27,102
2124,821fa345-d9f5-4a32-a938-0a63037cd3c3,72190,2025-08-17,171
2125,58b95646-2e18-402e-9ee5-38d017c854ab,1359,2025-09-28,87
2126,e472e75f-9bd0-4eea-8a0d-20113d512e02,250754,2025-09-21,133
2127,6efe0a90-ef32-4343-89a0-b4e5936f6b12,254473,2025-08-16,71
2128,3b5ce9c6-34a5-4751-ae06-db90fe89a0bd,514847,2025-12-08,127
2129,4e0484fc-1dbf-4a80-8222-c8ad91051f3b,1368,2025-11-01,108
2130,d7477a8d-78f3-413e-9582-fe1c3fd29878,745,2025-08-04,153
2131,69d7888e-eda4-4229-a977-a79d1c043cc7,792307,2025-10-04,155
2132,15038f53-3f10-402b-b238-2d561763a7fd,259693,2025-11-23,35
2133,5f1431bb-fcb6-4bc0-85bf-fd735c084c04,1895,2025-09-13,162
2134,af690629-7e79-4393-9368-f303bcf19af2,561,2025-10-21,100
2135,786e1bea-ab7a-415e-b4bc-9ff7f4d25d1e,615656,2025-11-02,81
2136,4a941992-fd0c-4b85-a6b0-fa95874129a8,37724,2025-10-08,140
2137,ab93bb01-949d-4e97-84df-4c0b32069ced,9902,2025-08-24,168
2138,0f46e8ec-5d89-4ae6-b475-2d8866d2aa60,311,2025-11-22,117
2139,cfb77b61-87bb-4190-aa4a-5c44ab559287,1323475,2025-12-11,116
2140,730ef8ec-fe4b-431f-a794-f76bb0827e00,566525,2025-07-02,124
2141,88f50216-2b74-45d9-97a0-1c50673da0c9,1368,2025-10-30,25
2142,4c39b976-d2e2-4c2f-a9c9-6f2a48d40476,420818,2025-08-04,77
2143,a6534cde-8076-44e0-a500-774d4672151e,9035,2025-08-17,104
2144,e22543b2-831d-44f2-b205-f731a19301ad,16716,2025-12-11,132
2145,dffe11c5-9551-40f8-aaa3-bfe64b4e3f1b,4951,2025-12-24,172
2146,cbb23163-9bde-4f46-a851-2b0cb261c318,1246369,2025-07-08,109
2147,2f9a1712-d511-457f-8588-cd14223cea54,273481,2025-10-21,160
2148,a28038f4-abff-44d8-a6b6-af10d084037c,14926,2025-12-08,70
2149,67b5a520-f68b-4d9f-b265-9d1f399a732e,308403,2025-08-09,64
2150,fd653737-40a2-4f00-9589-138f115d5f49,585511,2025-12-13,112
2151,443cde91-77bb-4b88-adaa-89eddb601953,337404,2025-09-22,47
2152,7cb3a9ec-7bca-4dfe-ba22-57a8e19d374f,49494,2025-11-20,170
2153,b97fb9d1-f136-42c3-b4df-e9a72e738a3f,752,2025-08-29,127
2154,367219fe-0ded-4674-a8b7-b545eed28498,11667,2025-12-20,110
2155,c738993e-07f7-42e7-84ee-77cd122a72b9,197,2025-11-16,86
2156,e7edb2f7-6edf-444c-b1f0-f7b1257e0464,1315303,2025-12-14,78
2157,34cab079-0f63-4a2c-ac58-3da4cc2d9ec9,537971,2025-11-29,169
2158,6100d6fb-9b9d-4624-81ad-1e9e01e07746,508943,2025-08-10,55
2159,0bb30020-2d9d-41b3-809b-4c7a888b10fe,1724,2025-12-20,84
2160,980664e3-5867-46e9-a9a9-571f904b64e2,44918,2025-09-29,23
2161,6dda6740-b231-491f-8a7d-236da2f63df2,252,2025-12-28,69
2162,b9fdf3e8-1377-4951-b680-d421da059356,1355126,2025-12-16,27
2163,815d05c1-033e-4d3a-801d-9163da2a5c8a,897160,2025-07-20,156
2164,a916222d-2a65-4097-a32a-b91c8c30699f,2056,2025-10-31,106
2165,367219fe-0ded-4674-a8b7-b545eed28498,9753,2025-07-24,167
2166,5d1422bc-90fa-402a-8078-442b29dedc91,11688,2025-07-01,94
2167,619782e9-2fd1-4b29-af7d-3e3fae62abd6,166426,2025-12-13,166
2168,bca205ea-a4ea-4cda-be60-9d8d12b64879,6980,2025-07-14,143
2169,6077301b-c64f-4d97-a207-fa80d68dce98,420818,2025-12-09,113
2170,b6327d26-aa1d-4aff-befc-18b5c49c6cd4,77412,2025-08-14,91
2171,67b5a520-f68b-4d9f-b265-9d1f399a732e,558829,2025-07-20,105
2172,1bf74013-9369-4a61-8200-b8c8dc833ae1,561,2025-07-06,108
2173,51095d93-040a-4746-b0a2-08f1c1c42843,602,2025-11-23,147
2174,ae1f2553-0e9c-4b27-a2b2-b787c02a22da,1248868,2025-12-21,162
2175,137eb4a3-f2e7-43df-a3ea-964a78d04209,390062,2025-10-02,32
2176,b018c1e0-7f91-4d5c-abce-1558410de0e1,9399,2025-09-18,35
2177,be81303c-7681-4619-891e-f0f7dde6df68,297270,2025-11-11,30
2178,77b32f9e-d5a0-4c77-906d-df4ca3f90522,4232,2025-11-23,149
2179,6b56f51a-f97f-421f-ac36-7251d27e07b9,588228,2025-10-22,27
2180,73902df7-9c81-49a2-87e4-53d16886cf10,646385,2025-10-25,118
2181,5812dde3-5e0c-4c8c-98ab-ff5a27b64894,929590,2025-07-23,159
2182,03237f08-90a8-495b-80b0-78567ed816f1,1291040,2025-11-11,174
2183,b1e0541a-5ebf-47e0-b914-100b272d8a71,13448,2025-11-04,39
2184,be723f92-ab99-4fca-ad8e-a2ac3531b277,2056,2025-12-13,62
2185,ef8d6172-3084-4242-a545-ac1c8425f5e3,838240,2025-12-12,51
2186,0449c430-9c36-49c2-a114-6cf56542a751,592695,2025-10-16,86
2187,007e60ed-6fb1-461c-9917-aa02448df0b1,859,2025-08-07,109
2188,69d7888e-eda4-4229-a977-a79d1c043cc7,384018,2025-11-01,26
2189,cfabf448-9b42-4e26-aaa9-2c58323c012b,9753,2025-07-03,147
2190,96b08fcc-29a9-48e2-85f3-0980aca12cf1,120467,2025-10-07,170
2191,6b56f51a-f97f-421f-ac36-7251d27e07b9,2293,2025-07-21,152
2192,061c40d3-d976-4501-853d-d4679092f999,1405338,2025-08-08,29
2193,4303187a-21e5-4fe2-9fc7-ca8acf97c5a0,37735,2025-08-22,40
2194,8a795cfe-828f-4786-94ae-62e444719b61,58027,2025-09-24,43
2195,27fdafad-f6c7-4151-be60-2965dc017bd5,612503,2025-11-05,131
2196,ef2d242a-72c9-48a6-af3b-d1903cbf797e,1242434,2025-10-05,27
2197,c9ff3854-283b-4b32-beb4-164f2789e767,843,2025-07-18,177
2198,f2877ad5-c935-4310-9b11-2b9439f479fd,9637,2025-07-26,143
2199,dee7ddb8-453b-49f0-9c53-060160ca09b6,17379,2025-09-23,79
2200,58193e55-c9cf-4aef-af73-35fac36da65f,1102776,2025-08-12,46
2201,4fc9a84e-fa92-4f2c-af43-fcfe64a42b98,11970,2025-11-15,105
2202,c09dd92b-e2e3-4428-bf60-faf22f10ffb8,7326,2025-07-06,90
2203,94f3c572-1b38-42a2-a33a-9479b16d48a8,49046,2025-12-05,154
2204,eb5e8102-a9e3-4717-bc72-a86ac96efb9c,9353,2025-09-02,153
2205,0c57d864-0f54-4781-9e7f-a16a37129660,454626,2025-10-05,82
2206,979874a0-f50d-4e2f-90d5-c845fdfa3e2c,530915,2025-10-29,163
2207,386f3ed4-0a7d-4bf3-ada9-3d989095de12,20526,2025-09-07,34
2208,137eb4a3-f2e7-43df-a3ea-964a78d04209,530385,2025-12-06,99
2209,2d2456bb-5133-4507-bb3f-e861ff18e180,50014,2025-10-11,50
2210,e6f2711e-cb84-4279-b2af-43d5a12be9b8,19595,2025-07-11,117
2211,deb28a0e-06f4-47cf-a41a-52a9e0ae300e,284053,2025-12-08,178
2212,037cf4d3-02b3-4e88-8cae-c236c4b79db5,966,2025-07-01,62
2213,9d380d8e-8c38-42a7-b8c7-826895a09ce3,121514,2025-11-21,102
2214,2f8c8bbf-b905-446b-960b-4bfce392dbb9,10530,2025-08-02,110
2215,be723f92-ab99-4fca-ad8e-a2ac3531b277,557946,2025-10-22,116
2216,e65c718b-d281-42d4-abfd-6187873e3113,968051,2025-09-18,170
2217,142a8542-d5a2-4e8a-8e00-8bb42d24ebf7,421892,2025-09-02,112
2218,a8d70f55-b7fb-4bb5-9062-5ed0f18c4b38,322,2025-08-23,63
2219,9c032a7e-56c8-4e4f-b494-f5c36c29a522,46581,2025-08-19,175
2220,9f48c09b-409c-45a8-a043-60ca064d28ad,752,2025-09-02,25
2221,be81303c-7681-4619-891e-f0f7dde6df68,740903,2025-12-12,168
2222,c05be799-8d3f-46bf-b1fd-363106af4ba8,1251717,2025-07-20,160
2223,69d7888e-eda4-4229-a977-a79d1c043cc7,9893,2025-11-23,114
2224,9e45a4ff-d391-439d-ae14-b6ae48177692,520318,2025-10-26,137
2225,98f4c2e9-e737-4151-ac50-ad3ce0aac128,624860,2025-08-17,71
2226,27fdafad-f6c7-4151-be60-2965dc017bd5,335,2025-09-19,175
2227,2e954abc-6a22-4235-b65e-047a454c9bb4,27579,2025-11-07,29
2228,4d1a8726-4515-4b98-bd6d-5a15583393b4,4584,2025-07-08,156
2229,d84e0d60-cf1e-4427-9bec-85dc8498a77b,1205648,2025-07-17,95
2230,ef30cb66-f029-4923-85a5-173ba007a5fa,302946,2025-11-08,98
2231,be329e57-7e88-4675-955c-93063cd01cbd,891699,2025-11-02,178
2232,d939006d-ff10-41cb-8a10-609211ba9386,44918,2025-11-10,127
2233,ea281f8a-2887-495e-83e0-d06092089816,791373,2025-08-30,138
2234,db0a5d3f-f758-4a62-b481-1826b6d2ceb2,36586,2025-07-22,91
2235,4a1f1387-0f79-4977-8dbb-cee071011ccb,1226863,2025-07-20,107
2236,451f6676-2ba9-4825-be61-727b3b0e643c,4327,2025-11-01,139
2237,fde43dfe-2220-4432-bab9-00d3ddb0cc6d,45588,2025-10-10,129
2238,84d6fe5b-a2ed-4b48-abd3-587916902904,2056,2025-07-20,24
2239,c2ffdd21-f266-4554-ab0e-3a3b1293dc8f,624860,2025-08-13,150
2240,8dbb182c-0c50-4f83-965b-1d0a47790ed4,1580234,2025-12-13,160
2241,ffa66787-a078-4e8c-95ca-8c1a6a5bf50e,454527,2025-11-14,167
2242,407857ad-e162-40b2-9c02-56be508b6ab4,1401318,2025-09-24,128
2243,7da30149-03ac-4a0d-94fc-1fc9082e9238,791373,2025-11-06,83
2244,b27f9460-fd18-427a-b4c5-0a6e3dc2a617,493922,2025-08-24,92
2245,96b08fcc-29a9-48e2-85f3-0980aca12cf1,1254808,2025-08-20,119
2246,4a1f1387-0f79-4977-8dbb-cee071011ccb,2046,2025-07-21,72
2247,b61f6abd-656a-4c2c-a3e5-30424d17a994,9820,2025-08-14,44
2248,8da68550-900c-4a5e-bbb3-8ee637ce31d5,1272837,2025-11-12,51
2249,2e6979ca-1dda-469c-86c4-f69581bdd602,324552,2025-12-03,22
2250,8bb5e037-3778-4365-8dc1-f37fbb7669c3,661286,2025-08-26,37
2251,db091174-6eb0-4301-9393-5e8d7c3730fa,10674,2025-10-22,175
2252,53599c51-ba17-4f94-b0d4-94011d2ba9d2,2109,2025-11-25,31
2253,85a8bbcb-baa9-4ca3-a3fd-773cd824d7fc,1450599,2025-08-05,30
2254,5c03e14a-8db2-460b-a410-8a560d1e2e69,15472,2025-10-05,66
2255,ef8d6172-3084-4242-a545-ac1c8425f5e3,666035,2025-11-30,37
2256,727aac42-45e6-42d3-99e5-f40c81147e60,882569,2025-11-30,34
2257,5d1422bc-90fa-402a-8078-442b29dedc91,2330,2025-11-29,152
2258,ac8dd9f7-0eb8-4698-b6e9-fbd52e44b146,567811,2025-11-07,55
2259,8539a754-eb1b-4222-9877-a3bc084b1ba5,15472,2025-07-08,146
2260,f14e6a2a-e713-4e05-92d3-2f3a23c89e92,1323475,2025-12-20,93
2261,f3cac9ce-9c86-44b2-97c1-cd24ad1eff3c,41517,2025-12-05,110
2262,f40f7929-c944-4426-8edb-334dc1666ec9,302946,2025-10-12,73
2263,4464a19a-5049-46d7-9e81-6fe74006079f,11775,2025-12-10,112
2264,d5cf3ec9-798e-49ff-b290-f84b8ca795ff,2193,2025-11-27,77
2265,a118172b-e907-4fa4-baa3-6a2c547d7399,408567,2025-07-30,174
2266,76327ebb-2519-400a-aa9f-66a16d3858a4,250754,2025-08-12,37
2267,15962aea-a3f4-4731-8b6a-b369a09e5ba2,37724,2025-12-22,31
2268,be723f92-ab99-4fca-ad8e-a2ac3531b277,615,2025-08-09,39
2269,039ddb6b-e1a3-4e64-a560-ca8d6d1b44db,101299,2025-09-09,68
2270,6413c11d-e235-4a12-9bf7-5d5f4d4c4893,1248868,2025-09-23,49
2271,c30a62e9-a0d1-4565-a2ae-366348aed80f,385128,2025-11-25,83
2272,fa9099f4-80f2-468c-bbb3-b846e1fc19ff,550988,2025-09-15,40
2273,76e0df68-04b3-4f8d-b17a-386c250fbd19,492611,2025-08-10,141
2274,a6534cde-8076-44e0-a500-774d4672151e,10674,2025-12-27,161
2275,31b0794a-be66-4f38-bc4d-3a5e90685950,773,2025-07-18,129
2276,a17575e0-8406-44da-a761-09df2408d340,1281,2025-07-01,87
2277,a6534cde-8076-44e0-a500-774d4672151e,110143,2025-11-25,156
2278,a51687d0-72ed-403e-8990-fb75c83e5d86,715831,2025-10-02,137
2279,9526bda7-dff2-4b18-89c8-ea26865ced2d,1169210,2025-09-25,113
2280,bd475dc2-bcf9-4abc-811a-1cf3d5dcae95,764,2025-08-23,172
2281,08454dbf-645b-40ca-bf4e-651d4f27a942,1022964,2025-10-09,156
2282,51095d93-040a-4746-b0a2-08f1c1c42843,308403,2025-08-25,29
2283,cfabf448-9b42-4e26-aaa9-2c58323c012b,17379,2025-12-28,75
2284,9d8b213d-69f4-49f2-abb6-1cd1b09cdf1e,34806,2025-07-05,75
2285,34cab079-0f63-4a2c-ac58-3da4cc2d9ec9,1284460,2025-10-15,86
2286,290c5bad-974f-4799-afaa-84444f5f93ec,1571470,2025-10-09,38
2287,aee1d440-1645-4a02-b07c-89a9c01601fd,397243,2025-08-13,156
2288,d835a587-a9bc-4bc7-8718-357ed450a329,762441,2025-09-07,52
2289,2e853b27-362b-4b9f-86a5-6335f85f50a1,695721,2025-10-20,69
2290,8539a754-eb1b-4222-9877-a3bc084b1ba5,1235746,2025-09-21,174
2291,007e60ed-6fb1-461c-9917-aa02448df0b1,1337395,2025-10-29,179
2292,cbb23163-9bde-4f46-a851-2b0cb261c318,270303,2025-08-26,148
2293,667fd48d-b437-400e-b000-41b900c53721,245891,2025-12-06,38
2294,e596017e-0307-429f-b47e-574186bb94da,242582,2025-11-09,134
2295,5f048acb-9da1-4ed4-a9a0-44331bf7427c,1203097,2025-07-10,180
2296,6e9c97eb-c525-4015-beb8-cbe5d4670a9a,297270,2025-11-20,91
2297,8846adb0-326c-4d52-9cba-8a638d233990,79871,2025-11-19,20
2298,6bdba591-3a7b-40bd-ab77-1ec99a8e5264,1354627,2025-07-22,82
2299,684a11b2-c32c-4197-88de-19aa7d82fb9f,7326,2025-10-11,68
2300,e9ca009d-5afa-4cd4-a68b-001f5e6a9a76,582083,2025-11-16,146
2301,4c39b976-d2e2-4c2f-a9c9-6f2a48d40476,1140535,2025-07-09,71
2302,979874a0-f50d-4e2f-90d5-c845fdfa3e2c,8195,2025-10-30,111
2303,f2877ad5-c935-4310-9b11-2b9439f479fd,13394,2025-12-22,137
2304,b58363f2-2a53-4029-b5ed-d85a8a2947ff,654028,2025-09-04,141
2305,0ec61972-52c1-4134-a91a-964a236ca2d3,6114,2025-08-25,75
2306,6305c1b4-a7b7-4c2c-8010-cdf91b5f51ee,397243,2025-08-17,120
2307,c7c661df-d19b-4a83-9c06-143cdacf2d8a,390062,2025-11-28,69
2308,fa923e2f-231a-48c4-a023-ef9f347f09a1,250754,2025-08-06,115
2309,a657932f-f61b-4575-bde2-12e451e94870,5528,2025-07-26,51
2310,d0dda484-26e3-4c57-8ccc-b08b6ee7e907,512200,2025-07-18,58
2311,bbdc742b-4e42-48fa-8b6a-d0c4608fac09,577922,2025-09-04,38
2312,8346e05f-f427-4b03-9150-89de51efe9df,58027,2025-11-12,155
2313,dbbdb3cd-37b8-4057-b6ff-01b01aa0cf3e,698508,2025-10-19,70
2314,ffdce357-3c8b-4b6b-87ea-904152425a7a,245891,2025-09-03,144
2315,8da68550-900c-4a5e-bbb3-8ee637ce31d5,2064,2025-10-31,120
2316,743a8e62-5d9f-4cd5-a201-a6df47c72a48,62835,2025-09-03,61
2317,5f1431bb-fcb6-4bc0-85bf-fd735c084c04,1206008,2025-08-24,71
2318,645300c8-eda1-4b9f-9fe5-bb0f0a681b60,2046,2025-12-01,36
2319,1efed095-4c8d-4bd8-a633-7b2c843990d0,324183,2025-09-26,157
2320,da0c079e-133a-47bd-a3b6-52bed81f5df6,937287,2025-07-01,27
2321,27fdafad-f6c7-4151-be60-2965dc017bd5,592983,2025-12-07,157
2322,72978300-bb9d-4d17-9767-8bdeb8687bff,385128,2025-09-02,54
2323,d9e7bc19-f494-46e3-a6d4-d67a77330aa3,245891,2025-08-26,179
2324,ebc61f0e-eb31-4936-a231-7d688e88145d,399174,2025-11-10,161
2325,cfabf448-9b42-4e26-aaa9-2c58323c012b,371895,2025-09-30,84
2326,979393a9-16ab-4c12-9977-66e05afd3a60,37799,2025-09-13,35
2327,21e72a3f-6f90-46d5-af87-21c1da85004b,8055,2025-10-19,30
2328,7dbe788c-5f4f-4176-a261-879f2d75cd09,791373,2025-10-09,152
2329,9f48c09b-409c-45a8-a043-60ca064d28ad,558829,2025-10-20,153
2330,fbd655ec-3bc7-42c6-a2e8-ea4eb99bdcaf,117263,2025-11-27,85
2331,407857ad-e162-40b2-9c02-56be508b6ab4,1140535,2025-09-09,86
2332,b4a11cab-1132-4084-968a-e6a94dda8593,5925,2025-08-24,72
2333,0b6ea4df-4e85-4bbf-8617-1f2884ee73f2,1429,2025-12-13,59
2334,febf5be7-a6ce-406d-a87e-ea26b8c692c2,14709,2025-07-21,27
2335,e1be7db6-52e8-4ffe-941c-e5462a70a35a,698508,2025-09-18,84
2336,8cdff50c-0c7c-45ed-9afb-53824e9c230b,57212,2025-12-24,176
2337,c9eb5355-d983-4615-a199-85935c9b80bc,873488,2025-11-04,86
2338,a65b3363-83fc-454f-b25e-e67704368dd3,8195,2025-08-21,103
2339,6726cae1-f755-4bf2-aa82-b74fb4eb97e8,48266,2025-11-21,66
2340,77b3ed1a-53a9-4dd2-8ea6-8fed67f4a56d,408567,2025-08-29,151
2341,b6d50d19-e21b-4431-86d1-2b4adc3d8977,1133651,2025-10-08,130
2342,356e6af5-7478-4c16-834b-2574da85eb65,444539,2025-08-08,70
2343,28a8a99d-e7e7-4f67-848f-7c156c1cefb3,843,2025-11-20,151
2344,47f0aae4-603d-4ce5-917d-ebbf9722de5c,566525,2025-09-19,100
2345,aab387f3-4edc-41ed-b428-d2fdadb7d84c,9470,2025-08-16,163
2346,8b2401aa-7866-4404-8434-ccb7a892e7dc,335,2025-07-12,68
2347,2376579e-33b1-4bfb-ab43-5899ab340a9c,539,2025-12-07,45
2348,726d8ccf-9b6e-4750-a647-0f5b0cea5c29,1205648,2025-09-05,59
2349,03588b45-196c-490e-870c-da0b4841a533,615321,2025-10-09,80
2350,0cf02ffb-2c31-425a-bfa2-57709cc228f3,11528,2025-10-27,109
2351,7732add7-1a46-40fe-a032-7ad2d6ae2d47,592695,2025-12-26,62
2352,3809ea71-a74d-47a7-b8da-118d2b1da3a7,1159831,2025-12-09,50
2353,8ff2dc4b-dca7-4e8b-b1a5-7522ae380452,1441,2025-07-22,153
2354,c05be799-8d3f-46bf-b1fd-363106af4ba8,472815,2025-07-09,98
2355,93e247d0-f966-446a-ba32-395f310e7c0a,128,2025-10-08,158
2356,a61adf10-8f9a-4766-baf8-28f2a60a20ce,968051,2025-10-15,149
2357,e96c766f-cd32-4864-96d3-5c2f5011569f,339403,2025-08-21,101
2358,6431dd54-6f10-403c-a9d9-ab66f1ab3783,715831,2025-07-17,135
2359,6077301b-c64f-4d97-a207-fa80d68dce98,27860,2025-11-09,173
2360,f23e0938-dd33-4f00-9c4e-c8985db21660,557946,2025-11-11,155
2361,290c5bad-974f-4799-afaa-84444f5f93ec,1291040,2025-07-21,120
2362,05d8ca72-1412-4333-b599-084b2f1d86c0,11199,2025-09-27,85
2363,0c9f7981-f2e5-435f-a809-86a51fda82af,567811,2025-12-21,179
2364,34f1cd89-c8a2-4e23-a531-79f6b68f3af3,424694,2025-07-21,110
2365,1a077873-cb51-413c-9cb9-9571f4134f97,1290190,2025-11-24,117
2366,3adc5b73-9e7a-465e-8b00-23440fc1f972,458220,2025-07-23,55
2367,2ae57ae7-a01a-4eba-ab22-6ae76e9a9a30,1252037,2025-10-14,120
2368,43fee15d-4260-454d-9628-0d4ad74fdb9e,377,2025-12-09,155
2369,4a1f1387-0f79-4977-8dbb-cee071011ccb,5925,2025-12-28,164
2370,c2a5932f-c721-4807-8a4a-32f250a33192,1100782,2025-07-31,134
2371,36938d15-0f49-4b57-8d54-a7e4b617f070,689679,2025-09-14,61
2372,c9bc65d2-42f2-4d7a-92da-5c36979e7fd8,461369,2025-10-19,36
2373,f57f0185-7fb5-4a7c-8a12-582b3c2d41d9,51162,2025-07-12,45
2374,098d5d8a-fea4-46d8-bfa4-634100c107e6,170,2025-08-29,34
2375,b61f6abd-656a-4c2c-a3e5-30424d17a994,1315303,2025-08-03,157
2376,758bb4db-87ca-4cb7-a944-0540570f48dd,1892,2025-11-25,58
2377,3424eec2-5e23-43bd-bb26-ea82b60cab9e,291870,2025-07-27,162
2378,f942a742-2689-45ba-9402-1ecfa46aad18,801335,2025-09-15,22
2379,aaea7e12-cd98-4b59-8e17-67a25a8c0f50,298,2025-11-11,136
2380,7c035c9e-8f30-4cec-905c-7afc445a1738,1300116,2025-09-09,158
2381,2e71698b-2863-4a75-9f67-3426acd05d95,13394,2025-09-26,180
2382,0159e530-90cd-41e0-8e13-1023e77410ea,918200,2025-08-17,154
2383,856718cc-6466-4521-b605-f8c1ef5eba93,404733,2025-10-18,161
2384,5c7f78de-9d5b-46ca-9070-4d657a639ed8,558829,2025-08-01,78
2385,d1df85f9-ed4f-4513-8399-192775604e21,7326,2025-08-09,120
2386,2eb9baf4-2daf-4dfd-a62f-553ee5fdec91,1892,2025-11-01,166
2387,4464a19a-5049-46d7-9e81-6fe74006079f,558829,2025-12-10,169
2388,c002aaf5-01e7-4134-9144-cea0bd1fced6,4032,2025-12-18,108
2389,4dba0fa4-723f-420b-9e17-203b92607bf2,335,2025-09-25,158
2390,f7289ce3-8543-46ea-8dd5-3a730d252aad,228165,2025-08-21,118
2391,b5179d03-346a-4b9e-8942-d41809262852,2193,2025-10-01,171
2392,73a420bd-3b7b-45fd-ba1d-c0e2949eebd5,1290190,2025-12-02,61
2393,ebc72bf3-d503-4353-8358-43bfd90e1999,1580234,2025-08-25,114
2394,170e4b56-f925-42d2-88c5-f124c21601c3,1297860,2025-11-21,154
2395,8bd6fd35-f401-47f5-9b16-febec90b1091,1371727,2025-08-24,35
2396,664cf432-a9e0-428e-9eb2-0829a7aea614,937287,2025-11-04,133
2397,8bd6fd35-f401-47f5-9b16-febec90b1091,2155,2025-10-29,46
2398,4d1a8726-4515-4b98-bd6d-5a15583393b4,10730,2025-08-31,31
2399,90fbf3dc-cf79-4189-9ba9-08e6d41100a6,301528,2025-08-31,63
2400,0159e530-90cd-41e0-8e13-1023e77410ea,214756,2025-12-25,124
2401,cc86ac19-cd9f-45be-8fd5-2f5d70dacaed,1159831,2025-12-16,107
2402,21f61cb1-11bd-46a0-b8cf-a2cab6e4cd5e,265195,2025-08-06,180
2403,2368e515-dc5b-4f49-9bbd-0dfbd61b88a8,12222,2025-10-07,30
2404,3424eec2-5e23-43bd-bb26-ea82b60cab9e,715831,2025-07-23,93
2405,5f43ec89-f07d-470d-b303-01b4e7b3359e,137113,2025-07-16,68
2406,0c57d864-0f54-4781-9e7f-a16a37129660,11230,2025-12-28,120
2407,821fa345-d9f5-4a32-a938-0a63037cd3c3,120467,2025-12-04,116
2408,f6b55005-8528-4f8f-b506-82bba496babb,1022964,2025-11-17,180
2409,2e954abc-6a22-4235-b65e-047a454c9bb4,4584,2025-11-09,103
2410,4c39b976-d2e2-4c2f-a9c9-6f2a48d40476,545611,2025-12-26,41
2411,a44f4b9a-7bae-4f83-b931-355ec2949b56,335797,2025-08-24,153
2412,b515dd81-4f3f-4fca-a793-9620b9b9fb2d,512200,2025-08-09,71
2413,2ae54c54-740e-4398-8f5c-abcaf2d62567,384018,2025-09-22,83
2414,045a273a-ab03-4a35-a756-cd5e6d7f9e0b,25961,2025-07-02,101
2415,4931627e-e3ae-48e5-bfb0-5ca70f6e3170,2280,2025-10-06,124
2416,fa923e2f-231a-48c4-a023-ef9f347f09a1,550988,2025-07-05,92
2417,6b56f51a-f97f-421f-ac36-7251d27e07b9,25961,2025-07-31,147
2418,d1b8989f-61b4-476e-8268-079867b0416f,259316,2025-07-06,39
2419,952ee26d-2e1a-4707-bbe4-ecf2f80a006c,433,2025-07-29,145
2420,dfb1ea22-0978-4c90-91d5-499756e09986,660120,2025-10-03,153
2421,702f3b63-c33f-4d0f-87f4-e5712a0e2ef4,1232546,2025-12-27,29
2422,ff8f34eb-6377-4eee-ab9e-cc949ab33eee,561,2025-08-20,79
2423,da6946ab-e1f7-492a-a031-4e772ffe7de9,76492,2025-10-24,22
2424,97b20396-7dcb-4ff2-a49d-91dce5edc65e,956057,2025-07-24,119
2425,08b2f03e-6960-43e0-a544-9025256ed5be,339403,2025-08-08,166
2426,f3cac9ce-9c86-44b2-97c1-cd24ad1eff3c,15566,2025-09-03,49
2427,be78658f-030e-4737-86c1-0d114b8b5f0a,372921,2025-08-02,72
2428,940ec9df-daec-4cf0-9abc-1ed84c8a9592,9902,2025-10-18,135
2429,5370adde-6e69-47c4-a058-59e6dbbfbd05,6844,2025-11-10,170
2430,db08e301-f408-4c53-999d-aba9784bbcf7,138103,2025-08-25,99
2431,7fa09db7-94a0-4c89-af65-8ec41462cdce,1204186,2025-12-28,96
2432,edbc152b-f68b-4339-aac6-43424564e17a,1297860,2025-10-03,23
2433,e7f989b1-2180-4498-9688-605c257df79e,616,2025-08-12,111
2434,8c9db19c-049c-4221-91f2-96720cf1a86d,119450,2025-08-28,61
2435,2becc8b6-353a-45ee-af5c-623a0245f6b5,12503,2025-07-18,43
2436,3fbe16a4-e0fd-4341-96f5-4d35f1b7fd7b,1248868,2025-07-07,99
2437,43f70f41-c493-4f24-b6a4-8e9527d473dc,968051,2025-09-24,105
2438,d744958c-d7de-4de2-a403-1dc09de3c492,1522923,2025-10-09,58
2439,5b42cb33-faa0-47d1-a223-e0f88a651658,660120,2025-12-27,130
2440,6d986333-975d-4c81-b018-1c81527875f9,873488,2025-09-30,128
2441,4931627e-e3ae-48e5-bfb0-5ca70f6e3170,146451,2025-11-14,62
2442,c2ffdd21-f266-4554-ab0e-3a3b1293dc8f,13187,2025-12-26,29
2443,122bef41-ccdb-47a2-90df-5f22be3ee05d,52212,2025-11-03,164
2444,6ee2f25a-0c54-4567-aaef-54434c4fd16c,4584,2025-08-31,180
2445,f7289ce3-8543-46ea-8dd5-3a730d252aad,1203097,2025-08-24,31
2446,c18e2d44-0e25-490f-88fb-4ca6d6c4c18c,12503,2025-09-20,135
2447,40887bd5-dfbb-443d-93fc-a51c9fcad681,16716,2025-11-16,30
2448,e9aa2688-c55a-4bf8-868e-e1af5b855e04,364,2025-12-24,107
2449,ffdce357-3c8b-4b6b-87ea-904152425a7a,660120,2025-09-27,27
2450,1ed39093-731c-489a-b276-0871799c0fc7,166426,2025-08-25,140
2451,db08e301-f408-4c53-999d-aba9784bbcf7,865,2025-10-15,68
2452,615d9c79-3f8a-43e4-ab65-e301984106e7,1254808,2025-08-27,180
2453,6c2b0021-f151-4dd2-a8da-c06bc67854cd,9769,2025-07-17,152
2454,6bdba591-3a7b-40bd-ab77-1ec99a8e5264,1091,2025-08-04,24
2455,7732add7-1a46-40fe-a032-7ad2d6ae2d47,654028,2025-10-26,58
2456,7a0f1f91-efd3-4b80-8822-fc76faa5291d,214756,2025-10-18,42
2457,68b15083-f1d1-47a2-9c93-88adb1605417,920,2025-08-27,56
2458,6305c1b4-a7b7-4c2c-8010-cdf91b5f51ee,420818,2025-12-18,47
2459,cd1e1560-43e4-46d6-909b-547f7205ceaa,10530,2025-07-28,127
2460,b1e0541a-5ebf-47e0-b914-100b272d8a71,373571,2025-07-07,120
2461,92e58ddf-4ba0-4960-ad5e-6266c680b20b,440,2025-07-24,167
2462,506863b8-fe40-4507-b6cf-1a653e9cb4d7,128,2025-08-16,122
2463,8930fe33-b16b-47d5-b663-2d18ff807a8f,773,2025-08-01,159
2464,f52cae74-5e26-4f54-baab-0638291af8c8,550988,2025-09-11,125
2465,913f1264-160c-49a6-b290-61f18089f72f,955555,2025-12-25,90
2466,7cc5b47b-ded8-4fcf-b076-0331af4d3f52,1291040,2025-07-27,52
2467,c23840c0-3120-4843-9c96-e7b0f8cc2c44,9035,2025-08-21,180
2468,e0712afd-3281-4489-a460-605c4861b622,539,2025-12-06,171
2469,bf35c774-0e79-40d3-b57f-64fefc446174,377,2025-12-02,73
2470,ef2d242a-72c9-48a6-af3b-d1903cbf797e,7446,2025-09-25,100
2471,8785a5cb-2ff4-486d-92a6-61e73a9946d7,2251,2025-07-24,69
2472,b5c873c8-00dc-4da2-9669-694cdae3ffd9,1004463,2025-08-31,51
2473,b4f8b4e7-e252-4d5c-8136-345960b364d9,41517,2025-10-23,128
2474,cc8206ca-de1c-4fb5-a8dd-d338c7aee6ce,745,2025-07-22,150
2475,40dc9fe2-feb2-4741-8f83-0748cf85911a,10895,2025-09-07,138
2476,1efed095-4c8d-4bd8-a633-7b2c843990d0,254,2025-09-09,58
2477,ef2d242a-72c9-48a6-af3b-d1903cbf797e,397243,2025-11-02,149
2478,e65c718b-d281-42d4-abfd-6187873e3113,34544,2025-08-05,175
2479,cc86ac19-cd9f-45be-8fd5-2f5d70dacaed,10476,2025-08-16,139
2480,9526bda7-dff2-4b18-89c8-ea26865ced2d,1004463,2025-07-28,78
2481,db0a5d3f-f758-4a62-b481-1826b6d2ceb2,72190,2025-08-28,150
2482,be329e57-7e88-4675-955c-93063cd01cbd,582083,2025-07-20,174
2483,615b519b-5d81-4c2a-b7a7-80ed32674221,1402719,2025-07-25,96
2484,0aab7032-edbb-49f7-a8a2-6176f04572cb,956057,2025-12-18,70
2485,d02a73a8-8ed9-4ae4-9740-fe021e979dc5,110143,2025-08-23,48
2486,8bd6fd35-f401-47f5-9b16-febec90b1091,1135303,2025-09-16,115
2487,2e853b27-362b-4b9f-86a5-6335f85f50a1,812037,2025-07-08,23
2488,932f124c-0549-4562-9390-815d4ceefd2a,851644,2025-11-25,128
2489,ef30cb66-f029-4923-85a5-173ba007a5fa,608812,2025-11-15,148
2490,c951ca08-0a63-4941-b66f-287dc46ace43,76338,2025-11-13,151
2491,daf4d464-3d6e-4821-bf6d-55142456d62b,608812,2025-12-24,116
2492,cebe905a-655a-4937-b2e8-d5a4e53594ec,2064,2025-10-08,134
2493,0ad4ed45-3b41-4590-9620-c54e1af5b332,35712,2025-08-16,143
2494,da6946ab-e1f7-492a-a031-4e772ffe7de9,166668,2025-08-08,119
2495,86aeb2b0-1678-45f6-b2dd-d9357a06a5de,1159831,2025-09-04,143
2496,6c2b0021-f151-4dd2-a8da-c06bc67854cd,8055,2025-12-24,90
2497,09e5c4a4-6e84-48ee-b7d3-755047383227,259316,2025-10-23,130
2498,b1ef7426-2f7f-44cb-8340-fb78bf071c5f,10625,2025-09-14,121
2499,6e9c97eb-c525-4015-beb8-cbe5d4670a9a,425980,2025-11-07,66
2500,af98a8ff-e078-4253-9f65-47271cd8ee99,13394,2025-10-26,91
2501,09a36ef1-0cf3-4545-8190-f4353042e29b,1214028,2025-12-04,30
2502,38775b0d-897b-4a65-ba31-0a1d27ca8155,2280,2025-10-14,147
2503,9df3a0e7-eebc-4ee9-924c-bb214ea1dd34,695721,2025-07-20,47
2504,51095d93-040a-4746-b0a2-08f1c1c42843,16295,2025-09-14,123
2505,236f82b9-5d16-4d24-9e1c-2b475467eddc,2251,2025-11-09,114
2506,ff8f34eb-6377-4eee-ab9e-cc949ab33eee,1579,2025-08-02,143
2507,7f2b10bb-3b06-446a-bf91-d59305750b4a,1235746,2025-07-20,157
2508,40dc9fe2-feb2-4741-8f83-0748cf85911a,259693,2025-11-19,145
2509,dfb1ea22-0978-4c90-91d5-499756e09986,481871,2025-07-02,22
2510,b5c873c8-00dc-4da2-9669-694cdae3ffd9,74997,2025-08-06,46
2511,03b6fa95-e2b3-49ba-ab77-158080a43b24,4232,2025-07-31,165
2512,eb0669d5-ee84-4d8f-9337-c1aa420b0d0d,1320414,2025-10-14,109
2513,68d4302b-c2c8-48c3-b0c6-18f73cef8af0,12193,2025-10-12,58
2514,d1df85f9-ed4f-4513-8399-192775604e21,49529,2025-11-05,150
2515,9773e882-deee-4217-bf19-774520b7e13c,481871,2025-10-04,171
2516,27fdafad-f6c7-4151-be60-2965dc017bd5,588228,2025-08-22,100
2517,7cb59506-310c-48a6-a405-c735f5e0885d,1252037,2025-11-30,78
2518,4a1f1387-0f79-4977-8dbb-cee071011ccb,1320414,2025-10-22,82
2519,815d05c1-033e-4d3a-801d-9163da2a5c8a,11932,2025-11-10,31
2520,128efec3-65d2-43aa-be9b-ba3ee06803d5,284053,2025-08-09,174
2521,87663c75-f0c0-4449-b7af-15a80ba263a9,1311844,2025-08-04,153
2522,413e5a79-ee95-48d4-abdf-c29c83358e2e,254,2025-09-21,137
2523,0cf02ffb-2c31-425a-bfa2-57709cc228f3,510,2025-11-21,178
2524,c129e1ee-e093-4e9e-b474-021e61e48054,360784,2025-11-02,105
2525,5d9ab00c-79dc-43f4-b7c6-cf1221f911e1,593676,2025-07-29,128
2526,e303ea57-f043-4a6a-93ae-51c89ed8d1ca,76338,2025-12-20,157
2527,6b64aea6-aaed-4ffb-aba0-0d647a3b757d,1091,2025-07-28,133
2528,88f50216-2b74-45d9-97a0-1c50673da0c9,629542,2025-12-04,159
2529,68b15083-f1d1-47a2-9c93-88adb1605417,20526,2025-11-17,169
2530,90fbf3dc-cf79-4189-9ba9-08e6d41100a6,10895,2025-11-10,53
2531,4559d6b8-f5f6-44f1-971d-9881e0706509,70981,2025-07-10,141
2532,af690629-7e79-4393-9368-f303bcf19af2,592695,2025-10-29,46
2533,77fb7ca7-c7a7-4079-b4a0-e57d4615c244,9074,2025-12-06,82
2534,77b32f9e-d5a0-4c77-906d-df4ca3f90522,122906,2025-10-05,57
2535,142a8542-d5a2-4e8a-8e00-8bb42d24ebf7,1561498,2025-12-06,100
2536,5aadbce8-81ed-40f6-9cbc-a04345dbee5e,27860,2025-11-11,148
2537,f8bac97b-de0a-40b7-b46e-9192f18f646b,10198,2025-07-28,107
2538,43d0a3e8-74b9-4d3c-8b52-442ae8f46fc6,1289888,2025-08-19,171
2539,99d39649-9af5-4e33-9aef-21652b3dbc00,16295,2025-12-05,168
2540,be78658f-030e-4737-86c1-0d114b8b5f0a,1310458,2025-11-28,22
2541,d09cef7d-4aba-4d41-95a4-d20bcea4edac,9398,2025-09-07,116
2542,9e45a4ff-d391-439d-ae14-b6ae48177692,1352528,2025-10-02,77
2543,49ee6bbb-fa3f-419e-be8f-e1b1885c7fd7,358895,2025-12-05,46
2544,c6f2052b-9d57-43e3-8a97-ac903ea7334b,93456,2025-08-11,180
2545,74eb5517-7395-4e18-81cc-a51fa36dc992,13461,2025-10-14,93
2546,786e1bea-ab7a-415e-b4bc-9ff7f4d25d1e,698687,2025-12-10,56
2547,d3418b60-012f-4a7c-bde9-31f44c707b86,10674,2025-12-01,95
2548,7b862d59-859e-4bd9-a9b5-10990e150477,2046,2025-10-21,170
2549,43f6fb81-5043-4774-96f0-a17833f1a0bd,462181,2025-09-05,24
2550,758bb4db-87ca-4cb7-a944-0540570f48dd,128,2025-08-30,135
2551,38b3d803-b3f6-42b2-a5c0-7060275e09f2,290524,2025-07-30,173
2552,d7441a98-caf5-451b-acc7-ec0975017be5,843,2025-10-12,62
2553,9f51012a-2fa5-4060-950f-ee232fde89f1,1004463,2025-09-18,108
2554,480e0e1e-4eb5-487b-aff9-6e04ee4d3f79,440,2025-12-20,137
2555,506863b8-fe40-4507-b6cf-1a653e9cb4d7,508947,2025-10-05,131
2556,98eae76e-7395-450d-93cb-5c7db8d640b6,615,2025-07-16,135
2557,821fa345-d9f5-4a32-a938-0a63037cd3c3,1429,2025-10-08,133
2558,619782e9-2fd1-4b29-af7d-3e3fae62abd6,1277988,2025-12-11,51
2559,5b42cb33-faa0-47d1-a223-e0f88a651658,588228,2025-09-20,87
2560,e6dca766-9468-4275-8c6a-036a63510bc8,950,2025-08-13,163
2561,480e0e1e-4eb5-487b-aff9-6e04ee4d3f79,13448,2025-10-15,44
2562,f7289ce3-8543-46ea-8dd5-3a730d252aad,2064,2025-11-16,87
2563,68af2751-9f08-43b9-97e2-1cbac2afb201,15167,2025-07-23,83
2564,cfb77b61-87bb-4190-aa4a-5c44ab559287,1135873,2025-12-23,95
2565,7f2b10bb-3b06-446a-bf91-d59305750b4a,22705,2025-07-16,149
2566,0f745d39-f5f3-4bc8-b6bf-850d3e4c4cdf,1206008,2025-12-05,155
2567,eb7a247d-3de8-4c05-92cb-e8d031da510d,1454308,2025-07-17,173
2568,6b9dff09-a531-4798-9de5-2b9419541532,24886,2025-12-27,63
2569,cc979393-dbc5-494b-9a95-d7d179bd12d3,49521,2025-12-14,148
2570,274a8a22-0192-43b0-a149-e0d9ee9f8540,259693,2025-09-22,78
2571,65b10d79-260f-4b51-95f0-360d2f26244d,15934,2025-07-01,117
2572,fb8a0d7e-a982-4c18-827c-a23c6d6fea58,1149912,2025-07-30,107
2573,bff3024c-4375-4bad-82a2-02a5a36392c5,1452,2025-08-28,48
2574,6a0a3a89-7b2c-48e4-9876-3c09ece256a6,45588,2025-09-03,38
2575,9d72e9cd-81cf-4423-81dc-74bc213a2eaa,274167,2025-08-02,135
2576,a04d3d7d-8e98-4168-91d4-5ff938088f26,8467,2025-10-01,47
2577,a04d3d7d-8e98-4168-91d4-5ff938088f26,120467,2025-07-16,47
2578,29ffb15a-d444-4e07-9fbc-4bd7eafdd012,260362,2025-09-29,103
2579,137eb4a3-f2e7-43df-a3ea-964a78d04209,274857,2025-08-29,45
2580,0466b8f2-1d2b-493c-8012-50303ce91639,385128,2025-12-18,169
2581,8da68550-900c-4a5e-bbb3-8ee637ce31d5,424694,2025-11-25,110
2582,a514b66a-df7c-47bd-a120-14d63c1bcc31,57212,2025-10-16,173
2583,a683c5ac-78ae-482f-b842-ee9ca33616c0,812,2025-12-24,104
2584,a34a769f-6752-4275-b79f-30b90e1fb7a1,675353,2025-11-01,144
2585,21e72a3f-6f90-46d5-af87-21c1da85004b,842924,2025-10-01,95
2586,d7477a8d-78f3-413e-9582-fe1c3fd29878,214756,2025-12-21,172
2587,e303ea57-f043-4a6a-93ae-51c89ed8d1ca,10536,2025-12-17,93
2588,cd9da5cf-7e5c-456e-830f-9541edb5a533,954,2025-07-03,165
2589,cc2a8eea-4870-4f59-8f23-02676b70515a,1620,2025-07-19,125
2590,8446a099-370f-4890-9202-5802b661fc6f,550988,2025-11-01,140
2591,69d7888e-eda4-4229-a977-a79d1c043cc7,74997,2025-07-24,49
2592,9c1bb02b-1f77-4964-88f4-77bff6e0606c,537971,2025-08-05,111
2593,980664e3-5867-46e9-a9a9-571f904b64e2,228165,2025-08-29,40
2594,77a4268c-ee03-4ee9-8c29-56dbb68ba0b8,1284460,2025-07-20,38
2595,72374e9a-cb43-41b5-9d0d-41b19ddfd21d,82139,2025-09-11,120
2596,9d8b213d-69f4-49f2-abb6-1cd1b09cdf1e,865,2025-10-21,64
2597,43cf9de1-5770-4b66-9712-d425b4709be6,492611,2025-11-14,174
2598,c05be799-8d3f-46bf-b1fd-363106af4ba8,2155,2025-07-08,37
2599,ebc72bf3-d503-4353-8358-43bfd90e1999,1126166,2025-11-11,78
2600,2864573e-896e-4226-93a0-a3c8c910e564,501007,2025-10-04,159
2601,6bb2eb77-bd5c-44c2-be2e-f63262d0e0fe,1402719,2025-07-07,27
2602,03588b45-196c-490e-870c-da0b4841a533,37135,2025-11-26,159
2603,6ee2f25a-0c54-4567-aaef-54434c4fd16c,261905,2025-08-27,165
2604,f2877ad5-c935-4310-9b11-2b9439f479fd,1281,2025-10-08,95
2605,506863b8-fe40-4507-b6cf-1a653e9cb4d7,170,2025-10-25,159
2606,03237f08-90a8-495b-80b0-78567ed816f1,51482,2025-09-24,61
2607,0e5d2249-1622-421a-bd3d-e6ff8bebfc81,400535,2025-09-22,90
2608,be329e57-7e88-4675-955c-93063cd01cbd,116613,2025-10-12,98
2609,0566f501-0e74-45b5-8081-c1fcc841df94,954,2025-10-28,110
2610,bca205ea-a4ea-4cda-be60-9d8d12b64879,587792,2025-08-24,117
2611,a04d3d7d-8e98-4168-91d4-5ff938088f26,698508,2025-07-01,100
2612,f063145f-8d7a-4c71-9faa-8f08d549d474,2155,2025-08-04,24
2613,e7f989b1-2180-4498-9688-605c257df79e,27579,2025-09-23,106
2614,5c03e14a-8db2-460b-a410-8a560d1e2e69,10144,2025-12-18,81
2615,09e5c4a4-6e84-48ee-b7d3-755047383227,818647,2025-09-17,21
2616,4c2d4e01-4ccb-42b8-802f-0f8be99c6c93,1086910,2025-09-18,145
2617,037cf4d3-02b3-4e88-8cae-c236c4b79db5,13767,2025-08-13,137
2618,29f17f74-dc9d-4fc1-9652-d538a379162d,250546,2025-11-16,76
2619,cd8bf46a-e047-4c4a-930a-b7b5a712c223,76338,2025-10-30,41
2620,a44f4b9a-7bae-4f83-b931-355ec2949b56,18239,2025-08-21,143
2621,1052030b-3f4b-4138-a628-a9e7197b2ef7,11970,2025-10-06,129
2622,160e3d47-1244-4f92-94ce-36dec472ffb2,920302,2025-09-10,87
2623,3fbe16a4-e0fd-4341-96f5-4d35f1b7fd7b,1300116,2025-09-23,35
2624,b5c873c8-00dc-4da2-9669-694cdae3ffd9,930094,2025-12-19,170
2625,8446a099-370f-4890-9202-5802b661fc6f,77412,2025-09-22,175
2626,b25e72cb-55a5-4eb6-9ca9-dc85e88673db,45243,2025-08-11,28
2627,2376579e-33b1-4bfb-ab43-5899ab340a9c,715831,2025-11-12,151
2628,bf35c774-0e79-40d3-b57f-64fefc446174,9487,2025-12-10,75
2629,cbb23163-9bde-4f46-a851-2b0cb261c318,454527,2025-09-07,163
2630,8df60fb7-3db8-4371-add2-4476b4fb8402,274857,2025-08-09,21
2631,8141fcb1-9315-42fb-96cd-ba1243befaa7,45243,2025-08-31,25
2632,0e674264-256b-4c96-9832-7ac9813dd7d9,1206008,2025-09-21,92
2633,0159e530-90cd-41e0-8e13-1023e77410ea,1320414,2025-08-03,108
2634,988d7a65-be01-4b3d-95c1-05b237a93b29,259693,2025-08-30,179
2635,472ee39f-2902-41ea-bee5-c4a18978915b,615321,2025-07-09,85
2636,f3cac9ce-9c86-44b2-97c1-cd24ad1eff3c,48266,2025-10-24,75
2637,988d7a65-be01-4b3d-95c1-05b237a93b29,254473,2025-08-03,24
2638,1ed39093-731c-489a-b276-0871799c0fc7,30484,2025-07-29,176
2639,bcd5528f-a7ba-43bf-9c74-b9c118e568bf,51482,2025-09-27,162
2640,71fff63e-f111-4942-9c0d-90247e4ebd8b,419430,2025-07-09,97
2641,aee1d440-1645-4a02-b07c-89a9c01601fd,116613,2025-10-09,39
2642,725ae064-3ca7-4294-95d6-4e4653ac35db,1246,2025-07-28,66
2643,9969361c-f553-48d9-8e5f-cf88f9c7d8fa,2046,2025-07-06,58
2644,7f6be313-8320-48ef-98e8-85612c45bbdd,514847,2025-08-17,119
2645,d0dda484-26e3-4c57-8ccc-b08b6ee7e907,358895,2025-10-05,86
2646,eb0669d5-ee84-4d8f-9337-c1aa420b0d0d,242582,2025-08-21,169
2647,9d497e17-1f55-4a5c-8a74-a22a69ebfc01,77412,2025-07-06,99
2648,8542dde6-ca98-4016-b289-168825795b66,109418,2025-12-25,55
2649,0cf02ffb-2c31-425a-bfa2-57709cc228f3,115,2025-08-28,102
2650,cab9a766-9386-4c2b-b9b0-2a7c19646367,32657,2025-10-14,125
2651,bac82dfe-a7e2-4af9-a5e1-712c68dcf201,11448,2025-08-25,103
2652,8f870e8c-3c82-46ba-acfa-c75c2fcd3156,72190,2025-08-23,157
2653,d744958c-d7de-4de2-a403-1dc09de3c492,377,2025-12-07,172
2654,8bd6fd35-f401-47f5-9b16-febec90b1091,461369,2025-12-12,50
2655,c002aaf5-01e7-4134-9144-cea0bd1fced6,901362,2025-07-10,80
2656,fe5ced20-20e6-4fec-8893-b727df1716fc,672322,2025-12-13,87
2657,dee7ddb8-453b-49f0-9c53-060160ca09b6,1242434,2025-11-11,54
2658,f65dc1a4-e8f9-4ad6-a0b3-af2c692c25de,1284460,2025-09-06,130
2659,ebc72bf3-d503-4353-8358-43bfd90e1999,120467,2025-12-22,124
2660,9da6443d-6195-48fe-99e5-c79dc4ce1a72,22832,2025-09-30,171
2661,7cb59506-310c-48a6-a405-c735f5e0885d,1402,2025-09-26,137
2662,5370adde-6e69-47c4-a058-59e6dbbfbd05,1159831,2025-12-05,179
2663,5f43ec89-f07d-470d-b303-01b4e7b3359e,44918,2025-12-21,171
2664,0b6ea4df-4e85-4bbf-8617-1f2884ee73f2,421892,2025-07-29,172
2665,6c3ab6ce-c730-4390-a597-137c17d56d6c,493529,2025-07-31,96
2666,57162c52-539d-4f0a-8696-b8f55f83f51e,302946,2025-08-06,59
2667,367219fe-0ded-4674-a8b7-b545eed28498,458220,2025-07-23,20
2668,061c40d3-d976-4501-853d-d4679092f999,21778,2025-07-29,158
2669,29b79e54-f388-45d8-83e5-699e303bb51a,49530,2025-08-02,57
2670,e7edb2f7-6edf-444c-b1f0-f7b1257e0464,254473,2025-10-23,167
2671,8f870e8c-3c82-46ba-acfa-c75c2fcd3156,11528,2025-11-04,39
2672,d4e69b65-c768-485d-aa5f-59bbc7d6248e,615,2025-07-11,53
2673,6413c11d-e235-4a12-9bf7-5d5f4d4c4893,320,2025-08-28,27
2674,c30a62e9-a0d1-4565-a2ae-366348aed80f,1359,2025-08-09,30
2675,e5ba7406-2a55-40e0-bb8c-ad19b6177626,1356039,2025-11-14,78
2676,f6909542-d106-4655-aaf6-b8900494e157,6980,2025-08-25,41
2677,34f1cd89-c8a2-4e23-a531-79f6b68f3af3,1096563,2025-09-01,148
2678,2bd6a655-db38-4569-91b5-1176964d92c9,10193,2025-08-07,135
2679,2e71698b-2863-4a75-9f67-3426acd05d95,52212,2025-11-09,55
2680,94faf822-0ea6-414c-9ebb-80444e94a27a,1140535,2025-12-08,80
2681,af98a8ff-e078-4253-9f65-47271cd8ee99,579974,2025-09-04,129
2682,8576d1e4-dc2a-4029-80cd-6b29334849c3,660120,2025-09-22,116
2683,1052030b-3f4b-4138-a628-a9e7197b2ef7,73723,2025-09-28,91
2684,506863b8-fe40-4507-b6cf-1a653e9cb4d7,160840,2025-11-10,176
2685,2eb9baf4-2daf-4dfd-a62f-553ee5fdec91,1148713,2025-08-18,92
2686,e6962540-5e07-4941-973a-ca385b35b926,43593,2025-12-05,61
2687,7da30149-03ac-4a0d-94fc-1fc9082e9238,37724,2025-10-09,115
2688,615d9c79-3f8a-43e4-ab65-e301984106e7,918200,2025-11-01,45
2689,08b2f03e-6960-43e0-a544-9025256ed5be,440,2025-09-16,75
2690,94f3c572-1b38-42a2-a33a-9479b16d48a8,11011,2025-10-09,180
2691,aa604ae9-7388-4b4b-a2d2-1254a260adee,10625,2025-09-18,173
2692,805594a4-9409-49f4-9808-5f693be0c5fd,11544,2025-08-08,114
2693,900f3414-c79f-4aff-8ee8-cf712ee5b2d3,58027,2025-10-21,47
2694,6bb2eb77-bd5c-44c2-be2e-f63262d0e0fe,10867,2025-12-09,145
2695,84d6fe5b-a2ed-4b48-abd3-587916902904,373571,2025-12-15,83
2696,2368e515-dc5b-4f49-9bbd-0dfbd61b88a8,9353,2025-07-22,79
2697,6413c11d-e235-4a12-9bf7-5d5f4d4c4893,115,2025-09-04,94
2698,708ade3c-9d4b-4620-8df5-760c038ac39c,843,2025-08-12,123
2699,0b8fd83c-6beb-4616-9ab5-af07da43ed9a,12665,2025-12-22,40
2700,aee2c3e7-e814-4e07-b5fe-4cc6e810e40a,2280,2025-08-31,102
2701,6ee2f25a-0c54-4567-aaef-54434c4fd16c,299537,2025-08-19,179
2702,356e6af5-7478-4c16-834b-2574da85eb65,4247,2025-10-15,51
2703,9048c7a0-f60d-480c-8e34-474df3bd77ed,43347,2025-07-05,146
2704,102fd85d-43c0-46b9-891a-51d4d1748f8e,9820,2025-10-03,173
2705,821fa345-d9f5-4a32-a938-0a63037cd3c3,668489,2025-08-04,33
2706,14bda2cd-e0ba-4935-b00c-191376524976,504056,2025-07-24,47
2707,a9e0ee0c-51a9-45da-8c1d-c69d475d7192,1400382,2025-08-09,165
2708,4012b450-d27f-47f0-a34b-528a8309ec0d,10527,2025-08-09,93
2709,67b5a520-f68b-4d9f-b265-9d1f399a732e,9444,2025-11-11,53
2710,df998356-480e-4bea-95dc-97fc06e52350,38234,2025-08-06,137
2711,f57f0185-7fb5-4a7c-8a12-582b3c2d41d9,15167,2025-09-21,148
2712,386f3ed4-0a7d-4bf3-ada9-3d989095de12,1572,2025-12-14,54
2713,514735c3-4640-4150-9a70-785abc8759f5,1203097,2025-09-29,116
2714,386f3ed4-0a7d-4bf3-ada9-3d989095de12,52212,2025-08-18,75
2715,0aab7032-edbb-49f7-a8a2-6176f04572cb,10674,2025-11-12,40
2716,c24f836e-06a9-4a6d-8c7b-fb599457757e,1190511,2025-09-07,115
2717,ab150b6c-418d-4f95-ae90-672a76657320,11544,2025-07-03,132
2718,487b6ab6-97d7-42ea-82a7-990e2799545b,166426,2025-11-17,120
2719,e6f2711e-cb84-4279-b2af-43d5a12be9b8,454626,2025-07-09,75
2720,f4bdf0f1-da28-4af1-8f4d-f2822ccd4c14,14243,2025-08-18,34
2721,506863b8-fe40-4507-b6cf-1a653e9cb4d7,1300116,2025-09-16,97
2722,1ed39093-731c-489a-b276-0871799c0fc7,1522923,2025-07-04,34
2723,99d39649-9af5-4e33-9aef-21652b3dbc00,1190511,2025-08-11,141
2724,451f6676-2ba9-4825-be61-727b3b0e643c,10830,2025-08-19,136
2725,e6dca766-9468-4275-8c6a-036a63510bc8,752,2025-10-26,42
2726,30e6cf48-6f24-4d17-98a3-8d425248183c,501007,2025-09-29,56
2727,6ee2f25a-0c54-4567-aaef-54434c4fd16c,2330,2025-11-02,127
2728,018ec607-f3fd-480d-acb2-3d9b125ee7c4,504056,2025-09-16,54
2729,2ae57ae7-a01a-4eba-ab22-6ae76e9a9a30,49046,2025-08-13,142
2730,3431a537-f55c-4833-a7e3-21e93dce779b,791373,2025-09-27,86
2731,828e3a3c-c3cc-456d-ad1f-611082b3f752,746036,2025-07-07,79
2732,0b8fd83c-6beb-4616-9ab5-af07da43ed9a,417320,2025-07-11,94
2733,deb28a0e-06f4-47cf-a41a-52a9e0ae300e,1001270,2025-12-23,54
2734,2f6ad430-e3e2-492d-8752-9494a41f4761,49494,2025-10-19,89
2735,78eee84e-085f-40f1-8ff6-bd49cf08095c,82139,2025-08-09,118
2736,54d375ba-c40c-49bd-8e2e-cf834a61d0b2,1366,2025-11-25,125
2737,ba1d8c4d-1e8f-4666-8a6a-3ef44d0d5a2e,602211,2025-08-03,176
2738,be723f92-ab99-4fca-ad8e-a2ac3531b277,49494,2025-10-24,179
2739,4e0484fc-1dbf-4a80-8222-c8ad91051f3b,843527,2025-07-21,100
2740,42d3d73f-5b9e-40d6-b356-ce55aadbb5a1,64084,2025-10-09,75
2741,d7477a8d-78f3-413e-9582-fe1c3fd29878,109418,2025-11-15,41
2742,061754e3-f8e5-4ee0-b7ba-f88513bd147e,128,2025-09-23,116
2743,c6f2052b-9d57-43e3-8a97-ac903ea7334b,1409235,2025-08-07,124
2744,29a822c6-4391-4560-a1ba-56d8face0031,1359,2025-12-10,71
2745,1aef6f1b-ddbf-4532-a2d1-1c636c39aa6d,602211,2025-10-11,39
2746,8576d1e4-dc2a-4029-80cd-6b29334849c3,284054,2025-07-19,67
2747,de6a54dd-71dc-45b5-b181-101e92de45e3,297270,2025-08-30,153
2748,dffe11c5-9551-40f8-aaa3-bfe64b4e3f1b,1246,2025-07-30,130
2749,9048c7a0-f60d-480c-8e34-474df3bd77ed,6844,2025-09-21,75
2750,0c9f7981-f2e5-435f-a809-86a51fda82af,18239,2025-12-22,127
2751,7956be4b-47d8-4eb7-bc3c-ceb53c946537,813762,2025-10-01,61
2752,f628c9e1-df23-44bf-8102-7cb81c34e317,1284460,2025-09-08,88
2753,fef9bc93-fbb9-45a5-a741-90180402b7ef,581,2025-12-18,58
2754,7fa09db7-94a0-4c89-af65-8ec41462cdce,360784,2025-08-05,63
2755,8576d1e4-dc2a-4029-80cd-6b29334849c3,228165,2025-09-30,31
2756,d065789f-6b49-4d8e-ba0a-20100068c707,63755,2025-12-21,122
2757,41ffc8b6-7a14-4051-aa55-0b35de19b5e0,656908,2025-11-16,88
2758,0ec61972-52c1-4134-a91a-964a236ca2d3,9470,2025-11-03,108
2759,367219fe-0ded-4674-a8b7-b545eed28498,514847,2025-08-06,116
2760,41ff44a0-b1f0-4123-bb23-012d72187caa,324552,2025-09-12,147
2761,8576d1e4-dc2a-4029-80cd-6b29334849c3,274167,2025-09-08,167
2762,86aeb2b0-1678-45f6-b2dd-d9357a06a5de,38700,2025-12-01,60
2763,dee7ddb8-453b-49f0-9c53-060160ca09b6,940721,2025-10-24,143
2764,b14ac98a-9257-4b87-9ed0-178688e13f23,955555,2025-11-27,95
2765,44c492f0-761b-4ec0-9002-a5904ebf1dec,10066,2025-07-13,124
2766,add9b316-17a2-40b2-bde8-c5e0afb5dccf,588228,2025-11-20,20
2767,e65c718b-d281-42d4-abfd-6187873e3113,620,2025-10-02,139
2768,2dcf9043-7779-4be9-bb97-f42867c72d9d,138103,2025-10-06,163
2769,7bb751da-bdac-4f0b-ac25-d540bb496fa3,82139,2025-09-17,76
2770,d81adbf5-9f59-468d-bcda-c353dce37beb,580175,2025-09-18,105
2771,708ade3c-9d4b-4620-8df5-760c038ac39c,506053,2025-08-17,178
2772,236f82b9-5d16-4d24-9e1c-2b475467eddc,10674,2025-07-01,161
2773,8bd6fd35-f401-47f5-9b16-febec90b1091,624860,2025-09-20,139
2774,0e674264-256b-4c96-9832-7ac9813dd7d9,7131,2025-09-11,65
2775,386f3ed4-0a7d-4bf3-ada9-3d989095de12,62835,2025-09-15,169
2776,b6d50d19-e21b-4431-86d1-2b4adc3d8977,592350,2025-09-20,177
2777,45f0d11f-bb3a-4b6d-b4ea-ba6ca3c54808,447332,2025-11-23,117
2778,514735c3-4640-4150-9a70-785abc8759f5,1892,2025-09-01,35
2779,86e60679-2c27-44e8-a6b2-fea8d740a0a6,290524,2025-10-01,167
2780,f660da6b-7413-4d73-8c87-f9e1afb1875f,13161,2025-12-15,86
2781,b58363f2-2a53-4029-b5ed-d85a8a2947ff,7863,2025-10-03,68
2782,4012b450-d27f-47f0-a34b-528a8309ec0d,425980,2025-07-15,28
2783,43f70f41-c493-4f24-b6a4-8e9527d473dc,63755,2025-08-13,121
2784,d0ecd190-eac8-446a-8150-2c0815150f70,371895,2025-08-12,120
2785,e7392a8a-3390-47c6-a1fe-c28ba5474890,43593,2025-11-17,178
2786,5e5d240b-dc58-4388-8509-b6c94b5333e2,1235746,2025-09-21,111
2787,8456f350-8209-4309-98dc-ee514849c28f,339403,2025-10-13,158
2788,d601efbd-4503-4cba-980a-cede77f16789,1102776,2025-11-10,50
2789,c6f2052b-9d57-43e3-8a97-ac903ea7334b,843527,2025-11-20,130
2790,c2a5932f-c721-4807-8a4a-32f250a33192,689679,2025-11-26,177
2791,f6909542-d106-4655-aaf6-b8900494e157,9444,2025-11-01,21
2792,f93943af-3a35-467c-a11f-a65df783837c,297,2025-08-17,109
2793,7956be4b-47d8-4eb7-bc3c-ceb53c946537,792,2025-08-02,143
2794,28d90413-9c2e-4b62-a670-7614271fc43e,582083,2025-11-12,161
2795,359d63b3-74c4-46d5-a8bf-84bd478bd61e,12193,2025-12-17,135
2796,2864573e-896e-4226-93a0-a3c8c910e564,260362,2025-11-17,160
2797,ee42d97b-1dae-423e-a19c-95138fdf7c1d,891699,2025-11-04,30
2798,102fd85d-43c0-46b9-891a-51d4d1748f8e,4584,2025-12-12,79
2799,77b32f9e-d5a0-4c77-906d-df4ca3f90522,353081,2025-10-21,112
2800,1a077873-cb51-413c-9cb9-9571f4134f97,43947,2025-07-13,146
2801,368dd00d-33d5-4017-840a-4fe6dbf2a61f,49292,2025-07-16,37
2802,e9ca009d-5afa-4cd4-a68b-001f5e6a9a76,1368,2025-07-03,172
2803,bcd5528f-a7ba-43bf-9c74-b9c118e568bf,1100782,2025-12-09,149
2804,c05be799-8d3f-46bf-b1fd-363106af4ba8,1159831,2025-07-19,133
2805,6726cae1-f755-4bf2-aa82-b74fb4eb97e8,274857,2025-07-30,31
2806,ba1d8c4d-1e8f-4666-8a6a-3ef44d0d5a2e,955555,2025-08-05,126
2807,89d4fb58-becc-42d5-8e6f-0cebdd142392,268920,2025-10-25,113
2808,2f8c8bbf-b905-446b-960b-4bfce392dbb9,1205515,2025-10-03,115
2809,c23840c0-3120-4843-9c96-e7b0f8cc2c44,929590,2025-08-14,59
2810,8e8ef9d3-5412-47a0-aa24-5da6480fe40d,8363,2025-10-30,162
2811,e7720dc6-cead-4722-a16f-b4e3d2297f3b,353081,2025-11-08,74
2812,08b2f03e-6960-43e0-a544-9025256ed5be,504056,2025-11-11,164
2813,8fba9e83-054a-4413-a0aa-1a33b83c3a89,901362,2025-07-07,179
2814,ea48020b-0809-4742-b7be-d1f5140c4d93,265195,2025-07-18,41
2815,e596017e-0307-429f-b47e-574186bb94da,12503,2025-10-22,35
2816,c18e2d44-0e25-490f-88fb-4ca6d6c4c18c,901362,2025-12-02,131
2817,b25e72cb-55a5-4eb6-9ca9-dc85e88673db,514847,2025-09-04,50
2818,8b2401aa-7866-4404-8434-ccb7a892e7dc,45243,2025-12-10,156
2819,c129e1ee-e093-4e9e-b474-021e61e48054,9655,2025-11-05,53
2820,454049c2-4e07-46fc-b02e-af5a8797a01f,82139,2025-08-17,130
2821,3cbe09e5-c32b-4aa0-9216-17726e01c54f,1522923,2025-11-03,155
2822,1f81df2e-0e45-4575-9687-a35c06b6e589,498888,2025-12-28,152
2823,eee5d547-f1f1-42ab-80dd-ae68735765ed,1237082,2025-10-27,120
2824,942ee039-2021-42f4-aef6-a52869147880,520318,2025-11-28,169
2825,9d8b213d-69f4-49f2-abb6-1cd1b09cdf1e,550988,2025-12-19,132
2826,d36f7cca-0262-4887-8ffd-0ac725f0b5e0,138103,2025-07-02,64
2827,2e954abc-6a22-4235-b65e-047a454c9bb4,11448,2025-07-01,28
2828,65a6fe46-f03e-4fcc-8761-dd70fd77c9ef,762441,2025-12-27,62
2829,cbb23163-9bde-4f46-a851-2b0cb261c318,439079,2025-10-12,173
2830,6bb2eb77-bd5c-44c2-be2e-f63262d0e0fe,508947,2025-08-28,49
2831,c9ff3854-283b-4b32-beb4-164f2789e767,242582,2025-07-03,168
2832,ebc61f0e-eb31-4936-a231-7d688e88145d,35712,2025-08-19,47
2833,bd2bf899-d396-4922-b73a-bf6467e2dd68,302946,2025-07-31,59
2834,726d8ccf-9b6e-4750-a647-0f5b0cea5c29,89602,2025-11-10,126
2835,31f9fba4-2204-44b3-93de-d5014b099d3e,25961,2025-08-28,180
2836,19c6d518-9894-4abf-841a-b38001c62833,557946,2025-10-25,42
2837,0cf02ffb-2c31-425a-bfa2-57709cc228f3,1315303,2025-10-12,42
2838,ace376c5-e89b-4dfb-9632-403b193e00a3,593676,2025-10-16,71
2839,acf9dfd6-f528-4430-a82a-445f48eeab4d,577922,2025-09-16,149
2840,480e0e1e-4eb5-487b-aff9-6e04ee4d3f79,492611,2025-10-24,174
2841,cd1e1560-43e4-46d6-909b-547f7205ceaa,377,2025-09-27,54
2842,e7392a8a-3390-47c6-a1fe-c28ba5474890,1452,2025-10-05,136
2843,b9fdf3e8-1377-4951-b680-d421da059356,520318,2025-09-19,22
2844,c2ffdd21-f266-4554-ab0e-3a3b1293dc8f,10625,2025-12-17,69
2845,b1ef7426-2f7f-44cb-8340-fb78bf071c5f,2123,2025-10-02,142
2846,edbc152b-f68b-4339-aac6-43424564e17a,161,2025-08-29,130
2847,5f048acb-9da1-4ed4-a9a0-44331bf7427c,408567,2025-10-04,97
2848,c14b8e22-eea9-4e52-a71a-518919d21fec,897160,2025-09-23,161
2849,fa923e2f-231a-48c4-a023-ef9f347f09a1,806405,2025-08-20,106
2850,7c035c9e-8f30-4cec-905c-7afc445a1738,629,2025-07-21,174
2851,d601efbd-4503-4cba-980a-cede77f16789,10625,2025-07-05,152
2852,a514b66a-df7c-47bd-a120-14d63c1bcc31,801335,2025-12-19,84
2853,dafae7d4-ad34-4117-b1ab-ef805ded2bd8,1126336,2025-07-19,166
2854,7b862d59-859e-4bd9-a9b5-10990e150477,49529,2025-11-05,130
2855,708ade3c-9d4b-4620-8df5-760c038ac39c,375846,2025-11-21,98
2856,bd268e4d-1519-41f7-9e3a-8a69fd4540fc,2109,2025-11-16,137
2857,9abe664f-de5f-4b6b-b9bc-ce1d227c0372,865,2025-09-09,47
2858,236bcfcc-60a0-4a1d-8c0c-ee05a256fa61,381288,2025-11-19,99
2859,9abe664f-de5f-4b6b-b9bc-ce1d227c0372,251783,2025-12-15,89
2860,cab9a766-9386-4c2b-b9b0-2a7c19646367,530915,2025-08-17,149
2861,0ec61972-52c1-4134-a91a-964a236ca2d3,985932,2025-10-14,111
2862,a51687d0-72ed-403e-8990-fb75c83e5d86,920,2025-10-29,53
2863,37949bba-b992-408e-88e3-4316c59c093a,918200,2025-07-06,68
2864,17494ddc-e28a-44a0-8737-04d6a9dd291d,1813,2025-10-10,59
2865,e7f989b1-2180-4498-9688-605c257df79e,250754,2025-09-01,49
2866,b14ac98a-9257-4b87-9ed0-178688e13f23,530385,2025-11-02,125
2867,d5cf3ec9-798e-49ff-b290-f84b8ca795ff,204082,2025-07-04,125
2868,8ff2dc4b-dca7-4e8b-b1a5-7522ae380452,7863,2025-07-29,86
2869,7fa09db7-94a0-4c89-af65-8ec41462cdce,582083,2025-07-05,155
2870,15962aea-a3f4-4731-8b6a-b369a09e5ba2,2251,2025-07-31,115
2871,293e4cc8-f561-440e-83ae-87e8cb3eda2c,335797,2025-08-14,157
2872,3809ea71-a74d-47a7-b8da-118d2b1da3a7,1285965,2025-09-07,72
2873,8456f350-8209-4309-98dc-ee514849c28f,558829,2025-07-15,61
2874,9353fa62-2f48-4904-87e4-f0830d680df1,101299,2025-11-08,26
2875,eb0669d5-ee84-4d8f-9337-c1aa420b0d0d,1226863,2025-10-30,161
2876,9f48c09b-409c-45a8-a043-60ca064d28ad,166668,2025-11-14,38
2877,c07d40a6-eb1d-428c-a8f5-77fc9714eff1,1251717,2025-08-09,57
2878,08b2f03e-6960-43e0-a544-9025256ed5be,43347,2025-11-05,67
2879,72978300-bb9d-4d17-9767-8bdeb8687bff,1083968,2025-10-26,139
2880,837bd55f-4437-4396-8ec2-154cf0aa22a7,385128,2025-11-30,26
2881,b0eb32ff-2ac9-4c77-b0ad-ae7714d4a5e6,579974,2025-12-19,123
2882,725a28ee-a635-45d3-b8c1-860bdcc41dec,444539,2025-12-05,157
2883,c23840c0-3120-4843-9c96-e7b0f8cc2c44,337404,2025-07-03,100
2884,42016b43-08be-4bd4-9333-c8f9f176b589,1285247,2025-11-24,79
2885,1f4573a2-1b01-4a84-909a-c37335141422,508883,2025-08-04,124
2886,77b32f9e-d5a0-4c77-906d-df4ca3f90522,25475,2025-09-20,89
2887,6bdba591-3a7b-40bd-ab77-1ec99a8e5264,71672,2025-12-08,99
2888,653483a5-1e7d-4dec-b198-653312a4a26d,125509,2025-11-05,66
2889,8df60fb7-3db8-4371-add2-4476b4fb8402,813762,2025-09-24,144
2890,8930fe33-b16b-47d5-b663-2d18ff807a8f,873488,2025-10-17,26
2891,19c6d518-9894-4abf-841a-b38001c62833,19913,2025-07-13,151
2892,28e07232-d843-410e-8338-c7164c6aa7de,14709,2025-07-11,105
2893,01312106-2bcb-451a-9d94-dff55ef6e9b7,689679,2025-08-11,177
2894,f4bdf0f1-da28-4af1-8f4d-f2822ccd4c14,792,2025-07-03,36
2895,9526bda7-dff2-4b18-89c8-ea26865ced2d,585511,2025-09-24,139
2896,142de1b1-ef63-43a6-b7cb-4188e9df1164,1337395,2025-09-11,125
2897,e6721b5a-dfa9-43fe-8bae-f57e9502de53,1237082,2025-10-27,25
2898,a916222d-2a65-4097-a32a-b91c8c30699f,564149,2025-11-12,173
2899,443cde91-77bb-4b88-adaa-89eddb601953,1429,2025-07-26,87
2900,a516c79c-7c28-4507-ae65-1e8117c1047c,615321,2025-08-21,107
2901,8f870e8c-3c82-46ba-acfa-c75c2fcd3156,458220,2025-10-21,92
2902,1f5ed463-e08a-48fd-97b3-d3b6068c988b,404733,2025-12-01,78
2903,94faf822-0ea6-414c-9ebb-80444e94a27a,41727,2025-12-05,21
2904,0aa16452-2af3-4d66-8cad-e898d6f63d00,585511,2025-07-19,101
2905,6a0a3a89-7b2c-48e4-9876-3c09ece256a6,1001270,2025-10-10,70
2906,b5e311e8-9fef-46b8-9a40-6b578c65d0e2,4232,2025-11-20,122
2907,8404a93f-d6d1-44d0-923f-bba442b3342d,1272837,2025-10-12,39
2908,a17957c7-50cf-4db5-8ac6-806b96a080f8,302946,2025-10-10,99
2909,eee5d547-f1f1-42ab-80dd-ae68735765ed,1388456,2025-09-16,159
2910,6b64aea6-aaed-4ffb-aba0-0d647a3b757d,170,2025-11-17,68
2911,92e58ddf-4ba0-4960-ad5e-6266c680b20b,1226863,2025-09-02,60
2912,7956be4b-47d8-4eb7-bc3c-ceb53c946537,617,2025-10-06,90
2913,9048c7a0-f60d-480c-8e34-474df3bd77ed,615321,2025-09-15,159
2914,e472e75f-9bd0-4eea-8a0d-20113d512e02,22832,2025-07-29,90
2915,9aa46564-703c-4a58-a3b7-73902843a272,1235746,2025-10-10,93
2916,0aadce25-9a22-4591-9447-559c7c716e46,9769,2025-11-15,90
2917,9353fa62-2f48-4904-87e4-f0830d680df1,15934,2025-12-11,63
2918,cf146adf-d11c-4480-a80e-012e2a707dfb,4327,2025-12-07,68
2919,39ab44fe-039e-46d8-89a4-8187e9e38d2c,1181701,2025-10-23,110
2920,1f5ed463-e08a-48fd-97b3-d3b6068c988b,8920,2025-09-11,142
2921,3fd6569d-bd10-4114-b8ed-7389dbff35cd,1003598,2025-07-22,41
2922,333cad65-4ca7-4e15-930b-5530ca3a1567,1003598,2025-08-19,174
2923,9da6443d-6195-48fe-99e5-c79dc4ce1a72,65502,2025-12-04,45
2924,443cde91-77bb-4b88-adaa-89eddb601953,9074,2025-09-04,157
2925,0bb30020-2d9d-41b3-809b-4c7a888b10fe,920,2025-11-09,91
2926,85a8bbcb-baa9-4ca3-a3fd-773cd824d7fc,453,2025-09-16,119
2927,8c9db19c-049c-4221-91f2-96720cf1a86d,8835,2025-12-20,71
2928,d84e0d60-cf1e-4427-9bec-85dc8498a77b,873967,2025-10-04,143
2929,3b5ce9c6-34a5-4751-ae06-db90fe89a0bd,1064312,2025-10-20,61
2930,359d63b3-74c4-46d5-a8bf-84bd478bd61e,444539,2025-12-06,158
2931,d5d6afe7-baf0-4b79-ac8a-2513a65f1d3e,8467,2025-09-30,93
2932,148598b8-b292-4508-90fb-07e25bae90bb,1265063,2025-07-06,37
2933,900f3414-c79f-4aff-8ee8-cf712ee5b2d3,204082,2025-11-30,72
2934,af690629-7e79-4393-9368-f303bcf19af2,2293,2025-07-22,119
2935,de6a54dd-71dc-45b5-b181-101e92de45e3,792,2025-12-13,115
2936,bca205ea-a4ea-4cda-be60-9d8d12b64879,8392,2025-07-31,159
2937,2e71698b-2863-4a75-9f67-3426acd05d95,666154,2025-07-20,138
2938,89d4fb58-becc-42d5-8e6f-0cebdd142392,920,2025-07-11,24
2939,2f6ad430-e3e2-492d-8752-9494a41f4761,1388456,2025-08-05,63
2940,5c03e14a-8db2-460b-a410-8a560d1e2e69,4951,2025-08-12,98
2941,619782e9-2fd1-4b29-af7d-3e3fae62abd6,12230,2025-08-19,70
2942,6c3ab6ce-c730-4390-a597-137c17d56d6c,181812,2025-09-21,140
2943,828e3a3c-c3cc-456d-ad1f-611082b3f752,11932,2025-12-16,150
2944,a17575e0-8406-44da-a761-09df2408d340,1892,2025-10-14,86
2945,2ae57ae7-a01a-4eba-ab22-6ae76e9a9a30,408567,2025-08-08,42
2946,b018c1e0-7f91-4d5c-abce-1558410de0e1,9398,2025-11-28,127
2947,b3f88d8a-409f-4e6e-8432-326009d17da1,1585476,2025-09-09,157
2948,57162c52-539d-4f0a-8696-b8f55f83f51e,125509,2025-07-09,46
2949,edbc152b-f68b-4339-aac6-43424564e17a,204082,2025-10-14,143
2950,60f008b6-2df5-45cd-9b88-b149e17d7899,9353,2025-11-15,33
2951,2ab0b0d5-5def-449c-b860-7bdbc15c0c99,166426,2025-07-07,141
2952,fe5ced20-20e6-4fec-8893-b727df1716fc,228165,2025-09-25,109
2953,43cf9de1-5770-4b66-9712-d425b4709be6,718930,2025-10-19,25
2954,8446a099-370f-4890-9202-5802b661fc6f,11230,2025-11-23,106
2955,ad0dd9b5-6c5e-42c3-a5fa-fb2469945b63,384737,2025-12-16,130
2956,0c57d864-0f54-4781-9e7f-a16a37129660,1206008,2025-09-08,31
2957,98eae76e-7395-450d-93cb-5c7db8d640b6,1037113,2025-09-29,137
2958,9b689544-10ce-4bf1-afd4-3fcfac48fdde,545611,2025-11-16,103
2959,c11e825b-e3b0-44cd-a635-7a80f67db279,617,2025-12-07,176
2960,5aadbce8-81ed-40f6-9cbc-a04345dbee5e,274167,2025-08-02,21
2961,d97e6262-2dd6-4c64-b1b1-6886f932b218,818647,2025-07-16,49
2962,63b15202-ff7b-4e66-8a61-cfe64abb34c1,1402719,2025-07-20,28
2963,7a2b1977-0d29-405f-bdc0-46ca751981ee,13394,2025-12-07,29
2964,72f9cbc8-1508-47e5-a5b8-e19e461248bc,87,2025-09-08,82
2965,b3f88d8a-409f-4e6e-8432-326009d17da1,1272837,2025-11-21,163
2966,4cdb55e5-2777-48e2-aac3-7f998e1e3471,8920,2025-07-11,22
2967,8456f350-8209-4309-98dc-ee514849c28f,368412,2025-11-10,61
2968,d3a2bbf0-573b-4137-a6b1-0ba6f019bbcf,16295,2025-09-01,179
2969,bca205ea-a4ea-4cda-be60-9d8d12b64879,43947,2025-08-01,56
2970,94b9a940-4a13-4b71-bb13-e5753c57fb56,1320414,2025-10-06,156
2971,d36f7cca-0262-4887-8ffd-0ac725f0b5e0,17379,2025-07-29,146
2972,68b15083-f1d1-47a2-9c93-88adb1605417,11528,2025-10-15,151
2973,03588b45-196c-490e-870c-da0b4841a533,811941,2025-07-19,125
2974,fb8a0d7e-a982-4c18-827c-a23c6d6fea58,842924,2025-09-09,158
2975,cab9a766-9386-4c2b-b9b0-2a7c19646367,787747,2025-08-27,90
2976,0aa16452-2af3-4d66-8cad-e898d6f63d00,698687,2025-08-09,95
2977,b97fb9d1-f136-42c3-b4df-e9a72e738a3f,1572,2025-08-08,145
2978,be81303c-7681-4619-891e-f0f7dde6df68,472815,2025-09-07,164
2979,997d7084-07b6-4e95-916a-bbc42d76f6e3,419430,2025-07-14,84
2980,f4bdf0f1-da28-4af1-8f4d-f2822ccd4c14,2293,2025-08-07,65
2981,afd2ab1b-8c4d-42df-a92a-233e78d6f8a7,4247,2025-11-02,124
2982,8576d1e4-dc2a-4029-80cd-6b29334849c3,408567,2025-11-23,156
2983,321a70fb-3825-4a76-9274-cec2da92cd92,10764,2025-12-17,105
2984,8f870e8c-3c82-46ba-acfa-c75c2fcd3156,458156,2025-11-24,36
2985,53599c51-ba17-4f94-b0d4-94011d2ba9d2,2330,2025-08-09,175
2986,76327ebb-2519-400a-aa9f-66a16d3858a4,592983,2025-11-21,28
2987,8bd6fd35-f401-47f5-9b16-febec90b1091,1895,2025-12-11,74
2988,60f008b6-2df5-45cd-9b88-b149e17d7899,30484,2025-11-07,122
2989,0e5d2249-1622-421a-bd3d-e6ff8bebfc81,176,2025-09-15,146
2990,b14ac98a-9257-4b87-9ed0-178688e13f23,425980,2025-12-19,98
2991,77a4268c-ee03-4ee9-8c29-56dbb68ba0b8,297,2025-09-17,73
2992,8404a93f-d6d1-44d0-923f-bba442b3342d,1205515,2025-07-04,39
2993,7c9838dc-bba7-4fc8-9eb0-83735bb51d3b,9893,2025-10-14,73
2994,74eb5517-7395-4e18-81cc-a51fa36dc992,44918,2025-09-09,146
2995,91daea9b-60ae-443e-b75c-d8087658e20c,920302,2025-12-23,22
2996,71fff63e-f111-4942-9c0d-90247e4ebd8b,252,2025-08-01,48
2997,9c1bb02b-1f77-4964-88f4-77bff6e0606c,1135873,2025-10-03,65
2998,3677f1ff-c74b-4c2d-9833-0c1ccaa2a34a,493922,2025-08-06,118
2999,8446a099-370f-4890-9202-5802b661fc6f,34544,2025-12-27,167
3000,44c492f0-761b-4ec0-9002-a5904ebf1dec,11153,2025-07-01,144
3001,bca205ea-a4ea-4cda-be60-9d8d12b64879,11775,2025-09-11,162
3002,940ec9df-daec-4cf0-9abc-1ed84c8a9592,10830,2025-09-15,141
3003,ae08e78b-c4c3-4e1a-8cda-de60ee898d94,695721,2025-07-01,115
3004,9a58a974-7b09-4723-81b2-d0af95ceebd9,52212,2025-09-22,32
3005,bfc8bd08-34fe-49ef-9089-d320d17dfb98,926393,2025-09-07,78
3006,68b15083-f1d1-47a2-9c93-88adb1605417,48266,2025-07-14,64
3007,f6b55005-8528-4f8f-b506-82bba496babb,621,2025-08-28,71
3008,e6dca766-9468-4275-8c6a-036a63510bc8,377,2025-07-30,81
3009,4c39b976-d2e2-4c2f-a9c9-6f2a48d40476,16295,2025-08-30,24
3010,8576d1e4-dc2a-4029-80cd-6b29334849c3,34806,2025-09-10,104
3011,77a4268c-ee03-4ee9-8c29-56dbb68ba0b8,1371727,2025-10-16,83
3012,367219fe-0ded-4674-a8b7-b545eed28498,408567,2025-09-06,64
3013,b58363f2-2a53-4029-b5ed-d85a8a2947ff,68726,2025-11-11,134
3014,7956be4b-47d8-4eb7-bc3c-ceb53c946537,140607,2025-12-11,162
3015,77a4268c-ee03-4ee9-8c29-56dbb68ba0b8,254,2025-10-03,121
3016,077dbbea-c5b1-4256-8565-670c5adf091c,1405338,2025-11-17,32
3017,deb28a0e-06f4-47cf-a41a-52a9e0ae300e,284053,2025-10-24,111
3018,0f46e718-63c3-41bf-96a6-8142118e07d6,308403,2025-07-24,49
3019,9d72e9cd-81cf-4423-81dc-74bc213a2eaa,672322,2025-08-27,47
3020,5370adde-6e69-47c4-a058-59e6dbbfbd05,615665,2025-10-01,71
3021,42560fdf-ce8f-4d96-8ef7-4585a64d17e9,1233575,2025-11-23,107
3022,0466b8f2-1d2b-493c-8012-50303ce91639,284054,2025-12-08,117
3023,2e853b27-362b-4b9f-86a5-6335f85f50a1,616,2025-10-23,41
3024,2f6ad430-e3e2-492d-8752-9494a41f4761,1108427,2025-07-05,159
3025,8661c256-4537-4da9-a98e-e26f8bde5b0f,882569,2025-11-15,64
3026,ba9fb4fc-584d-4c7e-83d7-3362225c3374,17379,2025-10-26,109
3027,7cb3a9ec-7bca-4dfe-ba22-57a8e19d374f,47971,2025-08-06,48
3028,62be773e-83f9-4460-b837-3df802affc3d,763164,2025-12-20,110
3029,450702d7-7f92-4e6c-9644-dfead2759f40,146451,2025-10-27,63
3030,b0eb32ff-2ac9-4c77-b0ad-ae7714d4a5e6,1356039,2025-08-10,75
3031,cab9a766-9386-4c2b-b9b0-2a7c19646367,954,2025-10-19,57
3032,90fbf3dc-cf79-4189-9ba9-08e6d41100a6,561,2025-07-28,80
3033,4fc9a84e-fa92-4f2c-af43-fcfe64a42b98,1516391,2025-11-13,76
3034,acf9dfd6-f528-4430-a82a-445f48eeab4d,251,2025-08-06,176
3035,137eb4a3-f2e7-43df-a3ea-964a78d04209,509967,2025-07-13,99
3036,6305c1b4-a7b7-4c2c-8010-cdf91b5f51ee,49046,2025-07-11,154
3037,045a273a-ab03-4a35-a756-cd5e6d7f9e0b,1135303,2025-09-03,71
3038,e585efeb-e50e-4d25-bb79-2988e3ea31dd,353081,2025-08-09,163
3039,f6286df3-af01-4730-b3b6-93974ed6598d,665,2025-09-06,62
3040,e72b96e6-1f15-43fa-97c7-70fa2f63a5e5,843527,2025-10-24,20
3041,236f82b9-5d16-4d24-9e1c-2b475467eddc,13448,2025-10-25,116
3042,6100d6fb-9b9d-4624-81ad-1e9e01e07746,9753,2025-12-18,94
3043,e6962540-5e07-4941-973a-ca385b35b926,1145221,2025-07-16,107
3044,72f9cbc8-1508-47e5-a5b8-e19e461248bc,27581,2025-09-26,73
3045,e091305b-c4b6-4a89-b3ff-5090c619e772,12222,2025-08-09,116
3046,97b20396-7dcb-4ff2-a49d-91dce5edc65e,926393,2025-11-22,151
3047,0ec61972-52c1-4134-a91a-964a236ca2d3,851644,2025-12-06,37
3048,8c9db19c-049c-4221-91f2-96720cf1a86d,440,2025-11-13,116
3049,bd85abe8-ded6-4b7d-a081-e50f89e36cf3,792307,2025-08-09,169
3050,9f51012a-2fa5-4060-950f-ee232fde89f1,1290190,2025-09-08,89
3051,a6534cde-8076-44e0-a500-774d4672151e,170,2025-10-09,21
3052,8cdff50c-0c7c-45ed-9afb-53824e9c230b,2064,2025-08-16,121
3053,ea48020b-0809-4742-b7be-d1f5140c4d93,558829,2025-11-15,115
3054,3424eec2-5e23-43bd-bb26-ea82b60cab9e,420817,2025-08-10,91
3055,bbdc742b-4e42-48fa-8b6a-d0c4608fac09,616,2025-07-04,65
3056,bd85abe8-ded6-4b7d-a081-e50f89e36cf3,10830,2025-09-17,174
3057,9e45a4ff-d391-439d-ae14-b6ae48177692,290524,2025-08-15,111
3058,ef2d242a-72c9-48a6-af3b-d1903cbf797e,695721,2025-08-06,72
3059,1f81df2e-0e45-4575-9687-a35c06b6e589,1813,2025-07-01,121
3060,045a273a-ab03-4a35-a756-cd5e6d7f9e0b,122906,2025-09-06,53
3061,226da684-29b6-4d08-9ad1-8d6e131a03a8,11199,2025-09-01,58
3062,298fd375-02da-4665-a1c2-628c17e763f4,24886,2025-07-12,146
3063,2e853b27-362b-4b9f-86a5-6335f85f50a1,2123,2025-07-21,153
3064,6100d6fb-9b9d-4624-81ad-1e9e01e07746,864168,2025-11-22,49
3065,454049c2-4e07-46fc-b02e-af5a8797a01f,2046,2025-11-29,173
3066,2b24b2c3-b4b0-4d88-8503-c4d5c8f1b9b6,1585476,2025-11-02,123
3067,60bf4e77-c4c8-4252-9bbe-3de4cc6fba59,1086910,2025-07-17,118
3068,09e5c4a4-6e84-48ee-b7d3-755047383227,10530,2025-12-01,45
3069,3fbe16a4-e0fd-4341-96f5-4d35f1b7fd7b,399579,2025-12-21,153
3070,46540a5c-3513-4b4a-b4f5-0d3a044f02ee,689679,2025-11-21,166
3071,29f17f74-dc9d-4fc1-9652-d538a379162d,7326,2025-11-23,90
3072,07fbfe20-7ce6-4dfa-92f0-3f9ce2b68550,82690,2025-11-04,37
3073,b86938ed-ad03-4ce2-9e19-6c176887270b,15472,2025-10-30,119
3074,e72b96e6-1f15-43fa-97c7-70fa2f63a5e5,1724,2025-07-08,48
3075,69d7888e-eda4-4229-a977-a79d1c043cc7,1491,2025-09-10,116
3076,3cbe09e5-c32b-4aa0-9216-17726e01c54f,926606,2025-09-14,176
3077,6a0a3a89-7b2c-48e4-9876-3c09ece256a6,1102776,2025-10-23,130
3078,c05be799-8d3f-46bf-b1fd-363106af4ba8,976893,2025-07-18,59
3079,7c9838dc-bba7-4fc8-9eb0-83735bb51d3b,136799,2025-09-16,92
3080,a6a8d53e-5107-48a4-9a80-364d28280301,260362,2025-11-15,79
3081,3cb6df35-b60c-491c-a8b0-e3985b4d0fe7,1454308,2025-11-19,95
3082,dffe11c5-9551-40f8-aaa3-bfe64b4e3f1b,592695,2025-09-26,75
3083,3ca07cea-a0d9-4330-aecb-d3b2d0839132,1126166,2025-11-05,84
3084,2bd6a655-db38-4569-91b5-1176964d92c9,297270,2025-10-22,174
3085,2368e515-dc5b-4f49-9bbd-0dfbd61b88a8,1398418,2025-08-12,67
3086,88f50216-2b74-45d9-97a0-1c50673da0c9,672322,2025-11-06,82
3087,aab387f3-4edc-41ed-b428-d2fdadb7d84c,8467,2025-07-16,163
3088,9048c7a0-f60d-480c-8e34-474df3bd77ed,9902,2025-09-23,59
3089,653483a5-1e7d-4dec-b198-653312a4a26d,41727,2025-11-29,38
3090,4a1f1387-0f79-4977-8dbb-cee071011ccb,63755,2025-07-23,118
3091,cd9da5cf-7e5c-456e-830f-9541edb5a533,38700,2025-11-12,22
3092,f6286df3-af01-4730-b3b6-93974ed6598d,1400382,2025-09-02,94
3093,0fabe381-ec7b-48a9-9d67-8b0e489095f6,259316,2025-12-03,32
3094,b5c873c8-00dc-4da2-9669-694cdae3ffd9,1271,2025-10-19,20
3095,28e07232-d843-410e-8338-c7164c6aa7de,1238379,2025-09-04,161
3096,160e3d47-1244-4f92-94ce-36dec472ffb2,2193,2025-08-27,166
3097,51e43bb9-fb7d-4ef3-b2c8-587055161741,122906,2025-12-20,20
3098,c9bc65d2-42f2-4d7a-92da-5c36979e7fd8,602,2025-12-24,99
3099,bdc92fa1-99ed-46ae-a9ae-faba767cd1b8,1429,2025-11-13,85
3100,3cb6df35-b60c-491c-a8b0-e3985b4d0fe7,27860,2025-10-14,68
3101,24df3469-e9f5-4c7f-bda4-6f9a5f650e70,1310458,2025-08-28,23
3102,fef9bc93-fbb9-45a5-a741-90180402b7ef,41003,2025-11-25,124
3103,6bdba591-3a7b-40bd-ab77-1ec99a8e5264,10895,2025-11-02,173
3104,4676d991-385b-4d37-97be-a4dfc03b5abc,1402719,2025-12-14,127
3105,dee7ddb8-453b-49f0-9c53-060160ca09b6,9753,2025-09-18,91
3106,1c3fdecb-7eb1-4275-b34d-9f9901b02a2f,10144,2025-12-26,166
3107,f628c9e1-df23-44bf-8102-7cb81c34e317,299537,2025-10-25,123
3108,58e69bed-d14e-40cc-9311-70b31583dc1a,160840,2025-12-12,54
3109,86062440-6c25-41d8-8f08-823c439c5b23,297,2025-07-26,110
3110,b49976f2-c2c1-461c-8e11-6b462e95f981,34544,2025-09-10,68
3111,a04d3d7d-8e98-4168-91d4-5ff938088f26,17379,2025-12-20,40
3112,7f6fecbf-84ad-4b8d-91b5-1b981ce0073e,11448,2025-11-06,82
3113,e0712afd-3281-4489-a460-605c4861b622,260362,2025-07-26,160
3114,0449c430-9c36-49c2-a114-6cf56542a751,1126166,2025-10-01,25
3115,0159e530-90cd-41e0-8e13-1023e77410ea,592983,2025-09-26,31
3116,e091305b-c4b6-4a89-b3ff-5090c619e772,268920,2025-12-24,142
3117,730ef8ec-fe4b-431f-a794-f76bb0827e00,592350,2025-11-07,138
3118,6413c11d-e235-4a12-9bf7-5d5f4d4c4893,2056,2025-08-16,149
3119,2bcd80f3-de6c-48ce-aaf4-5516c8e07ca7,58027,2025-12-13,142
3120,f628c9e1-df23-44bf-8102-7cb81c34e317,566525,2025-11-21,33
3121,4b7f7e93-1017-409d-bfa1-bb4bc1085b3c,8835,2025-08-30,167
3122,de6a54dd-71dc-45b5-b181-101e92de45e3,1585476,2025-10-28,125
3123,f063145f-8d7a-4c71-9faa-8f08d549d474,1108427,2025-12-17,135
3124,0159e530-90cd-41e0-8e13-1023e77410ea,1401318,2025-10-17,143
3125,e4536178-a667-42f3-87b2-d8936450b32b,592350,2025-08-31,115
3126,51095d93-040a-4746-b0a2-08f1c1c42843,38575,2025-08-16,60
3127,a17957c7-50cf-4db5-8ac6-806b96a080f8,1003598,2025-09-20,99
3128,4fc9a84e-fa92-4f2c-af43-fcfe64a42b98,425980,2025-10-17,32
3129,ccc5651f-aef6-4d3d-8a5d-5b36966a90ac,9753,2025-08-27,169
3130,bd2bf899-d396-4922-b73a-bf6467e2dd68,1151334,2025-07-01,137
3131,274a8a22-0192-43b0-a149-e0d9ee9f8540,1248868,2025-09-22,165
3132,e5ba7406-2a55-40e0-bb8c-ad19b6177626,4327,2025-09-22,102
3133,b27f9460-fd18-427a-b4c5-0a6e3dc2a617,1401318,2025-07-23,43
3134,36293e3d-f936-4a0a-a1cd-8508801ffdcf,269495,2025-12-23,122
3135,bd475dc2-bcf9-4abc-811a-1cf3d5dcae95,13187,2025-12-10,94
3136,e472e75f-9bd0-4eea-8a0d-20113d512e02,13394,2025-07-12,173
3137,a8d70f55-b7fb-4bb5-9062-5ed0f18c4b38,6980,2025-10-06,116
3138,684a11b2-c32c-4197-88de-19aa7d82fb9f,11852,2025-12-08,146
3139,5e5d240b-dc58-4388-8509-b6c94b5333e2,41003,2025-09-24,100
3140,450702d7-7f92-4e6c-9644-dfead2759f40,1441,2025-07-15,63
3141,0e674264-256b-4c96-9832-7ac9813dd7d9,901362,2025-11-14,160
3142,1759b881-730d-4c80-9d31-d46f70ae2931,10730,2025-07-17,40
3143,684a11b2-c32c-4197-88de-19aa7d82fb9f,390062,2025-12-13,63
3144,39ab44fe-039e-46d8-89a4-8187e9e38d2c,9353,2025-08-06,107
3145,9da6443d-6195-48fe-99e5-c79dc4ce1a72,615321,2025-10-31,133
3146,96b08fcc-29a9-48e2-85f3-0980aca12cf1,284053,2025-09-12,48
3147,c2a5932f-c721-4807-8a4a-32f250a33192,22832,2025-08-05,79
3148,2a51e6bf-7e44-464b-b139-5eeb1d64b95d,14243,2025-08-09,134
3149,7732add7-1a46-40fe-a032-7ad2d6ae2d47,811941,2025-07-31,66
3150,0ec61972-52c1-4134-a91a-964a236ca2d3,2293,2025-12-06,93
3151,b8c85d8c-4c6c-42e7-9f3f-04c4c2a5a77c,1205515,2025-11-12,125
3152,5c349c3a-f7c3-472c-b472-1d61b941a844,602211,2025-10-04,52
3153,38b3d803-b3f6-42b2-a5c0-7060275e09f2,504056,2025-08-11,76
3154,9c032a7e-56c8-4e4f-b494-f5c36c29a522,120467,2025-10-04,155
3155,cebe905a-655a-4937-b2e8-d5a4e53594ec,1281,2025-12-22,153
3156,321a70fb-3825-4a76-9274-cec2da92cd92,14709,2025-09-26,162
3157,15647947-ea55-46ff-892b-24130fda1edc,1032778,2025-07-27,21
3158,91daea9b-60ae-443e-b75c-d8087658e20c,43947,2025-11-12,149
3159,8456f350-8209-4309-98dc-ee514849c28f,1300116,2025-10-14,32
3160,a3d4b380-ce15-4811-bc54-00b341dabfc7,1337395,2025-10-31,44
3161,6726cae1-f755-4bf2-aa82-b74fb4eb97e8,10530,2025-08-21,30
3162,da6946ab-e1f7-492a-a031-4e772ffe7de9,561,2025-10-19,89
3163,a17575e0-8406-44da-a761-09df2408d340,1251717,2025-07-27,151
3164,b27f9460-fd18-427a-b4c5-0a6e3dc2a617,10830,2025-11-28,25
3165,f14e6a2a-e713-4e05-92d3-2f3a23c89e92,940721,2025-11-17,134
3166,fa9099f4-80f2-468c-bbb3-b846e1fc19ff,1205515,2025-11-03,176
3167,92e3a51c-e48c-4af4-a0df-ffb3c3a828e8,666035,2025-10-29,100
3168,f52cae74-5e26-4f54-baab-0638291af8c8,1813,2025-12-07,50
3169,6e9c97eb-c525-4015-beb8-cbe5d4670a9a,11775,2025-09-08,20
3170,24df3469-e9f5-4c7f-bda4-6f9a5f650e70,297,2025-07-24,109
3171,daf4d464-3d6e-4821-bf6d-55142456d62b,27579,2025-12-09,99
3172,d1c0836b-344d-4fba-ba98-8e15696d70e1,160840,2025-12-06,98
3173,c129e1ee-e093-4e9e-b474-021e61e48054,1205648,2025-08-22,26
3174,d02a73a8-8ed9-4ae4-9740-fe021e979dc5,64084,2025-10-04,31
3175,0159e530-90cd-41e0-8e13-1023e77410ea,346558,2025-10-26,81
3176,cc2a8eea-4870-4f59-8f23-02676b70515a,1159831,2025-07-05,51
3177,29ffb15a-d444-4e07-9fbc-4bd7eafdd012,1450599,2025-11-26,105
3178,1ed39093-731c-489a-b276-0871799c0fc7,1233066,2025-07-13,98
3179,c14b8e22-eea9-4e52-a71a-518919d21fec,37135,2025-11-28,96
3180,7fa09db7-94a0-4c89-af65-8ec41462cdce,593676,2025-10-02,41
3181,89e13d17-3ad0-4ae9-80f5-e91d26ed01e5,811941,2025-11-13,176
3182,05d8ca72-1412-4333-b599-084b2f1d86c0,11635,2025-08-18,112
3183,290c5bad-974f-4799-afaa-84444f5f93ec,37724,2025-08-16,49
3184,ef2d242a-72c9-48a6-af3b-d1903cbf797e,1290182,2025-08-14,47
3185,6bdba591-3a7b-40bd-ab77-1ec99a8e5264,950,2025-08-16,122
3186,ee42d97b-1dae-423e-a19c-95138fdf7c1d,11544,2025-07-22,80
3187,22b6fc9d-1b47-4032-8d23-6dc55e4be1fd,10536,2025-07-05,56
3188,3967f994-b34d-4542-bd55-60b926a35f62,937287,2025-12-25,73
3189,142a8542-d5a2-4e8a-8e00-8bb42d24ebf7,615321,2025-08-29,125
3190,8539a754-eb1b-4222-9877-a3bc084b1ba5,566525,2025-08-09,122
3191,f2cbf7d3-996e-4077-8bf3-b0f47988f479,1251717,2025-10-05,154
3192,fa9099f4-80f2-468c-bbb3-b846e1fc19ff,1108427,2025-07-20,102
3193,51e43bb9-fb7d-4ef3-b2c8-587055161741,284054,2025-09-18,101
3194,72978300-bb9d-4d17-9767-8bdeb8687bff,577922,2025-07-04,134
3195,4e0484fc-1dbf-4a80-8222-c8ad91051f3b,1032778,2025-12-21,33
3196,a34a769f-6752-4275-b79f-30b90e1fb7a1,1086910,2025-10-28,91
3197,0c9f7981-f2e5-435f-a809-86a51fda82af,284054,2025-08-12,28
3198,08454dbf-645b-40ca-bf4e-651d4f27a942,390062,2025-09-27,151
3199,a456c444-5117-4f0a-9ce2-22286d2d0f71,901362,2025-10-05,85
3200,1ed39093-731c-489a-b276-0871799c0fc7,1096563,2025-08-22,154
3201,38775b0d-897b-4a65-ba31-0a1d27ca8155,1181701,2025-07-10,62
3202,942ee039-2021-42f4-aef6-a52869147880,717980,2025-10-11,63
3203,8c83b0b8-a36e-449b-a400-1fb9991754c8,49530,2025-11-06,162
3204,2ae54c54-740e-4398-8f5c-abcaf2d62567,87101,2025-10-10,90
3205,1759b881-730d-4c80-9d31-d46f70ae2931,11224,2025-07-29,39
3206,ab93bb01-949d-4e97-84df-4c0b32069ced,1140535,2025-07-02,174
3207,0aab7032-edbb-49f7-a8a2-6176f04572cb,508883,2025-07-25,47
3208,5b42cb33-faa0-47d1-a223-e0f88a651658,585511,2025-12-24,67
3209,ebc27dbe-3229-48df-a1c7-f74681f1b7f5,812,2025-07-25,146
3210,de9d207d-f0d9-4f34-af7e-ebae0dab6838,268920,2025-11-29,48
3211,472ee39f-2902-41ea-bee5-c4a18978915b,792307,2025-09-30,160
3212,6100d6fb-9b9d-4624-81ad-1e9e01e07746,420817,2025-12-02,94
3213,ab93bb01-949d-4e97-84df-4c0b32069ced,1892,2025-09-14,48
3214,1816222a-e8d7-4409-986e-6b3782cc7470,11448,2025-11-25,90
3215,f14e6a2a-e713-4e05-92d3-2f3a23c89e92,1214028,2025-07-27,29
3216,92e3a51c-e48c-4af4-a0df-ffb3c3a828e8,49292,2025-07-11,73
3217,3967f994-b34d-4542-bd55-60b926a35f62,2293,2025-12-12,84
3218,1fe3e730-105d-4cd2-babe-65d9080b41c9,11544,2025-09-19,155
3219,72374e9a-cb43-41b5-9d0d-41b19ddfd21d,9074,2025-10-13,29
3220,d4f5718f-abb0-45a7-bff5-5a991c80b2b4,698687,2025-08-20,154
3221,4cdb55e5-2777-48e2-aac3-7f998e1e3471,4553,2025-11-05,32
3222,c002aaf5-01e7-4134-9144-cea0bd1fced6,324552,2025-10-02,26
3223,fa3963ff-26cf-4748-b7c3-029a304e0924,64688,2025-11-12,83
3224,ea781e18-9b12-46b1-a5d1-ed1151a32b07,68726,2025-09-11,50
3225,71fff63e-f111-4942-9c0d-90247e4ebd8b,82139,2025-10-08,30
3226,8141fcb1-9315-42fb-96cd-ba1243befaa7,1316147,2025-09-11,105
3227,febf5be7-a6ce-406d-a87e-ea26b8c692c2,493922,2025-09-16,52
3228,4d1a8726-4515-4b98-bd6d-5a15583393b4,1072790,2025-12-16,151
3229,9d72e9cd-81cf-4423-81dc-74bc213a2eaa,14926,2025-12-28,119
3230,5c349c3a-f7c3-472c-b472-1d61b941a844,2193,2025-10-12,142
3231,8785a5cb-2ff4-486d-92a6-61e73a9946d7,762441,2025-11-05,158
3232,76e2f584-598b-4632-a434-18224e385d0a,530915,2025-09-25,61
3233,f628c9e1-df23-44bf-8102-7cb81c34e317,14926,2025-07-21,53
3234,92e58ddf-4ba0-4960-ad5e-6266c680b20b,81530,2025-08-02,149
3235,a209208d-583d-4c25-98a8-2098d85746ab,17379,2025-09-08,23
3236,c3632f18-e6cb-4840-98af-2e1823a16b5b,51162,2025-09-23,171
3237,6a0a3a89-7b2c-48e4-9876-3c09ece256a6,806405,2025-07-01,53
3238,07fbfe20-7ce6-4dfa-92f0-3f9ce2b68550,1246369,2025-10-29,146
3239,f57f0185-7fb5-4a7c-8a12-582b3c2d41d9,1443260,2025-08-27,112
3240,9a58a974-7b09-4723-81b2-d0af95ceebd9,1287322,2025-08-29,71
3241,21f61cb1-11bd-46a0-b8cf-a2cab6e4cd5e,22832,2025-07-21,98
3242,9f50c74e-ddf5-4041-8a18-515b69f8136e,13461,2025-11-26,90
3243,5f1431bb-fcb6-4bc0-85bf-fd735c084c04,297,2025-07-14,53
3244,d1c0836b-344d-4fba-ba98-8e15696d70e1,11224,2025-08-07,68
3245,2ab0b0d5-5def-449c-b860-7bdbc15c0c99,812,2025-11-06,42
3246,af98a8ff-e078-4253-9f65-47271cd8ee99,1366,2025-09-10,76
3247,236bcfcc-60a0-4a1d-8c0c-ee05a256fa61,1337395,2025-10-14,45
3248,e7f989b1-2180-4498-9688-605c257df79e,654028,2025-07-28,161
3249,aee1d440-1645-4a02-b07c-89a9c01601fd,46581,2025-12-07,126
3250,d7441a98-caf5-451b-acc7-ec0975017be5,580175,2025-12-27,122
3251,be81303c-7681-4619-891e-f0f7dde6df68,615321,2025-12-01,101
3252,7f6fecbf-84ad-4b8d-91b5-1b981ce0073e,1205515,2025-10-01,154
3253,62be773e-83f9-4460-b837-3df802affc3d,1813,2025-08-11,180
3254,86062440-6c25-41d8-8f08-823c439c5b23,261037,2025-08-11,101
3255,037cf4d3-02b3-4e88-8cae-c236c4b79db5,501007,2025-07-13,43
3256,7aaaae8e-f237-4c66-a51b-ccc6df676f6e,1401318,2025-10-12,129
3257,9b1bf063-c1b6-4fec-ad70-99433021f164,339403,2025-09-30,86
3258,2e445917-f936-4de4-8b57-814dc4b09b38,10431,2025-07-18,172
3259,30e6cf48-6f24-4d17-98a3-8d425248183c,1088166,2025-07-31,74
3260,7a731783-ce44-4505-a364-7fa4bf7093d1,384018,2025-11-19,56
3261,84d6fe5b-a2ed-4b48-abd3-587916902904,1091,2025-10-11,162
3262,e37cd832-2a2c-4f65-992e-59c4986e83c9,324552,2025-11-28,89
3263,aaa90d79-fd38-47cb-86c8-a73d6faae3d9,58027,2025-09-13,138
3264,942ee039-2021-42f4-aef6-a52869147880,68726,2025-12-22,156
3265,58c12f44-dc5a-4075-9611-e635eba1b18b,89602,2025-10-15,91
3266,8da68550-900c-4a5e-bbb3-8ee637ce31d5,242582,2025-11-30,177
3267,02973406-1825-4588-b12a-e2117bf039dd,592350,2025-09-17,120
3268,af690629-7e79-4393-9368-f303bcf19af2,11852,2025-08-15,166
3269,2d7135ef-7e2b-4e88-bece-136ba302eb6d,160840,2025-08-03,177
3270,db091174-6eb0-4301-9393-5e8d7c3730fa,615656,2025-09-05,167
3271,a9e0ee0c-51a9-45da-8c1d-c69d475d7192,1190511,2025-11-22,177
3272,228da925-65ff-403e-993e-0f6f184a1232,310097,2025-12-20,130
3273,86062440-6c25-41d8-8f08-823c439c5b23,582083,2025-11-17,50
3274,979393a9-16ab-4c12-9977-66e05afd3a60,1003598,2025-07-29,107
3275,f14e6a2a-e713-4e05-92d3-2f3a23c89e92,9893,2025-10-07,111
3276,992866b4-91b9-4bc7-8e66-0474e752841d,2105,2025-10-31,150
3277,5462cc47-d695-4b83-981d-a9ea9641fa70,128,2025-07-02,115
3278,4e096c99-e7ea-4109-86e3-5bb1c0d1f50a,399174,2025-10-20,130
3279,7732add7-1a46-40fe-a032-7ad2d6ae2d47,390062,2025-11-19,34
3280,451f6676-2ba9-4825-be61-727b3b0e643c,93456,2025-09-11,180
3281,007e60ed-6fb1-461c-9917-aa02448df0b1,447277,2025-09-10,146
3282,43cf9de1-5770-4b66-9712-d425b4709be6,57212,2025-11-20,20
3283,b1e0541a-5ebf-47e0-b914-100b272d8a71,10530,2025-11-25,103
3284,2a8025ef-e4bf-4547-9f3d-4ccaf20a7eea,1022964,2025-12-12,112
3285,cebe905a-655a-4937-b2e8-d5a4e53594ec,558829,2025-10-02,74
3286,a17575e0-8406-44da-a761-09df2408d340,49494,2025-08-27,178
3287,2368e515-dc5b-4f49-9bbd-0dfbd61b88a8,49529,2025-07-16,126
3288,c14b8e22-eea9-4e52-a71a-518919d21fec,13161,2025-11-24,48
3289,1aef6f1b-ddbf-4532-a2d1-1c636c39aa6d,1205515,2025-10-19,149
3290,51e43bb9-fb7d-4ef3-b2c8-587055161741,940721,2025-08-16,118
3291,db091174-6eb0-4301-9393-5e8d7c3730fa,412154,2025-09-16,114
3292,4c39b976-d2e2-4c2f-a9c9-6f2a48d40476,8835,2025-08-20,131
3293,d18106ea-3480-4489-a5df-b154ffe35b53,1246369,2025-07-11,91
3294,6a0a3a89-7b2c-48e4-9876-3c09ece256a6,116613,2025-07-30,123
3295,1759b881-730d-4c80-9d31-d46f70ae2931,335,2025-12-27,33
3296,667fd48d-b437-400e-b000-41b900c53721,110143,2025-12-08,143
3297,af690629-7e79-4393-9368-f303bcf19af2,1242434,2025-09-18,123
3298,9f51012a-2fa5-4060-950f-ee232fde89f1,1242434,2025-11-06,32
3299,805594a4-9409-49f4-9808-5f693be0c5fd,5528,2025-11-06,172
3300,d1b8989f-61b4-476e-8268-079867b0416f,11528,2025-10-04,162
3301,356e6af5-7478-4c16-834b-2574da85eb65,337404,2025-12-09,62
3302,d7441a98-caf5-451b-acc7-ec0975017be5,661286,2025-10-30,171
3303,5f1431bb-fcb6-4bc0-85bf-fd735c084c04,400535,2025-09-08,151
3304,160e3d47-1244-4f92-94ce-36dec472ffb2,2330,2025-11-18,157
3305,6a0a3a89-7b2c-48e4-9876-3c09ece256a6,1290182,2025-08-28,141
3306,9289c115-63f3-41e1-a295-3e61034da2fe,261905,2025-11-14,27
3307,fa3963ff-26cf-4748-b7c3-029a304e0924,1159831,2025-10-01,151
3308,c9fe052b-0027-4731-abed-c11958f6b347,9035,2025-07-27,103
3309,d97e6262-2dd6-4c64-b1b1-6886f932b218,337404,2025-07-21,38
3310,e0712afd-3281-4489-a460-605c4861b622,564149,2025-08-04,64
3311,dee7ddb8-453b-49f0-9c53-060160ca09b6,296065,2025-10-18,162
3312,bfc8bd08-34fe-49ef-9089-d320d17dfb98,438695,2025-12-04,49
3313,d13afe75-b971-4b78-9181-9ff8784ab094,47971,2025-10-19,110
3314,e1be7db6-52e8-4ffe-941c-e5462a70a35a,698508,2025-10-23,71
3315,db0a5d3f-f758-4a62-b481-1826b6d2ceb2,181812,2025-11-21,28
3316,eaf24fc8-526e-4a96-a795-1671f0c3e675,1402,2025-10-13,78
3317,68af2751-9f08-43b9-97e2-1cbac2afb201,897160,2025-12-11,148
3318,d71c484b-6090-4468-8158-ae2e83790347,128,2025-07-13,159
3319,9c032a7e-56c8-4e4f-b494-f5c36c29a522,419430,2025-08-12,151
3320,d477c770-4a9a-4f92-8b0c-7f01a7c76e93,1454308,2025-09-03,133
3321,cf6cd2b5-af52-4a5e-acbd-f710a598400f,787747,2025-08-22,82
3322,14bda2cd-e0ba-4935-b00c-191376524976,1310458,2025-12-08,151
3323,bba62230-1712-451d-ba66-09f220642be2,240832,2025-08-03,166
3324,4c35ee13-6d52-48a0-b63d-f6709f58dfad,1291559,2025-11-03,49
3325,86ea471b-a7f1-4da8-bca7-f8ff18414f06,1580234,2025-08-29,73
3326,c2ffdd21-f266-4554-ab0e-3a3b1293dc8f,425980,2025-09-13,90
3327,85a8bbcb-baa9-4ca3-a3fd-773cd824d7fc,11544,2025-10-12,99
3328,86845847-d856-4803-86a4-ae050c8d643f,656908,2025-07-28,161
3329,53e5fac1-ac15-4b3b-91e1-e27f27b8417c,43347,2025-07-17,154
3330,9df3a0e7-eebc-4ee9-924c-bb214ea1dd34,27579,2025-11-30,117
3331,514735c3-4640-4150-9a70-785abc8759f5,1062807,2025-11-04,127
3332,b515dd81-4f3f-4fca-a793-9620b9b9fb2d,13187,2025-07-25,69
3333,7aaaae8e-f237-4c66-a51b-ccc6df676f6e,508883,2025-11-21,50
3334,1c3fdecb-7eb1-4275-b34d-9f9901b02a2f,38234,2025-08-28,23
3335,f4bdf0f1-da28-4af1-8f4d-f2822ccd4c14,50014,2025-07-07,63
3336,8fba9e83-054a-4413-a0aa-1a33b83c3a89,672515,2025-10-19,115
3337,b76f4b1f-18be-460c-90ec-2c2c5ce953db,567811,2025-12-12,167
3338,7f6be313-8320-48ef-98e8-85612c45bbdd,804158,2025-07-22,58
3339,506863b8-fe40-4507-b6cf-1a653e9cb4d7,1734,2025-10-24,160
3340,7f2b10bb-3b06-446a-bf91-d59305750b4a,353081,2025-07-22,140
3341,f5f19ed6-3477-4694-8670-8370bca863dc,846422,2025-10-03,140
3342,a3d4b380-ce15-4811-bc54-00b341dabfc7,558829,2025-12-17,123
3343,ccc5651f-aef6-4d3d-8a5d-5b36966a90ac,566525,2025-12-13,24
3344,cfb77b61-87bb-4190-aa4a-5c44ab559287,18239,2025-07-19,170
3345,2bd6a655-db38-4569-91b5-1176964d92c9,44918,2025-08-18,169
3346,1bf74013-9369-4a61-8200-b8c8dc833ae1,27579,2025-09-01,169
3347,1759b881-730d-4c80-9d31-d46f70ae2931,689679,2025-07-31,80
3348,599a8567-469b-4379-ad01-07413383ad10,19913,2025-11-15,165
3349,03588b45-196c-490e-870c-da0b4841a533,43593,2025-09-28,142
3350,9b1bf063-c1b6-4fec-ad70-99433021f164,1062807,2025-11-03,61
3351,c2ffdd21-f266-4554-ab0e-3a3b1293dc8f,1251717,2025-12-25,101
3352,2e445917-f936-4de4-8b57-814dc4b09b38,672515,2025-08-04,31
3353,d9e7bc19-f494-46e3-a6d4-d67a77330aa3,454626,2025-12-04,133
3354,2f8c8bbf-b905-446b-960b-4bfce392dbb9,566525,2025-09-07,59
3355,3fd6569d-bd10-4114-b8ed-7389dbff35cd,28,2025-07-30,141
3356,730ef8ec-fe4b-431f-a794-f76bb0827e00,926393,2025-11-30,55
3357,3967f994-b34d-4542-bd55-60b926a35f62,290524,2025-11-16,137
3358,7064f811-7df1-43f6-aaac-3a4780eaf5af,32657,2025-10-06,156
3359,837bd55f-4437-4396-8ec2-154cf0aa22a7,10895,2025-08-01,81
3360,53e5fac1-ac15-4b3b-91e1-e27f27b8417c,1254808,2025-11-18,133
3361,ba1d8c4d-1e8f-4666-8a6a-3ef44d0d5a2e,1271,2025-07-16,45
3362,9d72e9cd-81cf-4423-81dc-74bc213a2eaa,11970,2025-07-18,160
3363,86e60679-2c27-44e8-a6b2-fea8d740a0a6,472815,2025-07-15,72
3364,edc076e7-16dd-41bc-840e-3de7e1185d53,1297860,2025-07-05,36
3365,89d4fb58-becc-42d5-8e6f-0cebdd142392,25475,2025-10-08,27
3366,b25e72cb-55a5-4eb6-9ca9-dc85e88673db,19913,2025-10-05,174
3367,fa923e2f-231a-48c4-a023-ef9f347f09a1,901362,2025-11-08,62
3368,53ef3bec-5ddd-4f96-bfcd-46093855142a,28,2025-10-27,76
3369,cee8bd05-eb61-4fd3-9484-ce6d7c6fc1b9,364,2025-11-05,53
3370,fde43dfe-2220-4432-bab9-00d3ddb0cc6d,22705,2025-08-18,162
3371,2aa85431-b326-45cc-b7a0-4c33e54441ad,2293,2025-09-23,62
3372,cfabf448-9b42-4e26-aaa9-2c58323c012b,8920,2025-08-19,152
3373,03588b45-196c-490e-870c-da0b4841a533,121514,2025-08-06,43
3374,fe5ced20-20e6-4fec-8893-b727df1716fc,57825,2025-07-14,148
3375,261c3d2d-f8be-4fe2-8208-56ff1b68e30c,101299,2025-12-17,132
3376,ef30cb66-f029-4923-85a5-173ba007a5fa,51482,2025-11-19,50
3377,3adc5b73-9e7a-465e-8b00-23440fc1f972,287424,2025-12-12,59
3378,061754e3-f8e5-4ee0-b7ba-f88513bd147e,1272837,2025-07-25,176
3379,f6949de3-7de0-46e4-8c9d-bf9ae2a6e0d6,1422,2025-07-12,94
3380,077dbbea-c5b1-4256-8565-670c5adf091c,1311844,2025-12-17,90
3381,a17575e0-8406-44da-a761-09df2408d340,8363,2025-11-05,29
3382,cc86ac19-cd9f-45be-8fd5-2f5d70dacaed,11230,2025-11-25,134
3383,4b7f7e93-1017-409d-bfa1-bb4bc1085b3c,1454308,2025-09-25,159
3384,37949bba-b992-408e-88e3-4316c59c093a,412092,2025-12-21,39
3385,86f97b96-adf3-4c00-8a19-31287527ee94,1311844,2025-08-10,116
3386,21e72a3f-6f90-46d5-af87-21c1da85004b,698508,2025-11-10,178
3387,c951ca08-0a63-4941-b66f-287dc46ace43,17379,2025-09-30,169
3388,d13afe75-b971-4b78-9181-9ff8784ab094,512200,2025-10-08,54
3389,d97e6262-2dd6-4c64-b1b1-6886f932b218,1337395,2025-08-11,97
3390,1759b881-730d-4c80-9d31-d46f70ae2931,740903,2025-11-13,89
3391,7b78e6bb-3643-4670-beb2-69dba5a0f9ce,10730,2025-11-26,124
3392,3f682e65-1fb9-41b4-ba2c-9aac5b4f819d,1022964,2025-12-24,85
3393,83d6adef-7b95-41f3-960e-5915270018c0,50014,2025-09-06,151
3394,8576d1e4-dc2a-4029-80cd-6b29334849c3,404180,2025-07-22,167
3395,204074c2-e46a-4534-8aec-439a08cd5016,615656,2025-09-07,53
3396,3fd6569d-bd10-4114-b8ed-7389dbff35cd,128,2025-07-09,110
3397,b4f8b4e7-e252-4d5c-8136-345960b364d9,265195,2025-11-11,124
3398,0e5d2249-1622-421a-bd3d-e6ff8bebfc81,1724,2025-09-06,180
3399,ae8d269e-ec2f-4c21-ae7b-b9d6db214e04,792307,2025-08-03,138
3400,72374e9a-cb43-41b5-9d0d-41b19ddfd21d,1133651,2025-07-10,140
3401,6413c11d-e235-4a12-9bf7-5d5f4d4c4893,397243,2025-10-01,49
3402,88f50216-2b74-45d9-97a0-1c50673da0c9,791373,2025-08-16,149
3403,359d63b3-74c4-46d5-a8bf-84bd478bd61e,1004463,2025-10-29,74
3404,0aa16452-2af3-4d66-8cad-e898d6f63d00,12230,2025-11-25,55
3405,9773e882-deee-4217-bf19-774520b7e13c,1088166,2025-09-06,127
3406,a683c5ac-78ae-482f-b842-ee9ca33616c0,5174,2025-08-15,170
3407,436700b7-bc02-48b0-b30c-16122cc400a4,1285247,2025-11-07,54
3408,9df3a0e7-eebc-4ee9-924c-bb214ea1dd34,269495,2025-07-18,29
3409,13a84090-5604-4025-96cf-e21388c1f2cf,4032,2025-08-26,117
3410,29f17f74-dc9d-4fc1-9652-d538a379162d,119450,2025-12-06,74
3411,1052030b-3f4b-4138-a628-a9e7197b2ef7,593676,2025-07-09,22
3412,e9ca009d-5afa-4cd4-a68b-001f5e6a9a76,240832,2025-12-16,78
3413,d4f5718f-abb0-45a7-bff5-5a991c80b2b4,121514,2025-07-08,33
3414,e7720dc6-cead-4722-a16f-b4e3d2297f3b,926606,2025-07-16,114
3415,a118172b-e907-4fa4-baa3-6a2c547d7399,10895,2025-07-12,155
3416,a82fd124-0eb7-4c2d-a0e5-fca258aea086,311,2025-12-23,104
3417,9b1bf063-c1b6-4fec-ad70-99433021f164,1206008,2025-07-07,36
3418,321a70fb-3825-4a76-9274-cec2da92cd92,592695,2025-12-25,82
3419,a34a769f-6752-4275-b79f-30b90e1fb7a1,1263256,2025-07-23,33
3420,85a8bbcb-baa9-4ca3-a3fd-773cd824d7fc,385128,2025-07-01,159
3421,c129e1ee-e093-4e9e-b474-021e61e48054,268920,2025-07-07,131
3422,fde43dfe-2220-4432-bab9-00d3ddb0cc6d,313369,2025-08-06,20
3423,664cf432-a9e0-428e-9eb2-0829a7aea614,49046,2025-08-26,175
3424,53ef3bec-5ddd-4f96-bfcd-46093855142a,41003,2025-12-23,56
3425,a916222d-2a65-4097-a32a-b91c8c30699f,13764,2025-09-03,151
3426,be78658f-030e-4737-86c1-0d114b8b5f0a,36225,2025-09-10,109
3427,1c3fdecb-7eb1-4275-b34d-9f9901b02a2f,10476,2025-08-12,124
3428,71b16b14-3feb-4ad4-a1a3-1f1523a70129,335797,2025-11-07,164
3429,a7eb8eb8-aa12-430b-a998-83af9233386b,14926,2025-10-25,81
3430,2ab0b0d5-5def-449c-b860-7bdbc15c0c99,13461,2025-11-13,153
3431,b5179d03-346a-4b9e-8942-d41809262852,2123,2025-09-06,140
3432,cfabf448-9b42-4e26-aaa9-2c58323c012b,1037113,2025-10-28,87
3433,cfabf448-9b42-4e26-aaa9-2c58323c012b,582083,2025-10-10,42
3434,725ae064-3ca7-4294-95d6-4e4653ac35db,412154,2025-09-04,37
3435,24df3469-e9f5-4c7f-bda4-6f9a5f650e70,166426,2025-07-03,70
3436,7887b184-c558-41c4-8c46-7f627ed758f7,408567,2025-08-29,40
3437,9b1bf063-c1b6-4fec-ad70-99433021f164,265195,2025-12-06,140
3438,6b64aea6-aaed-4ffb-aba0-0d647a3b757d,420818,2025-07-03,139
3439,aa604ae9-7388-4b4b-a2d2-1254a260adee,11544,2025-08-13,104
3440,3809ea71-a74d-47a7-b8da-118d2b1da3a7,10625,2025-11-17,140
3441,a9ea7428-7450-4b01-9977-eb488307d250,296065,2025-07-11,48
3442,cd8bf46a-e047-4c4a-930a-b7b5a712c223,11970,2025-07-18,146
3443,8785a5cb-2ff4-486d-92a6-61e73a9946d7,270303,2025-10-13,141
3444,01312106-2bcb-451a-9d94-dff55ef6e9b7,588228,2025-11-19,57
3445,15962aea-a3f4-4731-8b6a-b369a09e5ba2,9470,2025-12-02,48
3446,9f51012a-2fa5-4060-950f-ee232fde89f1,1204186,2025-09-18,107
3447,6ee2f25a-0c54-4567-aaef-54434c4fd16c,34544,2025-07-09,68
3448,8a447214-b40e-4c9d-82ff-c5ae65e12031,1151334,2025-08-14,48
3449,1f81df2e-0e45-4575-9687-a35c06b6e589,204082,2025-11-11,95
3450,f6909542-d106-4655-aaf6-b8900494e157,19913,2025-09-02,31
3451,e96c766f-cd32-4864-96d3-5c2f5011569f,21407,2025-10-16,118
3452,8576d1e4-dc2a-4029-80cd-6b29334849c3,128,2025-12-10,102
3453,99d39649-9af5-4e33-9aef-21652b3dbc00,335797,2025-10-04,58
3454,098d5d8a-fea4-46d8-bfa4-634100c107e6,1277988,2025-11-02,79
3455,c93f5495-6586-4525-b0f3-fac4c1d355c7,672515,2025-10-12,125
3456,f063145f-8d7a-4c71-9faa-8f08d549d474,695721,2025-12-06,172
3457,46540a5c-3513-4b4a-b4f5-0d3a044f02ee,87,2025-12-15,72
3458,f24dfdfd-6cbf-4337-a145-125eb3e6d076,15167,2025-08-12,49
3459,e96c766f-cd32-4864-96d3-5c2f5011569f,1262815,2025-12-22,99
3460,9e45a4ff-d391-439d-ae14-b6ae48177692,566525,2025-09-03,115
3461,e9e7f783-9f48-4142-b951-10830f0b4b65,812,2025-07-31,150
3462,5d9ab00c-79dc-43f4-b7c6-cf1221f911e1,621,2025-10-05,178
3463,bba62230-1712-451d-ba66-09f220642be2,49046,2025-09-23,53
3464,29a822c6-4391-4560-a1ba-56d8face0031,136799,2025-07-11,47
3465,3f682e65-1fb9-41b4-ba2c-9aac5b4f819d,49292,2025-07-03,159
3466,2becc8b6-353a-45ee-af5c-623a0245f6b5,811941,2025-08-01,164
3467,65b10d79-260f-4b51-95f0-360d2f26244d,663712,2025-09-06,120
3468,29f17f74-dc9d-4fc1-9652-d538a379162d,52212,2025-12-18,104
3469,e72b96e6-1f15-43fa-97c7-70fa2f63a5e5,481871,2025-10-30,114
3470,8cdff50c-0c7c-45ed-9afb-53824e9c230b,43347,2025-12-20,26
3471,7f6be313-8320-48ef-98e8-85612c45bbdd,11528,2025-09-14,34
3472,ffa66787-a078-4e8c-95ca-8c1a6a5bf50e,681291,2025-10-05,115
3473,3cbe09e5-c32b-4aa0-9216-17726e01c54f,454626,2025-07-26,148
3474,6a0a3a89-7b2c-48e4-9876-3c09ece256a6,38700,2025-12-03,179
3475,615b519b-5d81-4c2a-b7a7-80ed32674221,882569,2025-10-31,167
3476,bcbfb4bf-835b-4d19-913c-97c3e16d4978,121514,2025-08-10,134
3477,e803f1eb-9686-4fa0-9bd6-5dfd706927d7,22705,2025-09-22,148
3478,89d4fb58-becc-42d5-8e6f-0cebdd142392,1265063,2025-08-25,101
3479,44c492f0-761b-4ec0-9002-a5904ebf1dec,420817,2025-11-02,70
3480,368dd00d-33d5-4017-840a-4fe6dbf2a61f,187017,2025-11-23,42
3481,86e60679-2c27-44e8-a6b2-fea8d740a0a6,381288,2025-12-02,149
3482,38775b0d-897b-4a65-ba31-0a1d27ca8155,1368,2025-07-03,32
3483,b68b585c-7eb7-4193-850c-543534e0f892,15566,2025-07-12,37
3484,077dbbea-c5b1-4256-8565-670c5adf091c,22832,2025-07-02,157
3485,979393a9-16ab-4c12-9977-66e05afd3a60,4553,2025-12-22,146
3486,0159e530-90cd-41e0-8e13-1023e77410ea,72190,2025-11-06,121
3487,1c3fdecb-7eb1-4275-b34d-9f9901b02a2f,324183,2025-08-04,110
3488,6fb4593c-11d7-4f53-9731-c9bbbf665c91,11667,2025-12-06,108
3489,2376579e-33b1-4bfb-ab43-5899ab340a9c,918200,2025-10-10,151
3490,34cab079-0f63-4a2c-ac58-3da4cc2d9ec9,47971,2025-08-10,77
3491,510ceda2-e44c-44e8-87e9-ecbb76eab22c,1022796,2025-09-02,56
3492,45f0d11f-bb3a-4b6d-b4ea-ba6ca3c54808,897160,2025-10-14,161
3493,58f55428-9515-41fe-817d-b1f94988547d,792307,2025-09-20,64
3494,077dbbea-c5b1-4256-8565-670c5adf091c,1579,2025-11-26,31
3495,91daea9b-60ae-443e-b75c-d8087658e20c,762441,2025-08-06,126
3496,84d6fe5b-a2ed-4b48-abd3-587916902904,1235746,2025-09-26,103
3497,eb7a247d-3de8-4c05-92cb-e8d031da510d,9074,2025-07-31,23
3498,4114d2c2-2c41-4d0b-a4e0-a2772e87ba1f,21778,2025-10-13,48
3499,e22543b2-831d-44f2-b205-f731a19301ad,1402719,2025-07-16,171
3500,4012b450-d27f-47f0-a34b-528a8309ec0d,2293,2025-09-22,157
3501,8fba9e83-054a-4413-a0aa-1a33b83c3a89,1516391,2025-09-13,94
3502,c9eb5355-d983-4615-a199-85935c9b80bc,274167,2025-07-20,26
3503,2aa85431-b326-45cc-b7a0-4c33e54441ad,412092,2025-10-04,156
3504,37cc63ea-f722-4ae7-a09a-bbb9b7bc0932,1262386,2025-09-24,139
3505,018ec607-f3fd-480d-acb2-3d9b125ee7c4,16716,2025-08-16,49
3506,cf6cd2b5-af52-4a5e-acbd-f710a598400f,385128,2025-10-03,80
3507,42d3d73f-5b9e-40d6-b356-ce55aadbb5a1,11011,2025-12-07,38
3508,85a8bbcb-baa9-4ca3-a3fd-773cd824d7fc,10730,2025-11-26,118
3509,786e1bea-ab7a-415e-b4bc-9ff7f4d25d1e,390062,2025-10-10,31
3510,6a0a3a89-7b2c-48e4-9876-3c09ece256a6,698508,2025-12-21,93
3511,a34a769f-6752-4275-b79f-30b90e1fb7a1,79871,2025-12-28,148
3512,8a795cfe-828f-4786-94ae-62e444719b61,254473,2025-09-17,54
3513,7cb59506-310c-48a6-a405-c735f5e0885d,138697,2025-10-17,113
3514,da6946ab-e1f7-492a-a031-4e772ffe7de9,666035,2025-08-28,114
3515,226da684-29b6-4d08-9ad1-8d6e131a03a8,791373,2025-07-10,104
3516,ace376c5-e89b-4dfb-9632-403b193e00a3,5925,2025-07-08,117
3517,4114d2c2-2c41-4d0b-a4e0-a2772e87ba1f,920,2025-08-30,88
3518,17494ddc-e28a-44a0-8737-04d6a9dd291d,43947,2025-12-07,27
3519,afd2ab1b-8c4d-42df-a92a-233e78d6f8a7,265195,2025-12-25,170
3520,b7e4fa7b-984d-455f-bcce-b60c23e09452,32657,2025-11-16,45
3521,5b42cb33-faa0-47d1-a223-e0f88a651658,1287322,2025-08-25,40
3522,7887b184-c558-41c4-8c46-7f627ed758f7,718930,2025-10-26,142
3523,f6286df3-af01-4730-b3b6-93974ed6598d,8077,2025-12-23,60
3524,40887bd5-dfbb-443d-93fc-a51c9fcad681,1310458,2025-09-22,144
3525,bcbfb4bf-835b-4d19-913c-97c3e16d4978,580175,2025-11-25,124
3526,94b9a940-4a13-4b71-bb13-e5753c57fb56,297,2025-12-14,55
3527,0d080ddd-6b06-42bb-a975-8830b35d141f,358895,2025-12-28,124
3528,df482279-52b2-4d15-b0c2-b2715cf33e54,79871,2025-11-06,175
3529,40887bd5-dfbb-443d-93fc-a51c9fcad681,1254808,2025-08-10,96
3530,667fd48d-b437-400e-b000-41b900c53721,1233066,2025-12-10,157
3531,2aa85431-b326-45cc-b7a0-4c33e54441ad,520318,2025-11-28,123
3532,290c5bad-974f-4799-afaa-84444f5f93ec,11199,2025-10-15,95
3533,29ffb15a-d444-4e07-9fbc-4bd7eafdd012,1289888,2025-09-16,145
3534,900f3414-c79f-4aff-8ee8-cf712ee5b2d3,454527,2025-12-27,163
3535,c002aaf5-01e7-4134-9144-cea0bd1fced6,1254808,2025-10-28,92
3536,a6f194f7-c793-4ef3-b2ae-2ad36f9caed4,602,2025-07-02,37
3537,815d05c1-033e-4d3a-801d-9163da2a5c8a,140607,2025-10-06,61
3538,afd2ab1b-8c4d-42df-a92a-233e78d6f8a7,197,2025-07-31,62
3539,d94786ed-1a2d-4000-bdf9-cf4eb4bf0db7,9655,2025-09-08,22
3540,b7e4fa7b-984d-455f-bcce-b60c23e09452,15934,2025-09-04,64
3541,69d4a443-6ccb-45b8-8f24-7ff7aaf08666,10198,2025-11-06,70
3542,fa9099f4-80f2-468c-bbb3-b846e1fc19ff,574546,2025-10-15,58
3543,41ffc8b6-7a14-4051-aa55-0b35de19b5e0,51482,2025-11-15,50
3544,25b1b16a-b653-48e3-a173-d656eba45cde,537971,2025-07-04,31
3545,a9e0ee0c-51a9-45da-8c1d-c69d475d7192,920302,2025-09-14,50
3546,38775b0d-897b-4a65-ba31-0a1d27ca8155,274857,2025-08-05,60
3547,237ff01e-45ce-4db0-a678-75805471689f,4232,2025-08-30,92
3548,f8bac97b-de0a-40b7-b46e-9192f18f646b,672322,2025-11-19,180
3549,f955bcf9-0082-4b2a-a480-f0bd58674b32,615321,2025-11-02,157
3550,3809ea71-a74d-47a7-b8da-118d2b1da3a7,806405,2025-10-08,106
3551,3fbe16a4-e0fd-4341-96f5-4d35f1b7fd7b,117263,2025-09-25,172
3552,54d375ba-c40c-49bd-8e2e-cf834a61d0b2,1126166,2025-10-12,104
3553,4303187a-21e5-4fe2-9fc7-ca8acf97c5a0,593676,2025-12-07,86
3554,2e853b27-362b-4b9f-86a5-6335f85f50a1,93456,2025-07-23,171
3555,9aa46564-703c-4a58-a3b7-73902843a272,773,2025-10-05,170
3556,bca205ea-a4ea-4cda-be60-9d8d12b64879,447332,2025-12-27,127
3557,51e43bb9-fb7d-4ef3-b2c8-587055161741,38234,2025-10-17,151
3558,8a795cfe-828f-4786-94ae-62e444719b61,1281,2025-08-04,130
3559,821fa345-d9f5-4a32-a938-0a63037cd3c3,19904,2025-09-27,175
3560,ef4483fa-2ac0-43d5-ab42-2894b90d6404,1291040,2025-09-24,173
3561,ef8d6172-3084-4242-a545-ac1c8425f5e3,672515,2025-09-04,121
3562,4d1a8726-4515-4b98-bd6d-5a15583393b4,1571470,2025-08-08,119
3563,725a28ee-a635-45d3-b8c1-860bdcc41dec,550988,2025-11-04,68
3564,3b5ce9c6-34a5-4751-ae06-db90fe89a0bd,12503,2025-09-14,80
3565,2a8025ef-e4bf-4547-9f3d-4ccaf20a7eea,11230,2025-09-21,80
3566,73902df7-9c81-49a2-87e4-53d16886cf10,588228,2025-12-25,112
3567,03134078-c847-460a-9e7e-34e547a45854,851644,2025-10-18,98
3568,8aaf9ba0-8479-408b-89f4-94a03588e6d9,920,2025-11-27,25
3569,5a9d289d-d2f2-43f2-bf0f-438911d23c4d,2105,2025-07-23,56
3570,0bb30020-2d9d-41b3-809b-4c7a888b10fe,1226863,2025-12-09,173
3571,38775b0d-897b-4a65-ba31-0a1d27ca8155,4232,2025-08-02,130
3572,cfb77b61-87bb-4190-aa4a-5c44ab559287,926606,2025-07-15,132
3573,b83e579f-0c2e-4cbd-a68b-ca14954f888e,400535,2025-09-24,143
3574,8456f350-8209-4309-98dc-ee514849c28f,116613,2025-09-23,53
3575,7475c7b1-8d95-4df2-b8ef-da1dfa75cdcf,11360,2025-09-09,167
3576,8c83b0b8-a36e-449b-a400-1fb9991754c8,8195,2025-12-26,30
3577,ae8d269e-ec2f-4c21-ae7b-b9d6db214e04,438148,2025-10-15,46
3578,bd2bf899-d396-4922-b73a-bf6467e2dd68,140607,2025-09-20,121
3579,89d4fb58-becc-42d5-8e6f-0cebdd142392,11932,2025-10-18,124
3580,510ceda2-e44c-44e8-87e9-ecbb76eab22c,1102776,2025-07-12,73
3581,d71c484b-6090-4468-8158-ae2e83790347,12193,2025-12-21,77
3582,ef4483fa-2ac0-43d5-ab42-2894b90d6404,261037,2025-09-10,40
3583,d1df85f9-ed4f-4513-8399-192775604e21,11199,2025-09-10,109
3584,d3418b60-012f-4a7c-bde9-31f44c707b86,8055,2025-12-09,121
3585,5d9ab00c-79dc-43f4-b7c6-cf1221f911e1,372921,2025-11-18,145
3586,db091174-6eb0-4301-9393-5e8d7c3730fa,419430,2025-11-17,25
3587,ce8cf312-0bb9-4248-8329-1c6a5d19d06b,19913,2025-11-24,21
3588,bf35c774-0e79-40d3-b57f-64fefc446174,10867,2025-10-29,142
3589,ae08e78b-c4c3-4e1a-8cda-de60ee898d94,368412,2025-09-21,148
3590,92e3a51c-e48c-4af4-a0df-ffb3c3a828e8,1402,2025-12-15,72
3591,3967f994-b34d-4542-bd55-60b926a35f62,975511,2025-12-07,47
3592,58e69bed-d14e-40cc-9311-70b31583dc1a,9753,2025-10-05,168
3593,d12281b2-5756-489d-bd90-15bf5d3979b8,770,2025-08-28,153
3594,93e247d0-f966-446a-ba32-395f310e7c0a,843,2025-11-07,174
3595,367219fe-0ded-4674-a8b7-b545eed28498,695721,2025-07-10,61
3596,b58363f2-2a53-4029-b5ed-d85a8a2947ff,897160,2025-10-08,135
3597,9c032a7e-56c8-4e4f-b494-f5c36c29a522,1001270,2025-08-20,179
3598,ac8dd9f7-0eb8-4698-b6e9-fbd52e44b146,1145221,2025-12-28,123
3599,5a9d289d-d2f2-43f2-bf0f-438911d23c4d,44918,2025-09-15,91
3600,72f9cbc8-1508-47e5-a5b8-e19e461248bc,261037,2025-08-03,57
3601,fd653737-40a2-4f00-9589-138f115d5f49,564149,2025-12-16,67
3602,d744958c-d7de-4de2-a403-1dc09de3c492,462181,2025-08-03,164
3603,615d9c79-3f8a-43e4-ab65-e301984106e7,11667,2025-08-10,22
3604,a82fd124-0eb7-4c2d-a0e5-fca258aea086,1441,2025-12-14,70
3605,c15bf80e-8a65-457e-9627-e365e08f6745,335797,2025-12-03,33
3606,359d63b3-74c4-46d5-a8bf-84bd478bd61e,10193,2025-09-29,59
3607,bf35c774-0e79-40d3-b57f-64fefc446174,458156,2025-10-11,172
3608,97b20396-7dcb-4ff2-a49d-91dce5edc65e,2251,2025-11-03,21
3609,2f9a1712-d511-457f-8588-cd14223cea54,9487,2025-12-05,174
3610,1052030b-3f4b-4138-a628-a9e7197b2ef7,873967,2025-09-05,40
3611,d3418b60-012f-4a7c-bde9-31f44c707b86,745,2025-11-20,49
3612,fb8a0d7e-a982-4c18-827c-a23c6d6fea58,1300116,2025-08-14,164
3613,1ed39093-731c-489a-b276-0871799c0fc7,43347,2025-08-19,44
3614,8b2401aa-7866-4404-8434-ccb7a892e7dc,137113,2025-10-04,153
3615,6c6fcbc5-9489-4979-92c0-759521d8899f,181812,2025-09-16,26
3616,dee7ddb8-453b-49f0-9c53-060160ca09b6,1572,2025-07-01,96
3617,43f6fb81-5043-4774-96f0-a17833f1a0bd,1580234,2025-10-23,138
3618,77fb7ca7-c7a7-4079-b4a0-e57d4615c244,458220,2025-07-10,107
3619,407857ad-e162-40b2-9c02-56be508b6ab4,2280,2025-07-29,34
3620,cbb23163-9bde-4f46-a851-2b0cb261c318,975511,2025-12-01,89
3621,a65b3363-83fc-454f-b25e-e67704368dd3,420818,2025-10-09,178
3622,d9e7bc19-f494-46e3-a6d4-d67a77330aa3,950,2025-08-16,179
3623,c18e2d44-0e25-490f-88fb-4ca6d6c4c18c,1443260,2025-09-10,31
3624,aaa90d79-fd38-47cb-86c8-a73d6faae3d9,1133651,2025-08-05,123
3625,b27f9460-fd18-427a-b4c5-0a6e3dc2a617,873488,2025-08-15,93
3626,43cf9de1-5770-4b66-9712-d425b4709be6,404733,2025-08-09,50
3627,5c03e14a-8db2-460b-a410-8a560d1e2e69,10895,2025-12-12,148
3628,36938d15-0f49-4b57-8d54-a7e4b617f070,5925,2025-10-13,39
3629,69d7888e-eda4-4229-a977-a79d1c043cc7,12665,2025-12-25,59
3630,2a51e6bf-7e44-464b-b139-5eeb1d64b95d,115,2025-07-16,154
3631,da6946ab-e1f7-492a-a031-4e772ffe7de9,4247,2025-09-14,21
3632,41ff44a0-b1f0-4123-bb23-012d72187caa,1289888,2025-07-31,177
3633,725a28ee-a635-45d3-b8c1-860bdcc41dec,57212,2025-07-01,107
3634,3cbe09e5-c32b-4aa0-9216-17726e01c54f,214756,2025-10-30,157
3635,e9ca009d-5afa-4cd4-a68b-001f5e6a9a76,579974,2025-07-28,117
3636,09e5c4a4-6e84-48ee-b7d3-755047383227,408567,2025-11-06,175
3637,05f0a2a0-66d9-46f7-a1b1-0c7ee3c04086,806405,2025-12-11,72
3638,b9fdf3e8-1377-4951-b680-d421da059356,420817,2025-11-29,41
3639,1f5ed463-e08a-48fd-97b3-d3b6068c988b,1135873,2025-10-31,176
3640,3580687d-c426-407d-a3d6-14eb594796de,12222,2025-08-12,94
3641,8d070a96-dde4-407d-a3cd-456862e11001,24122,2025-08-10,134
3642,619782e9-2fd1-4b29-af7d-3e3fae62abd6,4247,2025-10-20,108
3643,25b1b16a-b653-48e3-a173-d656eba45cde,11667,2025-12-27,68
3644,da6946ab-e1f7-492a-a031-4e772ffe7de9,245891,2025-11-20,146
3645,d18106ea-3480-4489-a5df-b154ffe35b53,24122,2025-10-29,33
3646,b4f8b4e7-e252-4d5c-8136-345960b364d9,122906,2025-12-03,78
3647,261c3d2d-f8be-4fe2-8208-56ff1b68e30c,901362,2025-10-24,29
3648,137eb4a3-f2e7-43df-a3ea-964a78d04209,1263256,2025-07-21,70
3649,be723f92-ab99-4fca-ad8e-a2ac3531b277,176,2025-07-09,142
3650,3967f994-b34d-4542-bd55-60b926a35f62,617,2025-11-30,177
3651,ffa66787-a078-4e8c-95ca-8c1a6a5bf50e,72190,2025-08-22,158
3652,c30a62e9-a0d1-4565-a2ae-366348aed80f,812,2025-11-22,94
3653,de1f36da-403e-4203-a456-9a2f66be660f,1133651,2025-09-01,93
3654,137eb4a3-f2e7-43df-a3ea-964a78d04209,146451,2025-07-18,123
3655,1ed39093-731c-489a-b276-0871799c0fc7,15934,2025-10-31,153
3656,7cc5b47b-ded8-4fcf-b076-0331af4d3f52,10625,2025-12-10,59
3657,46540a5c-3513-4b4a-b4f5-0d3a044f02ee,93456,2025-09-19,49
3658,6077301b-c64f-4d97-a207-fa80d68dce98,976893,2025-10-24,135
3659,d3a2bbf0-573b-4137-a6b1-0ba6f019bbcf,920,2025-07-26,153
3660,6305c1b4-a7b7-4c2c-8010-cdf91b5f51ee,918200,2025-11-17,126
3661,c9eb5355-d983-4615-a199-85935c9b80bc,454626,2025-10-31,177
3662,506863b8-fe40-4507-b6cf-1a653e9cb4d7,11230,2025-09-13,129
3663,a683c5ac-78ae-482f-b842-ee9ca33616c0,82139,2025-09-28,135
3664,f6949de3-7de0-46e4-8c9d-bf9ae2a6e0d6,11932,2025-10-09,106
3665,615d9c79-3f8a-43e4-ab65-e301984106e7,498888,2025-11-24,94
3666,4676d991-385b-4d37-97be-a4dfc03b5abc,12230,2025-08-24,84
3667,472ee39f-2902-41ea-bee5-c4a18978915b,792,2025-09-03,107
3668,0c9f7981-f2e5-435f-a809-86a51fda82af,615665,2025-07-30,118
3669,b515dd81-4f3f-4fca-a793-9620b9b9fb2d,383498,2025-07-21,100
3670,615b519b-5d81-4c2a-b7a7-80ed32674221,11224,2025-09-04,36
3671,0c57d864-0f54-4781-9e7f-a16a37129660,8392,2025-12-22,25
3672,0d4ce96b-47f2-432d-b82d-ae65aa90f64b,1291559,2025-08-10,63
3673,86f97b96-adf3-4c00-8a19-31287527ee94,284053,2025-11-30,96
3674,e6721b5a-dfa9-43fe-8bae-f57e9502de53,510,2025-08-02,85
3675,dfb1ea22-0978-4c90-91d5-499756e09986,1287322,2025-10-25,162
3676,aecf09e6-9c2f-498b-b9ad-7a32bfe6d5d1,663712,2025-12-16,169
3677,8446a099-370f-4890-9202-5802b661fc6f,1037113,2025-10-29,87
3678,7f6fecbf-84ad-4b8d-91b5-1b981ce0073e,11970,2025-11-25,68
3679,c9ff3854-283b-4b32-beb4-164f2789e767,7446,2025-08-13,97
3680,5bf6848a-c3ec-45da-8792-7f3519a1c07c,41280,2025-09-14,42
3681,fb8a0d7e-a982-4c18-827c-a23c6d6fea58,296065,2025-07-23,162
3682,9f48c09b-409c-45a8-a043-60ca064d28ad,4951,2025-09-26,170
3683,0ad4ed45-3b41-4590-9620-c54e1af5b332,34544,2025-08-22,160
3684,8cdff50c-0c7c-45ed-9afb-53824e9c230b,447277,2025-08-12,62
3685,c2a5932f-c721-4807-8a4a-32f250a33192,1409235,2025-08-15,36
3686,22b6fc9d-1b47-4032-8d23-6dc55e4be1fd,35712,2025-09-15,38
3687,7887b184-c558-41c4-8c46-7f627ed758f7,358895,2025-08-29,115
3688,bfc8bd08-34fe-49ef-9089-d320d17dfb98,1108427,2025-11-07,41
3689,061754e3-f8e5-4ee0-b7ba-f88513bd147e,27581,2025-09-14,130
3690,a516c79c-7c28-4507-ae65-1e8117c1047c,335797,2025-10-23,177
3691,72a16f39-7d57-4f71-812e-445462fbfb06,12230,2025-12-21,169
3692,d02a73a8-8ed9-4ae4-9740-fe021e979dc5,458156,2025-09-05,24
3693,4fc9a84e-fa92-4f2c-af43-fcfe64a42b98,13767,2025-09-11,172
3694,72374e9a-cb43-41b5-9d0d-41b19ddfd21d,9769,2025-12-08,157
3695,71c87c37-808d-4521-86f2-a9eb8cda8349,93456,2025-12-16,98
3696,35a3c7dd-0658-4263-bd0f-21d49ef2b82c,9035,2025-11-01,63
3697,0f46e8ec-5d89-4ae6-b475-2d8866d2aa60,706503,2025-11-11,35
3698,7956be4b-47d8-4eb7-bc3c-ceb53c946537,15566,2025-07-06,118
3699,db091174-6eb0-4301-9393-5e8d7c3730fa,1277988,2025-07-01,158
3700,41ffc8b6-7a14-4051-aa55-0b35de19b5e0,6114,2025-11-09,149
3701,e6dca766-9468-4275-8c6a-036a63510bc8,122906,2025-11-27,58
3702,e7720dc6-cead-4722-a16f-b4e3d2297f3b,5528,2025-12-24,78
3703,b68b585c-7eb7-4193-850c-543534e0f892,1337395,2025-08-26,118
3704,0159e530-90cd-41e0-8e13-1023e77410ea,1169210,2025-11-25,135
3705,a51687d0-72ed-403e-8990-fb75c83e5d86,646385,2025-10-21,88
3706,805594a4-9409-49f4-9808-5f693be0c5fd,250754,2025-07-08,174
3707,2d7135ef-7e2b-4e88-bece-136ba302eb6d,950,2025-11-23,175
3708,68d8ad87-fb5b-4100-a335-8406f7a9c1b4,462181,2025-12-20,30
3709,d1b8989f-61b4-476e-8268-079867b0416f,10198,2025-08-09,51
3710,31c64b33-54e8-4e33-b180-bba33c24cebb,302946,2025-10-17,58
3711,07fbfe20-7ce6-4dfa-92f0-3f9ce2b68550,1135873,2025-09-12,64
3712,63b15202-ff7b-4e66-8a61-cfe64abb34c1,1272837,2025-11-06,29
3713,979393a9-16ab-4c12-9977-66e05afd3a60,1032778,2025-12-11,47
3714,13a84090-5604-4025-96cf-e21388c1f2cf,615665,2025-12-04,58
3715,4303187a-21e5-4fe2-9fc7-ca8acf97c5a0,59053,2025-12-08,150
3716,8c2d1d50-35a7-4c32-b022-6e751b1e1fdb,629542,2025-07-27,93
3717,36293e3d-f936-4a0a-a1cd-8508801ffdcf,950,2025-09-03,51
3718,e7f989b1-2180-4498-9688-605c257df79e,620,2025-10-19,168
3719,2f6ad430-e3e2-492d-8752-9494a41f4761,10796,2025-10-09,21
3720,78eee84e-085f-40f1-8ff6-bd49cf08095c,585511,2025-08-24,156
3721,2c75bc0a-c49f-4bc8-9cf5-36840e93a94b,715831,2025-09-06,58
3722,0cf02ffb-2c31-425a-bfa2-57709cc228f3,9893,2025-08-25,52
3723,9353fa62-2f48-4904-87e4-f0830d680df1,813762,2025-08-23,40
3724,8aaf9ba0-8479-408b-89f4-94a03588e6d9,12230,2025-07-07,92
3725,8a447214-b40e-4c9d-82ff-c5ae65e12031,4232,2025-10-26,97
3726,9289c115-63f3-41e1-a295-3e61034da2fe,763164,2025-08-06,24
3727,65b10d79-260f-4b51-95f0-360d2f26244d,8835,2025-08-27,32
3728,c7c661df-d19b-4a83-9c06-143cdacf2d8a,9340,2025-08-11,135
3729,ffdce357-3c8b-4b6b-87ea-904152425a7a,10066,2025-12-10,164
3730,90fbf3dc-cf79-4189-9ba9-08e6d41100a6,10431,2025-10-06,93
3731,ef30cb66-f029-4923-85a5-173ba007a5fa,57158,2025-12-23,138
3732,05d8ca72-1412-4333-b599-084b2f1d86c0,93456,2025-12-12,152
3733,e5ba7406-2a55-40e0-bb8c-ad19b6177626,274857,2025-10-28,111
3734,619782e9-2fd1-4b29-af7d-3e3fae62abd6,672322,2025-08-18,23
3735,aab387f3-4edc-41ed-b428-d2fdadb7d84c,18239,2025-10-08,101
3736,7aaaae8e-f237-4c66-a51b-ccc6df676f6e,506053,2025-07-19,110
3737,702f3b63-c33f-4d0f-87f4-e5712a0e2ef4,1315303,2025-07-18,171
3738,684a11b2-c32c-4197-88de-19aa7d82fb9f,846422,2025-07-01,159
3739,942ee039-2021-42f4-aef6-a52869147880,424694,2025-07-02,141
3740,de9d207d-f0d9-4f34-af7e-ebae0dab6838,930094,2025-11-19,103
3741,d09cef7d-4aba-4d41-95a4-d20bcea4edac,1337395,2025-11-26,63
3742,41ffc8b6-7a14-4051-aa55-0b35de19b5e0,301528,2025-07-04,128
3743,15038f53-3f10-402b-b238-2d561763a7fd,728308,2025-11-05,71
3744,aa225c85-c990-42f6-9bf1-f3d23944ec8e,1004463,2025-11-14,139
3745,a3d4b380-ce15-4811-bc54-00b341dabfc7,920302,2025-08-06,109
3746,d1c0836b-344d-4fba-ba98-8e15696d70e1,48266,2025-09-10,107
3747,e1703649-f5fe-4191-8657-2e73ce50d471,666035,2025-11-05,106
3748,8c2d1d50-35a7-4c32-b022-6e751b1e1fdb,566525,2025-08-19,68
3749,359d63b3-74c4-46d5-a8bf-84bd478bd61e,728308,2025-07-29,91
3750,43fee15d-4260-454d-9628-0d4ad74fdb9e,76492,2025-07-25,32
3751,57ad21f9-cef2-468b-933d-ff4bda36491d,1290182,2025-12-17,172
3752,87663c75-f0c0-4449-b7af-15a80ba263a9,616,2025-11-09,108
3753,e472e75f-9bd0-4eea-8a0d-20113d512e02,10527,2025-09-06,108
3754,a04d3d7d-8e98-4168-91d4-5ff938088f26,901362,2025-10-05,116
3755,0aadce25-9a22-4591-9447-559c7c716e46,120467,2025-10-13,85
3756,69d4a443-6ccb-45b8-8f24-7ff7aaf08666,1022796,2025-07-29,115
3757,9c67edd1-3670-4247-a612-9ff6ae78268c,865,2025-09-16,28
3758,5462cc47-d695-4b83-981d-a9ea9641fa70,752,2025-09-09,126
3759,0e5044ae-5711-4ce2-a6dd-0962fa1d2464,8835,2025-10-19,58
3760,daecd31d-953a-49c8-b25f-04a4b2505d6b,2056,2025-09-07,24
3761,6dda6740-b231-491f-8a7d-236da2f63df2,764,2025-09-07,151
3762,8930fe33-b16b-47d5-b663-2d18ff807a8f,51482,2025-10-26,26
3763,add9b316-17a2-40b2-bde8-c5e0afb5dccf,12503,2025-07-13,34
3764,db0a5d3f-f758-4a62-b481-1826b6d2ceb2,37799,2025-11-30,95
3765,edbc152b-f68b-4339-aac6-43424564e17a,9487,2025-11-09,40
3766,df998356-480e-4bea-95dc-97fc06e52350,987400,2025-11-20,141
3767,2aa85431-b326-45cc-b7a0-4c33e54441ad,806405,2025-07-14,179
3768,86e60679-2c27-44e8-a6b2-fea8d740a0a6,656908,2025-11-04,127
3769,98f4c2e9-e737-4151-ac50-ad3ce0aac128,1405338,2025-08-31,169
3770,039ddb6b-e1a3-4e64-a560-ca8d6d1b44db,120467,2025-07-06,77
3771,8ff2dc4b-dca7-4e8b-b1a5-7522ae380452,1522923,2025-08-08,37
3772,e7e3aeb9-c194-4532-ba77-6ab2c01e3e76,617,2025-08-30,133
3773,49ee6bbb-fa3f-419e-be8f-e1b1885c7fd7,1285965,2025-12-20,165
3774,f2877ad5-c935-4310-9b11-2b9439f479fd,1145221,2025-09-03,71
3775,9aa46564-703c-4a58-a3b7-73902843a272,339403,2025-08-15,170
3776,29b79e54-f388-45d8-83e5-699e303bb51a,566525,2025-08-12,55
3777,2aa85431-b326-45cc-b7a0-4c33e54441ad,20526,2025-11-19,86
3778,1aef6f1b-ddbf-4532-a2d1-1c636c39aa6d,420818,2025-08-14,174
3779,4c2d4e01-4ccb-42b8-802f-0f8be99c6c93,954,2025-11-02,147
3780,cc979393-dbc5-494b-9a95-d7d179bd12d3,335797,2025-12-26,143
3781,b42386b2-847f-46db-a42a-d7ad6f2ec042,122906,2025-11-07,60
3782,40887bd5-dfbb-443d-93fc-a51c9fcad681,665,2025-12-10,77
3783,3cb6df35-b60c-491c-a8b0-e3985b4d0fe7,1813,2025-10-29,167
3784,2bcd80f3-de6c-48ce-aaf4-5516c8e07ca7,2193,2025-10-21,51
3785,a82fd124-0eb7-4c2d-a0e5-fca258aea086,1291559,2025-10-07,162
3786,b42386b2-847f-46db-a42a-d7ad6f2ec042,5528,2025-08-08,20
3787,367219fe-0ded-4674-a8b7-b545eed28498,1001270,2025-09-25,154
3788,34f1cd89-c8a2-4e23-a531-79f6b68f3af3,1242434,2025-09-12,126
3789,4a941992-fd0c-4b85-a6b0-fa95874129a8,1265063,2025-10-04,86
3790,7dbe788c-5f4f-4176-a261-879f2d75cd09,1190511,2025-12-01,128
3791,acf9dfd6-f528-4430-a82a-445f48eeab4d,666035,2025-11-24,142
3792,988d7a65-be01-4b3d-95c1-05b237a93b29,1169210,2025-10-29,102
3793,702f3b63-c33f-4d0f-87f4-e5712a0e2ef4,79871,2025-09-23,131
3794,bd85abe8-ded6-4b7d-a081-e50f89e36cf3,1022796,2025-11-08,60
3795,c23840c0-3120-4843-9c96-e7b0f8cc2c44,654028,2025-09-23,32
3796,f6286df3-af01-4730-b3b6-93974ed6598d,580175,2025-12-14,138
3797,86f97b96-adf3-4c00-8a19-31287527ee94,1151334,2025-11-30,152
3798,f4bdf0f1-da28-4af1-8f4d-f2822ccd4c14,4584,2025-12-08,144
3799,436700b7-bc02-48b0-b30c-16122cc400a4,1585476,2025-11-10,163
3800,c2ffdd21-f266-4554-ab0e-3a3b1293dc8f,296065,2025-10-18,117
3801,2e445917-f936-4de4-8b57-814dc4b09b38,791373,2025-12-22,171
3802,815d05c1-033e-4d3a-801d-9163da2a5c8a,929590,2025-11-22,137
3803,68d4302b-c2c8-48c3-b0c6-18f73cef8af0,1892,2025-09-17,59
3804,9abe664f-de5f-4b6b-b9bc-ce1d227c0372,6114,2025-11-12,156
3805,c11e825b-e3b0-44cd-a635-7a80f67db279,351286,2025-07-31,89
3806,7887b184-c558-41c4-8c46-7f627ed758f7,161,2025-12-16,94
3807,8c2d1d50-35a7-4c32-b022-6e751b1e1fdb,19595,2025-12-18,109
3808,3809ea71-a74d-47a7-b8da-118d2b1da3a7,43593,2025-09-18,102
3809,be81303c-7681-4619-891e-f0f7dde6df68,762441,2025-07-07,74
3810,9f51012a-2fa5-4060-950f-ee232fde89f1,125509,2025-08-09,150
3811,236f82b9-5d16-4d24-9e1c-2b475467eddc,842924,2025-11-22,88
3812,333cad65-4ca7-4e15-930b-5530ca3a1567,12665,2025-11-24,171
3813,236bcfcc-60a0-4a1d-8c0c-ee05a256fa61,585511,2025-07-26,32
3814,8404a93f-d6d1-44d0-923f-bba442b3342d,36586,2025-07-18,128
3815,4df0641c-6a2f-4562-83a4-b3316135479f,462181,2025-12-06,161
3816,438ca78a-a72d-496c-84e9-1ddb70bcc1d6,351286,2025-08-01,54
3817,6726cae1-f755-4bf2-aa82-b74fb4eb97e8,1290190,2025-11-19,118
3818,40887bd5-dfbb-443d-93fc-a51c9fcad681,10625,2025-07-13,80
3819,e6f2711e-cb84-4279-b2af-43d5a12be9b8,119450,2025-11-26,69
3820,01312106-2bcb-451a-9d94-dff55ef6e9b7,592983,2025-07-31,135
3821,1f5ed463-e08a-48fd-97b3-d3b6068c988b,10730,2025-07-03,134
3822,1f4573a2-1b01-4a84-909a-c37335141422,8363,2025-10-23,118
3823,988d7a65-be01-4b3d-95c1-05b237a93b29,447332,2025-09-13,178
3824,24df3469-e9f5-4c7f-bda4-6f9a5f650e70,371895,2025-11-19,175
3825,de6a54dd-71dc-45b5-b181-101e92de45e3,458220,2025-07-06,95
3826,3cd3798a-ef89-4d3b-b784-567f514279d9,1246,2025-07-03,171
3827,a6f194f7-c793-4ef3-b2ae-2ad36f9caed4,76338,2025-07-13,96
3828,4d1a8726-4515-4b98-bd6d-5a15583393b4,1205515,2025-12-24,106
3829,6b56f51a-f97f-421f-ac36-7251d27e07b9,1059673,2025-11-26,50
3830,5812dde3-5e0c-4c8c-98ab-ff5a27b64894,1450599,2025-12-05,100
3831,5f1431bb-fcb6-4bc0-85bf-fd735c084c04,373571,2025-07-31,76
3832,8446a099-370f-4890-9202-5802b661fc6f,45588,2025-10-05,146
3833,80f9d89f-c8dc-4173-b7dd-b435ce9761da,955555,2025-10-05,80
3834,ef30cb66-f029-4923-85a5-173ba007a5fa,1311844,2025-10-04,147
3835,4a941992-fd0c-4b85-a6b0-fa95874129a8,577922,2025-07-02,170
3836,b61f6abd-656a-4c2c-a3e5-30424d17a994,372921,2025-08-10,122
3837,8dbb182c-0c50-4f83-965b-1d0a47790ed4,176,2025-10-25,108
3838,daecd31d-953a-49c8-b25f-04a4b2505d6b,537971,2025-12-09,104
3839,bff3024c-4375-4bad-82a2-02a5a36392c5,11970,2025-10-02,160
3840,a7eb8eb8-aa12-430b-a998-83af9233386b,77412,2025-11-17,162
3841,86df8e5c-6ce2-4c69-b432-ef31f7caa422,38234,2025-08-06,90
3842,d9e7bc19-f494-46e3-a6d4-d67a77330aa3,444951,2025-07-26,93
3843,db0a5d3f-f758-4a62-b481-1826b6d2ceb2,22705,2025-09-19,179
3844,c7c661df-d19b-4a83-9c06-143cdacf2d8a,4247,2025-11-30,121
3845,41ff44a0-b1f0-4123-bb23-012d72187caa,73723,2025-10-16,50
3846,cd1e1560-43e4-46d6-909b-547f7205ceaa,265195,2025-07-15,69
3847,5b42cb33-faa0-47d1-a223-e0f88a651658,439079,2025-12-14,112
3848,d4e69b65-c768-485d-aa5f-59bbc7d6248e,1198426,2025-07-12,22
3849,68b15083-f1d1-47a2-9c93-88adb1605417,101299,2025-08-03,43
3850,98eae76e-7395-450d-93cb-5c7db8d640b6,82139,2025-11-15,97
3851,7da30149-03ac-4a0d-94fc-1fc9082e9238,843,2025-07-02,39
3852,e5ba7406-2a55-40e0-bb8c-ad19b6177626,324552,2025-12-22,28
3853,6726cae1-f755-4bf2-aa82-b74fb4eb97e8,602,2025-09-28,164
3854,2e954abc-6a22-4235-b65e-047a454c9bb4,11775,2025-08-08,146
3855,856718cc-6466-4521-b605-f8c1ef5eba93,25961,2025-11-15,40
3856,86aeb2b0-1678-45f6-b2dd-d9357a06a5de,11852,2025-10-14,71
3857,8576d1e4-dc2a-4029-80cd-6b29334849c3,585083,2025-11-10,138
3858,472ee39f-2902-41ea-bee5-c4a18978915b,926606,2025-08-03,85
3859,3b6b297b-c1b1-443f-ab1e-6bc7fb839340,1251717,2025-10-31,35
3860,039ddb6b-e1a3-4e64-a560-ca8d6d1b44db,15566,2025-11-07,175
3861,bd2bf899-d396-4922-b73a-bf6467e2dd68,752,2025-07-01,143
3862,34cab079-0f63-4a2c-ac58-3da4cc2d9ec9,11635,2025-12-19,159
3863,b5c873c8-00dc-4da2-9669-694cdae3ffd9,7446,2025-10-13,23
3864,3cd3798a-ef89-4d3b-b784-567f514279d9,764,2025-10-03,23
3865,786e1bea-ab7a-415e-b4bc-9ff7f4d25d1e,818647,2025-08-10,90
3866,a683c5ac-78ae-482f-b842-ee9ca33616c0,1206008,2025-12-12,51
3867,72978300-bb9d-4d17-9767-8bdeb8687bff,661286,2025-09-22,103
3868,a34a769f-6752-4275-b79f-30b90e1fb7a1,339403,2025-08-14,20
3869,e7392a8a-3390-47c6-a1fe-c28ba5474890,620,2025-09-20,175
3870,6eb2a2c8-b070-4ea4-a1c7-8e66f89eefca,89602,2025-08-31,133
3871,8346e05f-f427-4b03-9150-89de51efe9df,1277988,2025-07-03,128
3872,e6721b5a-dfa9-43fe-8bae-f57e9502de53,117263,2025-12-18,77
3873,d4dc4e20-0e20-4211-be6e-41464a92f295,1285965,2025-07-19,127
3874,d1c0836b-344d-4fba-ba98-8e15696d70e1,1580234,2025-07-18,122
3875,15962aea-a3f4-4731-8b6a-b369a09e5ba2,1572,2025-10-22,123
3876,160e3d47-1244-4f92-94ce-36dec472ffb2,438695,2025-09-26,61
3877,daed46ab-4d98-4df6-8bf8-8c05c71e4e34,423108,2025-09-04,172
3878,54d375ba-c40c-49bd-8e2e-cf834a61d0b2,940721,2025-12-22,41
3879,1aef6f1b-ddbf-4532-a2d1-1c636c39aa6d,1088166,2025-11-26,115
3880,09e5c4a4-6e84-48ee-b7d3-755047383227,665,2025-07-13,34
3881,4df9ce2e-f067-4cfc-816c-5e1cd7b5283d,8835,2025-12-22,169
3882,cc86ac19-cd9f-45be-8fd5-2f5d70dacaed,57158,2025-12-26,59
3883,472ee39f-2902-41ea-bee5-c4a18978915b,1072790,2025-12-06,176
3884,39ab44fe-039e-46d8-89a4-8187e9e38d2c,339403,2025-08-12,175
3885,438ca78a-a72d-496c-84e9-1ddb70bcc1d6,666154,2025-09-21,158
3886,84d6fe5b-a2ed-4b48-abd3-587916902904,1091,2025-08-15,35
3887,27fdafad-f6c7-4151-be60-2965dc017bd5,864168,2025-11-01,100
3888,43fee15d-4260-454d-9628-0d4ad74fdb9e,1310458,2025-12-03,21
3889,6dda6740-b231-491f-8a7d-236da2f63df2,57825,2025-09-25,84
3890,e6962540-5e07-4941-973a-ca385b35b926,1252037,2025-07-23,62
3891,f23e0938-dd33-4f00-9c4e-c8985db21660,1022796,2025-08-05,152
3892,da0c079e-133a-47bd-a3b6-52bed81f5df6,58027,2025-11-13,28
3893,c7c661df-d19b-4a83-9c06-143cdacf2d8a,10066,2025-07-17,134
3894,42d3d73f-5b9e-40d6-b356-ce55aadbb5a1,62177,2025-12-26,127
3895,daecd31d-953a-49c8-b25f-04a4b2505d6b,1400382,2025-12-10,82
3896,cf6cd2b5-af52-4a5e-acbd-f710a598400f,4584,2025-07-30,165
3897,3ca07cea-a0d9-4330-aecb-d3b2d0839132,588228,2025-11-05,137
3898,28a8a99d-e7e7-4f67-848f-7c156c1cefb3,196,2025-12-04,178
3899,997d7084-07b6-4e95-916a-bbc42d76f6e3,335797,2025-12-12,111
3900,08454dbf-645b-40ca-bf4e-651d4f27a942,2064,2025-12-08,120
3901,ff8f34eb-6377-4eee-ab9e-cc949ab33eee,38234,2025-12-12,177
3902,cf6cd2b5-af52-4a5e-acbd-f710a598400f,273481,2025-12-12,78
3903,6100d6fb-9b9d-4624-81ad-1e9e01e07746,930094,2025-07-24,172
3904,89d4fb58-becc-42d5-8e6f-0cebdd142392,592695,2025-07-10,120
3905,15038f53-3f10-402b-b238-2d561763a7fd,9769,2025-10-09,176
3906,71c87c37-808d-4521-86f2-a9eb8cda8349,311,2025-08-30,26
3907,a17575e0-8406-44da-a761-09df2408d340,1895,2025-08-06,87
3908,a6534cde-8076-44e0-a500-774d4672151e,245891,2025-10-20,73
3909,aaea7e12-cd98-4b59-8e17-67a25a8c0f50,1429,2025-08-28,132
3910,daecd31d-953a-49c8-b25f-04a4b2505d6b,2330,2025-08-14,88
3911,17494ddc-e28a-44a0-8737-04d6a9dd291d,585083,2025-12-02,21
3912,c002aaf5-01e7-4134-9144-cea0bd1fced6,537971,2025-10-02,82
3913,b83e579f-0c2e-4cbd-a68b-ca14954f888e,582083,2025-11-08,127
3914,a51687d0-72ed-403e-8990-fb75c83e5d86,57825,2025-10-09,112
3915,a7eb8eb8-aa12-430b-a998-83af9233386b,1323475,2025-07-13,122
3916,64a90849-8eff-4130-9133-cef05bcba541,128,2025-07-15,50
3917,cebe905a-655a-4937-b2e8-d5a4e53594ec,51482,2025-09-05,50
3918,86aeb2b0-1678-45f6-b2dd-d9357a06a5de,8055,2025-10-04,115
3919,d4e69b65-c768-485d-aa5f-59bbc7d6248e,975511,2025-08-16,62
3920,b76f4b1f-18be-460c-90ec-2c2c5ce953db,89602,2025-08-12,175
3921,274a8a22-0192-43b0-a149-e0d9ee9f8540,21407,2025-09-04,36
3922,d5d6afe7-baf0-4b79-ac8a-2513a65f1d3e,453,2025-07-25,42
3923,9cf74a4c-c230-4556-9cdf-034f0a53b48a,770,2025-08-07,111
3924,cf146adf-d11c-4480-a80e-012e2a707dfb,1037113,2025-08-26,38
3925,9a58a974-7b09-4723-81b2-d0af95ceebd9,425980,2025-08-31,83
3926,2bcd80f3-de6c-48ce-aaf4-5516c8e07ca7,44918,2025-09-08,79
3927,b4a11cab-1132-4084-968a-e6a94dda8593,1237082,2025-09-06,171
3928,c738993e-07f7-42e7-84ee-77cd122a72b9,1281,2025-11-12,110
3929,261c3d2d-f8be-4fe2-8208-56ff1b68e30c,2293,2025-10-17,43
3930,dbbdb3cd-37b8-4057-b6ff-01b01aa0cf3e,52212,2025-08-28,63
3931,89e13d17-3ad0-4ae9-80f5-e91d26ed01e5,1238379,2025-11-20,86
3932,29b79e54-f388-45d8-83e5-699e303bb51a,11448,2025-09-16,45
3933,1f5ed463-e08a-48fd-97b3-d3b6068c988b,1037113,2025-12-06,120
3934,2d2456bb-5133-4507-bb3f-e861ff18e180,311,2025-09-26,43
3935,997d7084-07b6-4e95-916a-bbc42d76f6e3,37735,2025-08-17,57
3936,bd2bf899-d396-4922-b73a-bf6467e2dd68,1254808,2025-07-03,145
3937,6cac35b7-db4c-4611-a950-5fbd3db0b5cf,12193,2025-08-12,75
3938,9d72e9cd-81cf-4423-81dc-74bc213a2eaa,1724,2025-09-09,159
3939,fb8a0d7e-a982-4c18-827c-a23c6d6fea58,1405338,2025-09-17,53
3940,045a273a-ab03-4a35-a756-cd5e6d7f9e0b,10796,2025-07-29,54
3941,5b42cb33-faa0-47d1-a223-e0f88a651658,48266,2025-12-04,41
3942,52594a2d-a241-4c5b-ae7b-ad7516dd985b,4247,2025-12-09,116
3943,0f46e718-63c3-41bf-96a6-8142118e07d6,11635,2025-07-08,150
3944,86e60679-2c27-44e8-a6b2-fea8d740a0a6,4951,2025-08-14,57
3945,42560fdf-ce8f-4d96-8ef7-4585a64d17e9,324183,2025-10-19,157
3946,daecd31d-953a-49c8-b25f-04a4b2505d6b,615321,2025-11-28,177
3947,0fabe381-ec7b-48a9-9d67-8b0e489095f6,851644,2025-10-28,156
3948,9e45a4ff-d391-439d-ae14-b6ae48177692,1285965,2025-11-04,20
3949,5462cc47-d695-4b83-981d-a9ea9641fa70,602,2025-10-26,136
3950,ebc61f0e-eb31-4936-a231-7d688e88145d,27581,2025-07-08,108
3951,61cd49fa-627a-4403-af44-ec6035f056cc,119450,2025-09-02,151
3952,be329e57-7e88-4675-955c-93063cd01cbd,1190511,2025-08-03,87
3953,13a84090-5604-4025-96cf-e21388c1f2cf,13187,2025-07-04,171
3954,b5c873c8-00dc-4da2-9669-694cdae3ffd9,270303,2025-10-25,99
3955,7f6be313-8320-48ef-98e8-85612c45bbdd,297270,2025-08-20,164
3956,5462cc47-d695-4b83-981d-a9ea9641fa70,509967,2025-07-13,136
3957,f5f19ed6-3477-4694-8670-8370bca863dc,57158,2025-10-07,69
3958,7a0f1f91-efd3-4b80-8822-fc76faa5291d,891699,2025-12-27,152
3959,3cb6df35-b60c-491c-a8b0-e3985b4d0fe7,21778,2025-08-16,128
3960,d4dc4e20-0e20-4211-be6e-41464a92f295,11011,2025-07-07,47
3961,4df9ce2e-f067-4cfc-816c-5e1cd7b5283d,12665,2025-07-10,129
3962,57ad21f9-cef2-468b-933d-ff4bda36491d,1734,2025-08-18,47
3963,5c349c3a-f7c3-472c-b472-1d61b941a844,629542,2025-09-30,137
3964,9acde0c6-9370-4398-8645-67feaa1b94c3,2109,2025-08-28,53
3965,6efe0a90-ef32-4343-89a0-b4e5936f6b12,665,2025-11-14,137
3966,51095d93-040a-4746-b0a2-08f1c1c42843,620,2025-08-28,41
3967,e4c25713-0922-46e5-a5d3-9a00f917bc67,70981,2025-12-08,85
3968,f4bdf0f1-da28-4af1-8f4d-f2822ccd4c14,204082,2025-07-24,147
3969,6bdba591-3a7b-40bd-ab77-1ec99a8e5264,520318,2025-11-28,152
3970,80f9d89f-c8dc-4173-b7dd-b435ce9761da,11932,2025-10-22,141
3971,e96c766f-cd32-4864-96d3-5c2f5011569f,358895,2025-10-31,51
3972,bd85abe8-ded6-4b7d-a081-e50f89e36cf3,166426,2025-10-02,104
3973,8456f350-8209-4309-98dc-ee514849c28f,1281,2025-11-06,140
3974,c6f2052b-9d57-43e3-8a97-ac903ea7334b,1355126,2025-08-29,39
3975,098d5d8a-fea4-46d8-bfa4-634100c107e6,2056,2025-08-23,84
3976,037cf4d3-02b3-4e88-8cae-c236c4b79db5,82702,2025-10-03,38
3977,ffa66787-a078-4e8c-95ca-8c1a6a5bf50e,8467,2025-11-27,122
3978,8bd6fd35-f401-47f5-9b16-febec90b1091,284053,2025-08-31,29
3979,8b2401aa-7866-4404-8434-ccb7a892e7dc,608812,2025-09-28,47
3980,25b1b16a-b653-48e3-a173-d656eba45cde,399579,2025-10-25,38
3981,eba0bf41-3a43-4055-bf4f-1c09128a8066,119450,2025-08-27,108
3982,29a822c6-4391-4560-a1ba-56d8face0031,956057,2025-08-06,115
3983,9b689544-10ce-4bf1-afd4-3fcfac48fdde,297270,2025-11-25,81
3984,6c2b0021-f151-4dd2-a8da-c06bc67854cd,592983,2025-08-28,171
3985,ea281f8a-2887-495e-83e0-d06092089816,493529,2025-11-19,70
3986,c3632f18-e6cb-4840-98af-2e1823a16b5b,15167,2025-08-02,41
3987,42d3d73f-5b9e-40d6-b356-ce55aadbb5a1,1238379,2025-08-28,122
3988,1052030b-3f4b-4138-a628-a9e7197b2ef7,37135,2025-08-06,38
3989,8507ac92-8872-4e7f-8212-519a240fece8,592983,2025-10-16,27
3990,eee5d547-f1f1-42ab-80dd-ae68735765ed,22705,2025-07-14,143
3991,63b15202-ff7b-4e66-8a61-cfe64abb34c1,581,2025-11-19,29
3992,34f1cd89-c8a2-4e23-a531-79f6b68f3af3,170,2025-08-16,107
3993,3b6b297b-c1b1-443f-ab1e-6bc7fb839340,37735,2025-11-05,44
3994,52594a2d-a241-4c5b-ae7b-ad7516dd985b,2109,2025-09-21,135
3995,68d4302b-c2c8-48c3-b0c6-18f73cef8af0,1441,2025-10-16,173
3996,2aa85431-b326-45cc-b7a0-4c33e54441ad,1315303,2025-11-03,117
3997,ebc72bf3-d503-4353-8358-43bfd90e1999,11459,2025-09-07,56
3998,e4536178-a667-42f3-87b2-d8936450b32b,843527,2025-10-11,79
3999,148598b8-b292-4508-90fb-07e25bae90bb,32657,2025-12-09,122
4000,94b9a940-4a13-4b71-bb13-e5753c57fb56,6844,2025-07-18,151
4001,31f9fba4-2204-44b3-93de-d5014b099d3e,383498,2025-12-28,22
4002,d02a73a8-8ed9-4ae4-9740-fe021e979dc5,120467,2025-09-14,174
4003,05f0a2a0-66d9-46f7-a1b1-0c7ee3c04086,801335,2025-09-30,35
4004,0c9f7981-f2e5-435f-a809-86a51fda82af,1289888,2025-10-29,128
4005,6077301b-c64f-4d97-a207-fa80d68dce98,290524,2025-07-29,22
4006,86c17be4-def3-42cc-b488-8c9471f8604d,109418,2025-09-05,101
4007,a456c444-5117-4f0a-9ce2-22286d2d0f71,745,2025-09-28,134
4008,f660da6b-7413-4d73-8c87-f9e1afb1875f,530915,2025-08-05,178
4009,77b32f9e-d5a0-4c77-906d-df4ca3f90522,52212,2025-09-06,23
4010,86aeb2b0-1678-45f6-b2dd-d9357a06a5de,433,2025-09-05,162
4011,a17957c7-50cf-4db5-8ac6-806b96a080f8,110143,2025-10-28,99
4012,febf5be7-a6ce-406d-a87e-ea26b8c692c2,9769,2025-12-05,42
4013,e9aa2688-c55a-4bf8-868e-e1af5b855e04,11199,2025-08-26,109
4014,c895405a-2e9c-4822-b584-b3de478f7d10,299054,2025-10-06,80
4015,28e07232-d843-410e-8338-c7164c6aa7de,375846,2025-07-09,166
4016,8d070a96-dde4-407d-a3cd-456862e11001,1355126,2025-10-17,174
4017,9d497e17-1f55-4a5c-8a74-a22a69ebfc01,4327,2025-08-06,70
4018,037cf4d3-02b3-4e88-8cae-c236c4b79db5,689679,2025-08-02,161
4019,3424eec2-5e23-43bd-bb26-ea82b60cab9e,10764,2025-11-22,43
4020,8930fe33-b16b-47d5-b663-2d18ff807a8f,1246369,2025-07-24,116
4021,3967f994-b34d-4542-bd55-60b926a35f62,228165,2025-07-23,27
4022,fa3963ff-26cf-4748-b7c3-029a304e0924,1368,2025-11-04,73
4023,8542dde6-ca98-4016-b289-168825795b66,9902,2025-12-19,68
4024,47f0aae4-603d-4ce5-917d-ebbf9722de5c,417320,2025-08-29,46
4025,14bda2cd-e0ba-4935-b00c-191376524976,136799,2025-08-17,161
4026,821fa345-d9f5-4a32-a938-0a63037cd3c3,1205515,2025-10-11,136
4027,73668b35-175c-4023-9995-f8da68321d82,102899,2025-10-21,117
4028,913f1264-160c-49a6-b290-61f18089f72f,138697,2025-11-16,98
4029,21f61cb1-11bd-46a0-b8cf-a2cab6e4cd5e,82690,2025-09-02,159
4030,cfabf448-9b42-4e26-aaa9-2c58323c012b,9035,2025-08-26,112
4031,c9ff3854-283b-4b32-beb4-164f2789e767,1316147,2025-11-09,28
4032,6305c1b4-a7b7-4c2c-8010-cdf91b5f51ee,764,2025-12-15,40
4033,44c492f0-761b-4ec0-9002-a5904ebf1dec,41517,2025-09-04,170
4034,8d60c80c-021c-4932-a88c-6ef78cd8e252,9444,2025-11-10,133
4035,2d7135ef-7e2b-4e88-bece-136ba302eb6d,399174,2025-07-01,67
4036,e585efeb-e50e-4d25-bb79-2988e3ea31dd,1091,2025-11-22,148
4037,03b6fa95-e2b3-49ba-ab77-158080a43b24,37724,2025-10-24,168
4038,ae08e78b-c4c3-4e1a-8cda-de60ee898d94,698687,2025-12-12,55
4039,3f2576f6-d685-416d-b4a4-ee9ede7aa375,1203097,2025-07-25,140
4040,c6f2052b-9d57-43e3-8a97-ac903ea7334b,504056,2025-10-03,50
4041,bcd5528f-a7ba-43bf-9c74-b9c118e568bf,444539,2025-07-31,177
4042,cfabf448-9b42-4e26-aaa9-2c58323c012b,813762,2025-12-28,47
4043,a657932f-f61b-4575-bde2-12e451e94870,62177,2025-08-09,167
4044,0aab7032-edbb-49f7-a8a2-6176f04572cb,508947,2025-08-07,48
4045,edc076e7-16dd-41bc-840e-3de7e1185d53,9487,2025-08-06,35
4046,6d8704b2-41e3-4665-a905-2bdcc9bf30ee,593676,2025-08-02,117
4047,bd85abe8-ded6-4b7d-a081-e50f89e36cf3,76492,2025-11-02,158
4048,37949bba-b992-408e-88e3-4316c59c093a,1443260,2025-12-22,66
4049,e472e75f-9bd0-4eea-8a0d-20113d512e02,11224,2025-08-29,166
4050,41a187e4-08aa-49fe-855a-e6c5fd30c0f9,125509,2025-11-21,156
4051,8456f350-8209-4309-98dc-ee514849c28f,588228,2025-07-08,46
4052,ea281f8a-2887-495e-83e0-d06092089816,36586,2025-08-21,100
4053,e9ca009d-5afa-4cd4-a68b-001f5e6a9a76,181812,2025-11-18,130
4054,8571e9e6-abf8-4afa-a3ee-a7940d181f55,1417,2025-11-03,30
4055,deb28a0e-06f4-47cf-a41a-52a9e0ae300e,646385,2025-12-17,81
4056,8ff2dc4b-dca7-4e8b-b1a5-7522ae380452,770,2025-09-08,174
4057,bcd5528f-a7ba-43bf-9c74-b9c118e568bf,1214028,2025-07-16,23
4058,75f0fd6e-dc04-4e00-a277-30d693eb19d4,76338,2025-09-22,62
4059,226da684-29b6-4d08-9ad1-8d6e131a03a8,760104,2025-10-12,115
4060,b68b585c-7eb7-4193-850c-543534e0f892,920,2025-08-22,70
4061,03588b45-196c-490e-870c-da0b4841a533,1371727,2025-11-18,133
4062,78eee84e-085f-40f1-8ff6-bd49cf08095c,975511,2025-07-04,175
4063,e37cd832-2a2c-4f65-992e-59c4986e83c9,8835,2025-12-15,139
4064,932f124c-0549-4562-9390-815d4ceefd2a,440,2025-08-31,88
4065,ef2d242a-72c9-48a6-af3b-d1903cbf797e,399174,2025-10-17,115
4066,d97e6262-2dd6-4c64-b1b1-6886f932b218,801335,2025-11-12,138
4067,0159e530-90cd-41e0-8e13-1023e77410ea,1088166,2025-09-19,62
4068,17a82d0f-35bc-4e8a-be38-ee57c3af3e26,9769,2025-09-28,61
4069,a61adf10-8f9a-4766-baf8-28f2a60a20ce,299054,2025-11-11,77
4070,b6d50d19-e21b-4431-86d1-2b4adc3d8977,624860,2025-10-23,173
4071,cfabf448-9b42-4e26-aaa9-2c58323c012b,585083,2025-08-11,117
4072,988d7a65-be01-4b3d-95c1-05b237a93b29,87101,2025-12-22,31
4073,8d070a96-dde4-407d-a3cd-456862e11001,47971,2025-09-04,30
4074,0f46e718-63c3-41bf-96a6-8142118e07d6,14243,2025-10-13,132
4075,4012b450-d27f-47f0-a34b-528a8309ec0d,322,2025-09-29,47
4076,4fc9a84e-fa92-4f2c-af43-fcfe64a42b98,1135873,2025-12-15,63
4077,e7edb2f7-6edf-444c-b1f0-f7b1257e0464,242582,2025-08-21,120
4078,b1ef7426-2f7f-44cb-8340-fb78bf071c5f,351286,2025-12-26,110
4079,bba62230-1712-451d-ba66-09f220642be2,940721,2025-07-26,102
4080,86aeb2b0-1678-45f6-b2dd-d9357a06a5de,298,2025-10-09,167
4081,3580687d-c426-407d-a3d6-14eb594796de,1062807,2025-11-26,31
4082,a6534cde-8076-44e0-a500-774d4672151e,49292,2025-08-01,180
4083,b0eb32ff-2ac9-4c77-b0ad-ae7714d4a5e6,10830,2025-08-24,33
4084,a7eb8eb8-aa12-430b-a998-83af9233386b,41517,2025-08-02,163
4085,f24dfdfd-6cbf-4337-a145-125eb3e6d076,873488,2025-11-19,114
4086,d1c0836b-344d-4fba-ba98-8e15696d70e1,1290190,2025-08-25,147
4087,05d8ca72-1412-4333-b599-084b2f1d86c0,1272837,2025-11-06,171
4088,1efed095-4c8d-4bd8-a633-7b2c843990d0,45243,2025-07-19,97
4089,e9e7f783-9f48-4142-b951-10830f0b4b65,2251,2025-08-14,55
4090,8c83b0b8-a36e-449b-a400-1fb9991754c8,82702,2025-08-30,119
4091,e6962540-5e07-4941-973a-ca385b35b926,335797,2025-07-20,124
4092,9b689544-10ce-4bf1-afd4-3fcfac48fdde,299054,2025-12-13,77
4093,9d497e17-1f55-4a5c-8a74-a22a69ebfc01,439079,2025-10-01,41
4094,ac68f654-e803-4d3d-b9bf-683e3a61c274,558829,2025-08-10,37
4095,d5cf3ec9-798e-49ff-b290-f84b8ca795ff,873967,2025-11-14,161
4096,d4f5718f-abb0-45a7-bff5-5a991c80b2b4,73723,2025-12-13,79
4097,43fee15d-4260-454d-9628-0d4ad74fdb9e,57212,2025-07-17,112
4098,5e5d240b-dc58-4388-8509-b6c94b5333e2,11224,2025-10-01,111
4099,42016b43-08be-4bd4-9333-c8f9f176b589,10193,2025-11-29,20
4100,ebc27dbe-3229-48df-a1c7-f74681f1b7f5,717980,2025-07-31,109
4101,9c67edd1-3670-4247-a612-9ff6ae78268c,968051,2025-09-03,70
4102,aecf09e6-9c2f-498b-b9ad-7a32bfe6d5d1,22832,2025-12-07,135
4103,38775b0d-897b-4a65-ba31-0a1d27ca8155,299054,2025-09-03,102
4104,1efed095-4c8d-4bd8-a633-7b2c843990d0,1169210,2025-10-03,142
4105,a9e0ee0c-51a9-45da-8c1d-c69d475d7192,985939,2025-08-06,61
4106,8a447214-b40e-4c9d-82ff-c5ae65e12031,10198,2025-11-21,143
4107,b68b585c-7eb7-4193-850c-543534e0f892,1206008,2025-09-09,27
4108,4df0641c-6a2f-4562-83a4-b3316135479f,1198426,2025-07-10,137
4109,84d6fe5b-a2ed-4b48-abd3-587916902904,49046,2025-12-16,48
4110,a6a8d53e-5107-48a4-9a80-364d28280301,76492,2025-10-25,99
4111,13a84090-5604-4025-96cf-e21388c1f2cf,462181,2025-11-19,176
4112,b4a11cab-1132-4084-968a-e6a94dda8593,1417,2025-12-16,89
4113,6077301b-c64f-4d97-a207-fa80d68dce98,10674,2025-07-20,84
4114,58193e55-c9cf-4aef-af73-35fac36da65f,493922,2025-11-19,61
4115,6dda6740-b231-491f-8a7d-236da2f63df2,41003,2025-08-19,119
4116,1f4573a2-1b01-4a84-909a-c37335141422,79871,2025-11-03,161
4117,4e096c99-e7ea-4109-86e3-5bb1c0d1f50a,635302,2025-12-15,154
4118,4c35ee13-6d52-48a0-b63d-f6709f58dfad,368412,2025-11-17,150
4119,da0c079e-133a-47bd-a3b6-52bed81f5df6,320,2025-12-02,85
4120,a17575e0-8406-44da-a761-09df2408d340,508883,2025-08-15,153
4121,ccc5651f-aef6-4d3d-8a5d-5b36966a90ac,322,2025-09-18,164
4122,19c6d518-9894-4abf-841a-b38001c62833,38234,2025-08-26,37
4123,170e4b56-f925-42d2-88c5-f124c21601c3,550988,2025-07-25,44
4124,0d9aee15-5f28-41fb-943a-f24e31eaed1c,4951,2025-09-15,20
4125,6431dd54-6f10-403c-a9d9-ab66f1ab3783,937287,2025-09-25,117
4126,3fd6569d-bd10-4114-b8ed-7389dbff35cd,608812,2025-07-19,116
4127,b9fdf3e8-1377-4951-b680-d421da059356,38575,2025-08-02,159
4128,cc8206ca-de1c-4fb5-a8dd-d338c7aee6ce,16295,2025-11-13,70
4129,38775b0d-897b-4a65-ba31-0a1d27ca8155,1102776,2025-07-27,173
4130,815d05c1-033e-4d3a-801d-9163da2a5c8a,2105,2025-10-23,46
4131,237ff01e-45ce-4db0-a678-75805471689f,37135,2025-08-08,100
4132,93e247d0-f966-446a-ba32-395f310e7c0a,1254808,2025-07-18,138
4133,b018c1e0-7f91-4d5c-abce-1558410de0e1,311,2025-10-30,96
4134,4c35ee13-6d52-48a0-b63d-f6709f58dfad,846422,2025-10-09,134
4135,e0712afd-3281-4489-a460-605c4861b622,196,2025-07-27,160
4136,aee1d440-1645-4a02-b07c-89a9c01601fd,1291559,2025-09-21,53
4137,6413c11d-e235-4a12-9bf7-5d5f4d4c4893,116613,2025-10-22,176
4138,6d8704b2-41e3-4665-a905-2bdcc9bf30ee,882569,2025-11-09,136
4139,be329e57-7e88-4675-955c-93063cd01cbd,1401318,2025-08-28,62
4140,a9ea7428-7450-4b01-9977-eb488307d250,250546,2025-11-25,170
4141,be723f92-ab99-4fca-ad8e-a2ac3531b277,920,2025-10-28,102
4142,dfb1ea22-0978-4c90-91d5-499756e09986,49292,2025-09-20,88
4143,72374e9a-cb43-41b5-9d0d-41b19ddfd21d,12503,2025-08-29,30
4144,2a51e6bf-7e44-464b-b139-5eeb1d64b95d,818647,2025-12-14,130
4145,36938d15-0f49-4b57-8d54-a7e4b617f070,43947,2025-07-04,126
4146,dfb1ea22-0978-4c90-91d5-499756e09986,81530,2025-07-24,99
4147,7f6be313-8320-48ef-98e8-85612c45bbdd,665,2025-09-16,71
4148,615d9c79-3f8a-43e4-ab65-e301984106e7,8392,2025-12-23,173
4149,c7b497f8-de4b-40a5-979b-740175c92595,425980,2025-08-07,161
4150,35a3c7dd-0658-4263-bd0f-21d49ef2b82c,1102776,2025-10-29,111
4151,413e5a79-ee95-48d4-abdf-c29c83358e2e,46581,2025-08-02,165
4152,ccc5651f-aef6-4d3d-8a5d-5b36966a90ac,1287322,2025-12-12,73
4153,7cb3a9ec-7bca-4dfe-ba22-57a8e19d374f,666154,2025-08-05,106
4154,d1df85f9-ed4f-4513-8399-192775604e21,1441,2025-08-16,101
4155,9bfe6e9e-1144-485b-b0b2-f1afebd7b79b,119450,2025-11-12,171
4156,cee8bd05-eb61-4fd3-9484-ce6d7c6fc1b9,444539,2025-07-20,52
4157,3aa29a59-34b7-4546-b1bc-2fb7b6f0d7b9,271116,2025-08-14,99
4158,cab9a766-9386-4c2b-b9b0-2a7c19646367,57212,2025-09-25,123
4159,65a6fe46-f03e-4fcc-8761-dd70fd77c9ef,11635,2025-11-30,98
4160,7da30149-03ac-4a0d-94fc-1fc9082e9238,254473,2025-10-22,94
4161,aaa90d79-fd38-47cb-86c8-a73d6faae3d9,1149912,2025-10-25,77
4162,9df3a0e7-eebc-4ee9-924c-bb214ea1dd34,811941,2025-07-19,29
4163,e9e7f783-9f48-4142-b951-10830f0b4b65,339403,2025-07-05,66
4164,ab93bb01-949d-4e97-84df-4c0b32069ced,12230,2025-12-09,61
4165,40dc9fe2-feb2-4741-8f83-0748cf85911a,1252037,2025-12-17,48
4166,eb0669d5-ee84-4d8f-9337-c1aa420b0d0d,564149,2025-10-21,94
4167,3ca07cea-a0d9-4330-aecb-d3b2d0839132,660120,2025-12-23,139
4168,821fa345-d9f5-4a32-a938-0a63037cd3c3,364,2025-07-11,20
4169,4c2d4e01-4ccb-42b8-802f-0f8be99c6c93,38700,2025-10-30,124
4170,cd1e1560-43e4-46d6-909b-547f7205ceaa,412154,2025-11-24,96
4171,02973406-1825-4588-b12a-e2117bf039dd,8584,2025-10-31,62
4172,b76f4b1f-18be-460c-90ec-2c2c5ce953db,11224,2025-11-08,23
4173,77a4268c-ee03-4ee9-8c29-56dbb68ba0b8,240832,2025-08-14,147
4174,dafae7d4-ad34-4117-b1ab-ef805ded2bd8,82690,2025-12-12,120
4175,d5d6afe7-baf0-4b79-ac8a-2513a65f1d3e,10144,2025-07-25,20
4176,b49976f2-c2c1-461c-8e11-6b462e95f981,299537,2025-07-18,67
4177,be81303c-7681-4619-891e-f0f7dde6df68,10198,2025-07-15,62
4178,bdc92fa1-99ed-46ae-a9ae-faba767cd1b8,1314754,2025-09-20,42
4179,4891aa7e-9e41-4b9e-995f-32ea74c5315c,62177,2025-10-05,40
4180,f6b55005-8528-4f8f-b506-82bba496babb,1072790,2025-08-18,66
4181,89e13d17-3ad0-4ae9-80f5-e91d26ed01e5,8584,2025-08-12,129
4182,d3418b60-012f-4a7c-bde9-31f44c707b86,564149,2025-10-20,31
4183,727aac42-45e6-42d3-99e5-f40c81147e60,843527,2025-10-12,93
4184,9cbb8574-5926-4a0b-8f97-623b420ff365,11528,2025-07-09,114
4185,0ad4ed45-3b41-4590-9620-c54e1af5b332,68726,2025-11-04,72
4186,ac68f654-e803-4d3d-b9bf-683e3a61c274,1135303,2025-07-23,67
4187,8a795cfe-828f-4786-94ae-62e444719b61,15566,2025-08-07,21
4188,236bcfcc-60a0-4a1d-8c0c-ee05a256fa61,433,2025-11-21,27
4189,b61f6abd-656a-4c2c-a3e5-30424d17a994,1620,2025-12-09,150
4190,ef2d242a-72c9-48a6-af3b-d1903cbf797e,136799,2025-11-19,123
4191,27fdafad-f6c7-4151-be60-2965dc017bd5,752,2025-11-26,133
4192,9b1bf063-c1b6-4fec-ad70-99433021f164,420818,2025-08-23,123
4193,7cb3a9ec-7bca-4dfe-ba22-57a8e19d374f,46581,2025-08-09,120
4194,b42386b2-847f-46db-a42a-d7ad6f2ec042,408567,2025-10-17,48
4195,f57f0185-7fb5-4a7c-8a12-582b3c2d41d9,444539,2025-08-20,124
4196,4676d991-385b-4d37-97be-a4dfc03b5abc,10530,2025-12-05,178
4197,3cd3798a-ef89-4d3b-b784-567f514279d9,530385,2025-12-18,112
4198,29f17f74-dc9d-4fc1-9652-d538a379162d,550988,2025-12-01,26
4199,5a9d289d-d2f2-43f2-bf0f-438911d23c4d,1289888,2025-10-15,64
4200,ea781e18-9b12-46b1-a5d1-ed1151a32b07,44918,2025-09-13,135
4201,9bfe6e9e-1144-485b-b0b2-f1afebd7b79b,251,2025-07-01,120
4202,506863b8-fe40-4507-b6cf-1a653e9cb4d7,1724,2025-11-06,62
4203,aecf09e6-9c2f-498b-b9ad-7a32bfe6d5d1,539,2025-11-10,113
4204,5d9ab00c-79dc-43f4-b7c6-cf1221f911e1,93456,2025-11-28,132
4205,0cf02ffb-2c31-425a-bfa2-57709cc228f3,73723,2025-10-26,50
4206,74eb5517-7395-4e18-81cc-a51fa36dc992,920302,2025-07-15,92
4207,b6327d26-aa1d-4aff-befc-18b5c49c6cd4,6844,2025-12-23,174
4208,5f43ec89-f07d-470d-b303-01b4e7b3359e,461369,2025-07-27,152
4209,9b689544-10ce-4bf1-afd4-3fcfac48fdde,23823,2025-08-02,179
4210,dbbdb3cd-37b8-4057-b6ff-01b01aa0cf3e,10796,2025-09-24,28
4211,0566f501-0e74-45b5-8081-c1fcc841df94,1516391,2025-11-20,169
4212,ef8d6172-3084-4242-a545-ac1c8425f5e3,440,2025-12-08,54
4213,5c349c3a-f7c3-472c-b472-1d61b941a844,37724,2025-07-28,46
4214,1fe3e730-105d-4cd2-babe-65d9080b41c9,1572,2025-07-02,36
4215,8507ac92-8872-4e7f-8212-519a240fece8,8835,2025-08-28,152
4216,e1703649-f5fe-4191-8657-2e73ce50d471,4032,2025-07-01,35
4217,f063145f-8d7a-4c71-9faa-8f08d549d474,10198,2025-12-12,144
4218,9b689544-10ce-4bf1-afd4-3fcfac48fdde,561,2025-12-05,94
4219,25b1b16a-b653-48e3-a173-d656eba45cde,718930,2025-08-15,120
4220,b3f88d8a-409f-4e6e-8432-326009d17da1,371895,2025-10-17,115
4221,997d7084-07b6-4e95-916a-bbc42d76f6e3,593676,2025-11-19,161
4222,992866b4-91b9-4bc7-8e66-0474e752841d,381288,2025-12-18,135
4223,b42386b2-847f-46db-a42a-d7ad6f2ec042,10536,2025-07-20,28
4224,a44f4b9a-7bae-4f83-b931-355ec2949b56,25475,2025-11-27,54
4225,d02a73a8-8ed9-4ae4-9740-fe021e979dc5,160840,2025-12-24,118
4226,9b1bf063-c1b6-4fec-ad70-99433021f164,1149912,2025-09-12,63
4227,71b16b14-3feb-4ad4-a1a3-1f1523a70129,9035,2025-12-09,138
4228,9d380d8e-8c38-42a7-b8c7-826895a09ce3,51162,2025-11-09,49
4229,368dd00d-33d5-4017-840a-4fe6dbf2a61f,70981,2025-11-15,138
4230,480e0e1e-4eb5-487b-aff9-6e04ee4d3f79,842924,2025-10-23,152
4231,fdf24ab1-9a8c-4618-83f8-2e40a3e50985,585511,2025-08-08,140
4232,f65dc1a4-e8f9-4ad6-a0b3-af2c692c25de,629,2025-11-20,47
4233,7c035c9e-8f30-4cec-905c-7afc445a1738,564149,2025-12-17,35
4234,e72b96e6-1f15-43fa-97c7-70fa2f63a5e5,17379,2025-12-05,104
4235,51095d93-040a-4746-b0a2-08f1c1c42843,57158,2025-07-19,88
4236,8a447214-b40e-4c9d-82ff-c5ae65e12031,339403,2025-07-19,152
4237,4a1f1387-0f79-4977-8dbb-cee071011ccb,240832,2025-07-12,35
4238,d0ecd190-eac8-446a-8150-2c0815150f70,10895,2025-09-13,40
4239,d4dc4e20-0e20-4211-be6e-41464a92f295,339403,2025-10-08,111
4240,413e5a79-ee95-48d4-abdf-c29c83358e2e,929590,2025-11-05,126
4241,e65c718b-d281-42d4-abfd-6187873e3113,1204186,2025-12-16,111
4242,71b16b14-3feb-4ad4-a1a3-1f1523a70129,10527,2025-10-29,31
4243,be81303c-7681-4619-891e-f0f7dde6df68,493922,2025-12-15,174
4244,d13afe75-b971-4b78-9181-9ff8784ab094,87101,2025-07-03,52
4245,fe5ced20-20e6-4fec-8893-b727df1716fc,110143,2025-12-22,82
4246,f063145f-8d7a-4c71-9faa-8f08d549d474,851644,2025-07-16,97
4247,0b8fd83c-6beb-4616-9ab5-af07da43ed9a,1102776,2025-12-06,98
4248,6b9dff09-a531-4798-9de5-2b9419541532,873967,2025-08-08,156
4249,afd2ab1b-8c4d-42df-a92a-233e78d6f8a7,20526,2025-11-12,86
4250,7b862d59-859e-4bd9-a9b5-10990e150477,4247,2025-11-15,108
4251,a17957c7-50cf-4db5-8ac6-806b96a080f8,400535,2025-09-03,128
4252,f93943af-3a35-467c-a11f-a65df783837c,1620,2025-07-25,141
4253,b4f8b4e7-e252-4d5c-8136-345960b364d9,1232546,2025-08-25,148
4254,0904d691-244a-4745-a77d-3baaff5f6f3c,950,2025-10-30,49
4255,ba9fb4fc-584d-4c7e-83d7-3362225c3374,13764,2025-10-27,151
4256,43d0a3e8-74b9-4d3c-8b52-442ae8f46fc6,665,2025-09-20,91
4257,2e71698b-2863-4a75-9f67-3426acd05d95,242582,2025-12-20,84
4258,e6f2711e-cb84-4279-b2af-43d5a12be9b8,791373,2025-12-20,172
4259,73902df7-9c81-49a2-87e4-53d16886cf10,1262386,2025-10-19,126
4260,6d8704b2-41e3-4665-a905-2bdcc9bf30ee,1620,2025-09-20,27
4261,aaea7e12-cd98-4b59-8e17-67a25a8c0f50,89602,2025-09-09,85
4262,f93943af-3a35-467c-a11f-a65df783837c,873967,2025-07-12,142
4263,83cd0c0b-80ff-40ff-83b5-eb929f77c865,70981,2025-12-14,88
4264,bd85abe8-ded6-4b7d-a081-e50f89e36cf3,358895,2025-08-30,113
4265,d36f7cca-0262-4887-8ffd-0ac725f0b5e0,125509,2025-11-20,111
4266,3fbe16a4-e0fd-4341-96f5-4d35f1b7fd7b,261587,2025-09-02,92
4267,cebe905a-655a-4937-b2e8-d5a4e53594ec,384737,2025-12-19,27
4268,89d4fb58-becc-42d5-8e6f-0cebdd142392,2105,2025-12-09,118
4269,28e07232-d843-410e-8338-c7164c6aa7de,615,2025-09-18,143
4270,e9ca009d-5afa-4cd4-a68b-001f5e6a9a76,19595,2025-09-11,178
4271,f5f19ed6-3477-4694-8670-8370bca863dc,384737,2025-09-27,173
4272,c9ff3854-283b-4b32-beb4-164f2789e767,10198,2025-07-26,111
4273,3aa29a59-34b7-4546-b1bc-2fb7b6f0d7b9,11224,2025-09-21,125
4274,997d7084-07b6-4e95-916a-bbc42d76f6e3,10530,2025-08-23,176
4275,d601efbd-4503-4cba-980a-cede77f16789,1316147,2025-07-01,62
4276,a9eb314d-5914-461b-bfa2-0739171f73bd,2193,2025-08-07,163
4277,1816222a-e8d7-4409-986e-6b3782cc7470,5528,2025-09-25,54
4278,99d39649-9af5-4e33-9aef-21652b3dbc00,764,2025-08-28,90
4279,913f1264-160c-49a6-b290-61f18089f72f,368412,2025-11-03,85
4280,2becc8b6-353a-45ee-af5c-623a0245f6b5,1285247,2025-08-15,84
4281,6100d6fb-9b9d-4624-81ad-1e9e01e07746,453,2025-07-20,125
4282,41a187e4-08aa-49fe-855a-e6c5fd30c0f9,801335,2025-08-09,86
4283,b018c1e0-7f91-4d5c-abce-1558410de0e1,1022690,2025-11-02,169
4284,0b207250-9091-4bad-a216-6b75b0ee201b,424694,2025-07-14,162
4285,62be773e-83f9-4460-b837-3df802affc3d,918200,2025-10-02,117
4286,0159e530-90cd-41e0-8e13-1023e77410ea,608812,2025-09-14,59
4287,0904d691-244a-4745-a77d-3baaff5f6f3c,504056,2025-07-17,136
4288,eee5d547-f1f1-42ab-80dd-ae68735765ed,672322,2025-08-14,146
4289,68b15083-f1d1-47a2-9c93-88adb1605417,146451,2025-10-23,85
4290,d97e6262-2dd6-4c64-b1b1-6886f932b218,419430,2025-07-27,94
4291,ae08e78b-c4c3-4e1a-8cda-de60ee898d94,706503,2025-10-05,94
4292,6c3ab6ce-c730-4390-a597-137c17d56d6c,1285247,2025-10-14,124
4293,e7edb2f7-6edf-444c-b1f0-f7b1257e0464,566525,2025-12-10,152
4294,f628c9e1-df23-44bf-8102-7cb81c34e317,240832,2025-11-09,71
4295,cc8206ca-de1c-4fb5-a8dd-d338c7aee6ce,577922,2025-07-14,44
4296,f6286df3-af01-4730-b3b6-93974ed6598d,27579,2025-10-21,78
4297,e585efeb-e50e-4d25-bb79-2988e3ea31dd,1405338,2025-10-20,156
4298,9abe664f-de5f-4b6b-b9bc-ce1d227c0372,1813,2025-12-06,142
4299,d09cef7d-4aba-4d41-95a4-d20bcea4edac,1579,2025-07-20,54
4300,da0c079e-133a-47bd-a3b6-52bed81f5df6,197,2025-07-27,52
4301,4df0641c-6a2f-4562-83a4-b3316135479f,1571470,2025-07-29,177
4302,e091305b-c4b6-4a89-b3ff-5090c619e772,12230,2025-07-04,103
4303,4fc9a84e-fa92-4f2c-af43-fcfe64a42b98,1135873,2025-10-08,51
4304,a04d3d7d-8e98-4168-91d4-5ff938088f26,358895,2025-11-04,66
4305,9969361c-f553-48d9-8e5f-cf88f9c7d8fa,926606,2025-12-17,51
4306,5d9ab00c-79dc-43f4-b7c6-cf1221f911e1,447332,2025-11-26,156
4307,5f048acb-9da1-4ed4-a9a0-44331bf7427c,1159831,2025-08-12,57
4308,148598b8-b292-4508-90fb-07e25bae90bb,666154,2025-11-21,123
4309,6305c1b4-a7b7-4c2c-8010-cdf91b5f51ee,1291559,2025-07-31,104
4310,4c2d4e01-4ccb-42b8-802f-0f8be99c6c93,274857,2025-11-25,122
4311,8507ac92-8872-4e7f-8212-519a240fece8,585511,2025-08-31,156
4312,f52cae74-5e26-4f54-baab-0638291af8c8,1133651,2025-07-08,98
4313,28d90413-9c2e-4b62-a670-7614271fc43e,46581,2025-08-27,26
4314,72374e9a-cb43-41b5-9d0d-41b19ddfd21d,2280,2025-07-21,31
4315,c2a5932f-c721-4807-8a4a-32f250a33192,481871,2025-10-22,92
4316,cbb23163-9bde-4f46-a851-2b0cb261c318,265195,2025-08-19,48
4317,2f8c8bbf-b905-446b-960b-4bfce392dbb9,1254808,2025-10-25,25
4318,e7720dc6-cead-4722-a16f-b4e3d2297f3b,506053,2025-09-20,64
4319,7cb59506-310c-48a6-a405-c735f5e0885d,438148,2025-07-04,21
4320,80f9d89f-c8dc-4173-b7dd-b435ce9761da,245891,2025-09-11,110
4321,6413c11d-e235-4a12-9bf7-5d5f4d4c4893,2251,2025-09-03,133
4322,fef9bc93-fbb9-45a5-a741-90180402b7ef,62177,2025-10-05,27
4323,63b15202-ff7b-4e66-8a61-cfe64abb34c1,57212,2025-12-12,35
4324,6305c1b4-a7b7-4c2c-8010-cdf91b5f51ee,1337395,2025-08-07,180
4325,fdf24ab1-9a8c-4618-83f8-2e40a3e50985,181812,2025-08-27,62
4326,2bcd80f3-de6c-48ce-aaf4-5516c8e07ca7,383498,2025-11-20,180
4327,f660da6b-7413-4d73-8c87-f9e1afb1875f,624860,2025-12-20,117
4328,a657932f-f61b-4575-bde2-12e451e94870,698508,2025-07-27,77
4329,aee2c3e7-e814-4e07-b5fe-4cc6e810e40a,520318,2025-10-26,137
4330,86c17be4-def3-42cc-b488-8c9471f8604d,27579,2025-09-03,37
4331,e1be7db6-52e8-4ffe-941c-e5462a70a35a,299054,2025-07-10,144
4332,d7441a98-caf5-451b-acc7-ec0975017be5,128,2025-10-02,142
4333,6159e61a-b3bc-45d8-9e07-9d7dc2943d42,1522923,2025-09-22,127
4334,86df8e5c-6ce2-4c69-b432-ef31f7caa422,110143,2025-09-25,25
4335,86df8e5c-6ce2-4c69-b432-ef31f7caa422,539,2025-12-28,56
4336,73a420bd-3b7b-45fd-ba1d-c0e2949eebd5,12193,2025-07-21,170
4337,3788ef6a-f4d7-4de9-8cc0-b8632a5786f8,37135,2025-12-14,45
4338,979393a9-16ab-4c12-9977-66e05afd3a60,1422,2025-10-12,109
4339,9048c7a0-f60d-480c-8e34-474df3bd77ed,261037,2025-10-20,31
4340,454049c2-4e07-46fc-b02e-af5a8797a01f,49292,2025-07-30,143
4341,d5d6afe7-baf0-4b79-ac8a-2513a65f1d3e,508883,2025-08-28,163
4342,9f51012a-2fa5-4060-950f-ee232fde89f1,1359,2025-07-18,48
4343,be78658f-030e-4737-86c1-0d114b8b5f0a,865,2025-09-07,60
4344,725ae064-3ca7-4294-95d6-4e4653ac35db,43947,2025-10-15,23
4345,7f6fecbf-84ad-4b8d-91b5-1b981ce0073e,11852,2025-07-19,43
4346,e585efeb-e50e-4d25-bb79-2988e3ea31dd,261587,2025-10-01,104
4347,c05be799-8d3f-46bf-b1fd-363106af4ba8,19913,2025-08-27,120
4348,c738993e-07f7-42e7-84ee-77cd122a72b9,72190,2025-07-22,51
4349,8d070a96-dde4-407d-a3cd-456862e11001,299537,2025-08-27,179
4350,a61adf10-8f9a-4766-baf8-28f2a60a20ce,170,2025-10-18,127
4351,df998356-480e-4bea-95dc-97fc06e52350,268920,2025-09-15,103
4352,2bd6a655-db38-4569-91b5-1176964d92c9,4584,2025-08-03,112
4353,bf35c774-0e79-40d3-b57f-64fefc446174,115,2025-09-05,81
4354,077dbbea-c5b1-4256-8565-670c5adf091c,608812,2025-09-23,25
4355,d7441a98-caf5-451b-acc7-ec0975017be5,1580353,2025-11-14,171
4356,15962aea-a3f4-4731-8b6a-b369a09e5ba2,383498,2025-07-16,50
4357,83cd0c0b-80ff-40ff-83b5-eb929f77c865,1454308,2025-12-26,77
4358,160e3d47-1244-4f92-94ce-36dec472ffb2,297270,2025-08-19,173
4359,24df3469-e9f5-4c7f-bda4-6f9a5f650e70,41280,2025-09-14,26
4360,92e3a51c-e48c-4af4-a0df-ffb3c3a828e8,930094,2025-08-04,65
4361,992866b4-91b9-4bc7-8e66-0474e752841d,372921,2025-09-07,136
4362,daed46ab-4d98-4df6-8bf8-8c05c71e4e34,2280,2025-10-07,52
4363,de1f36da-403e-4203-a456-9a2f66be660f,666154,2025-12-07,112
4364,450702d7-7f92-4e6c-9644-dfead2759f40,615321,2025-09-19,88
4365,5812dde3-5e0c-4c8c-98ab-ff5a27b64894,58027,2025-07-01,49
4366,38b3d803-b3f6-42b2-a5c0-7060275e09f2,400535,2025-09-06,83
4367,c951ca08-0a63-4941-b66f-287dc46ace43,2123,2025-12-08,26
4368,be78658f-030e-4737-86c1-0d114b8b5f0a,1892,2025-12-24,25
4369,96b08fcc-29a9-48e2-85f3-0980aca12cf1,270303,2025-08-01,146
4370,726d8ccf-9b6e-4750-a647-0f5b0cea5c29,2105,2025-11-25,148
4371,9969361c-f553-48d9-8e5f-cf88f9c7d8fa,804158,2025-12-17,147
4372,170e4b56-f925-42d2-88c5-f124c21601c3,1285247,2025-12-13,111
4373,cab9a766-9386-4c2b-b9b0-2a7c19646367,1064312,2025-08-03,158
4374,3cec2148-3256-486c-9e5f-17361d15565d,81530,2025-10-26,170
4375,b018c1e0-7f91-4d5c-abce-1558410de0e1,706503,2025-09-18,85
4376,c24f836e-06a9-4a6d-8c7b-fb599457757e,19913,2025-12-23,167
4377,19c6d518-9894-4abf-841a-b38001c62833,11852,2025-08-30,154
4378,2e6979ca-1dda-469c-86c4-f69581bdd602,1311844,2025-11-26,176
4379,3b5ce9c6-34a5-4751-ae06-db90fe89a0bd,68726,2025-10-03,134
4380,be78658f-030e-4737-86c1-0d114b8b5f0a,13394,2025-09-16,109
4381,45f0d11f-bb3a-4b6d-b4ea-ba6ca3c54808,32657,2025-11-12,95
4382,afd2ab1b-8c4d-42df-a92a-233e78d6f8a7,1149912,2025-07-12,170
4383,94faf822-0ea6-414c-9ebb-80444e94a27a,508943,2025-11-23,130
4384,997d7084-07b6-4e95-916a-bbc42d76f6e3,966,2025-09-25,145
4385,4303187a-21e5-4fe2-9fc7-ca8acf97c5a0,259693,2025-08-04,68
4386,17494ddc-e28a-44a0-8737-04d6a9dd291d,24886,2025-10-27,146
4387,f660da6b-7413-4d73-8c87-f9e1afb1875f,882569,2025-12-27,120
4388,ab93bb01-949d-4e97-84df-4c0b32069ced,760104,2025-11-14,100
4389,0904d691-244a-4745-a77d-3baaff5f6f3c,25475,2025-07-11,105
4390,237ff01e-45ce-4db0-a678-75805471689f,1252037,2025-12-23,140
4391,72978300-bb9d-4d17-9767-8bdeb8687bff,57825,2025-12-22,70
4392,438ca78a-a72d-496c-84e9-1ddb70bcc1d6,371895,2025-08-07,28
4393,6c3ab6ce-c730-4390-a597-137c17d56d6c,615656,2025-11-08,121
4394,58c12f44-dc5a-4075-9611-e635eba1b18b,1004463,2025-09-27,111
4395,f628c9e1-df23-44bf-8102-7cb81c34e317,358895,2025-10-26,118
4396,102fd85d-43c0-46b9-891a-51d4d1748f8e,504056,2025-11-24,82
4397,51e43bb9-fb7d-4ef3-b2c8-587055161741,12665,2025-07-30,33
4398,506863b8-fe40-4507-b6cf-1a653e9cb4d7,1297860,2025-09-19,122
4399,a51687d0-72ed-403e-8990-fb75c83e5d86,423108,2025-07-30,100
4400,b6327d26-aa1d-4aff-befc-18b5c49c6cd4,1277988,2025-07-04,69
4401,3aa29a59-34b7-4546-b1bc-2fb7b6f0d7b9,1734,2025-12-17,142
4402,c23840c0-3120-4843-9c96-e7b0f8cc2c44,259316,2025-08-16,161
4403,f23e0938-dd33-4f00-9c4e-c8985db21660,592350,2025-08-22,168
4404,86c17be4-def3-42cc-b488-8c9471f8604d,1246369,2025-10-14,77
4405,63b15202-ff7b-4e66-8a61-cfe64abb34c1,920,2025-09-15,131
4406,01312106-2bcb-451a-9d94-dff55ef6e9b7,308403,2025-07-31,60
4407,6b9dff09-a531-4798-9de5-2b9419541532,615321,2025-09-01,33
4408,03588b45-196c-490e-870c-da0b4841a533,806405,2025-09-02,32
4409,5c7f78de-9d5b-46ca-9070-4d657a639ed8,1214028,2025-09-24,39
4410,9bfe6e9e-1144-485b-b0b2-f1afebd7b79b,6980,2025-12-05,82
4411,c6f2052b-9d57-43e3-8a97-ac903ea7334b,368412,2025-10-15,41
4412,eaa0d93f-b9d3-41fa-ba63-c3331ffb4f3c,290524,2025-08-26,106
4413,cd9da5cf-7e5c-456e-830f-9541edb5a533,1205515,2025-12-11,87
4414,a04d3d7d-8e98-4168-91d4-5ff938088f26,2155,2025-09-27,82
4415,6726cae1-f755-4bf2-aa82-b74fb4eb97e8,1297860,2025-08-21,137
4416,1f4573a2-1b01-4a84-909a-c37335141422,4584,2025-11-22,90
4417,f7289ce3-8543-46ea-8dd5-3a730d252aad,284054,2025-12-25,75
4418,83d6adef-7b95-41f3-960e-5915270018c0,566525,2025-08-16,86
4419,f2877ad5-c935-4310-9b11-2b9439f479fd,1206008,2025-07-24,70
4420,4a1f1387-0f79-4977-8dbb-cee071011ccb,1262386,2025-07-12,67
4421,f57f0185-7fb5-4a7c-8a12-582b3c2d41d9,557946,2025-10-20,106
4422,b018c1e0-7f91-4d5c-abce-1558410de0e1,608812,2025-10-01,125
4423,9d497e17-1f55-4a5c-8a74-a22a69ebfc01,32657,2025-09-06,63
4424,3cec2148-3256-486c-9e5f-17361d15565d,1315303,2025-11-13,62
4425,0ad4ed45-3b41-4590-9620-c54e1af5b332,937287,2025-07-06,161
4426,8576d1e4-dc2a-4029-80cd-6b29334849c3,251783,2025-09-18,159
4427,aaea7e12-cd98-4b59-8e17-67a25a8c0f50,1356039,2025-09-10,30
4428,ac68f654-e803-4d3d-b9bf-683e3a61c274,9072,2025-07-14,83
4429,84d6fe5b-a2ed-4b48-abd3-587916902904,1037113,2025-12-14,128
4430,725a28ee-a635-45d3-b8c1-860bdcc41dec,10867,2025-12-14,90
4431,6bdba591-3a7b-40bd-ab77-1ec99a8e5264,918200,2025-08-18,79
4432,7fa09db7-94a0-4c89-af65-8ec41462cdce,1401318,2025-08-18,29
4433,e7edb2f7-6edf-444c-b1f0-f7b1257e0464,10431,2025-08-14,66
4434,0aa16452-2af3-4d66-8cad-e898d6f63d00,65502,2025-11-12,87
4435,df482279-52b2-4d15-b0c2-b2715cf33e54,22832,2025-10-25,70
4436,805594a4-9409-49f4-9808-5f693be0c5fd,22832,2025-08-08,136
4437,77fb7ca7-c7a7-4079-b4a0-e57d4615c244,6844,2025-07-17,74
4438,9012afc9-7318-4719-8a6c-56b3d0d3877f,585083,2025-09-05,57
4439,367219fe-0ded-4674-a8b7-b545eed28498,1233066,2025-09-19,100
4440,5c7f78de-9d5b-46ca-9070-4d657a639ed8,37135,2025-11-27,178
4441,d04a5233-6773-4bf6-8905-0390601a7b5d,9035,2025-08-14,90
4442,c93f5495-6586-4525-b0f3-fac4c1d355c7,251,2025-10-28,78
4443,41a187e4-08aa-49fe-855a-e6c5fd30c0f9,666154,2025-10-06,54
4444,8d60c80c-021c-4932-a88c-6ef78cd8e252,8835,2025-11-21,94
4445,ccc5651f-aef6-4d3d-8a5d-5b36966a90ac,49046,2025-07-31,65
4446,58c12f44-dc5a-4075-9611-e635eba1b18b,49530,2025-07-20,50
4447,d84e0d60-cf1e-4427-9bec-85dc8498a77b,102899,2025-09-07,117
4448,438ca78a-a72d-496c-84e9-1ddb70bcc1d6,512200,2025-07-04,150
4449,3b5ce9c6-34a5-4751-ae06-db90fe89a0bd,25961,2025-07-22,31
4450,5f1431bb-fcb6-4bc0-85bf-fd735c084c04,59053,2025-09-23,178
4451,d1df85f9-ed4f-4513-8399-192775604e21,1064312,2025-10-19,80
4452,2aa85431-b326-45cc-b7a0-4c33e54441ad,1585476,2025-07-18,31
4453,d477c770-4a9a-4f92-8b0c-7f01a7c76e93,1086910,2025-08-24,64
4454,d18106ea-3480-4489-a5df-b154ffe35b53,592350,2025-08-21,160
4455,d3a2bbf0-573b-4137-a6b1-0ba6f019bbcf,49529,2025-12-16,150
4456,c738993e-07f7-42e7-84ee-77cd122a72b9,1149912,2025-11-04,121
4457,6c6fcbc5-9489-4979-92c0-759521d8899f,74997,2025-07-27,41
4458,4012b450-d27f-47f0-a34b-528a8309ec0d,698508,2025-08-11,77
4459,932f124c-0549-4562-9390-815d4ceefd2a,1204186,2025-07-03,130
4460,77fb7ca7-c7a7-4079-b4a0-e57d4615c244,1401318,2025-11-08,166
4461,4559d6b8-f5f6-44f1-971d-9881e0706509,1032778,2025-11-11,159
4462,e6dca766-9468-4275-8c6a-036a63510bc8,1205515,2025-08-01,153
4463,36293e3d-f936-4a0a-a1cd-8508801ffdcf,12193,2025-12-07,96
4464,615b519b-5d81-4c2a-b7a7-80ed32674221,461369,2025-11-24,105
4465,58193e55-c9cf-4aef-af73-35fac36da65f,204082,2025-10-31,131
4466,142a8542-d5a2-4e8a-8e00-8bb42d24ebf7,608812,2025-10-10,61
4467,b8c85d8c-4c6c-42e7-9f3f-04c4c2a5a77c,71672,2025-09-04,83
4468,7cb3a9ec-7bca-4dfe-ba22-57a8e19d374f,1233575,2025-08-08,146
4469,8930fe33-b16b-47d5-b663-2d18ff807a8f,45243,2025-10-20,35
4470,85a8bbcb-baa9-4ca3-a3fd-773cd824d7fc,530385,2025-10-30,111
4471,7f6be313-8320-48ef-98e8-85612c45bbdd,30484,2025-09-16,50
4472,653483a5-1e7d-4dec-b198-653312a4a26d,1284460,2025-07-30,166
4473,cc86ac19-cd9f-45be-8fd5-2f5d70dacaed,13962,2025-08-27,76
4474,d8c7600c-07c9-44a8-81f0-3760c8516b42,122906,2025-08-18,76
4475,0449c430-9c36-49c2-a114-6cf56542a751,9487,2025-07-25,89
4476,a7eb8eb8-aa12-430b-a998-83af9233386b,804158,2025-10-19,82
4477,f942a742-2689-45ba-9402-1ecfa46aad18,16716,2025-09-15,137
4478,2f6ad430-e3e2-492d-8752-9494a41f4761,120467,2025-09-10,163
4479,8cdff50c-0c7c-45ed-9afb-53824e9c230b,11688,2025-12-18,20
4480,b76f4b1f-18be-460c-90ec-2c2c5ce953db,417320,2025-12-11,48
4481,5812dde3-5e0c-4c8c-98ab-ff5a27b64894,10476,2025-12-17,116
4482,37cc63ea-f722-4ae7-a09a-bbb9b7bc0932,447277,2025-10-20,98
4483,fa9099f4-80f2-468c-bbb3-b846e1fc19ff,50014,2025-11-06,161
4484,f93943af-3a35-467c-a11f-a65df783837c,121514,2025-09-18,138
4485,fbd655ec-3bc7-42c6-a2e8-ea4eb99bdcaf,1620,2025-09-24,73
4486,a118172b-e907-4fa4-baa3-6a2c547d7399,1337395,2025-12-11,144
4487,94f3c572-1b38-42a2-a33a-9479b16d48a8,87,2025-12-15,56
4488,cc86ac19-cd9f-45be-8fd5-2f5d70dacaed,865,2025-12-16,166
4489,ff8f34eb-6377-4eee-ab9e-cc949ab33eee,1290190,2025-08-18,36
4490,8404a93f-d6d1-44d0-923f-bba442b3342d,87,2025-09-02,100
4491,86df8e5c-6ce2-4c69-b432-ef31f7caa422,12222,2025-08-18,114
4492,9acde0c6-9370-4398-8645-67feaa1b94c3,493529,2025-08-10,154
4493,8542dde6-ca98-4016-b289-168825795b66,681291,2025-09-17,55
4494,8441b740-99bc-422b-a7a6-1aeeb4c17241,1083968,2025-09-30,27
4495,ef8d6172-3084-4242-a545-ac1c8425f5e3,1254808,2025-08-12,172
4496,de9d207d-f0d9-4f34-af7e-ebae0dab6838,615656,2025-09-25,104
4497,4012b450-d27f-47f0-a34b-528a8309ec0d,64084,2025-11-12,57
4498,f7289ce3-8543-46ea-8dd5-3a730d252aad,444951,2025-12-05,36
4499,992866b4-91b9-4bc7-8e66-0474e752841d,4327,2025-07-23,20
4500,9526bda7-dff2-4b18-89c8-ea26865ced2d,245891,2025-08-15,29
4501,86062440-6c25-41d8-8f08-823c439c5b23,950,2025-07-22,178
4502,a17957c7-50cf-4db5-8ac6-806b96a080f8,1235746,2025-08-20,162
4503,d0ecd190-eac8-446a-8150-2c0815150f70,615,2025-12-07,30
4504,cab4dd19-3c8e-4991-be58-58956db30099,49292,2025-09-24,129
4505,e4c25713-0922-46e5-a5d3-9a00f917bc67,806405,2025-11-15,54
4506,eb0669d5-ee84-4d8f-9337-c1aa420b0d0d,10530,2025-11-06,68
4507,228da925-65ff-403e-993e-0f6f184a1232,273481,2025-12-26,26
4508,07fbfe20-7ce6-4dfa-92f0-3f9ce2b68550,250754,2025-10-25,115
4509,aee1d440-1645-4a02-b07c-89a9c01601fd,1096563,2025-07-17,89
4510,cee8bd05-eb61-4fd3-9484-ce6d7c6fc1b9,616,2025-12-24,127
4511,4c35ee13-6d52-48a0-b63d-f6709f58dfad,9487,2025-08-17,64
4512,da0c079e-133a-47bd-a3b6-52bed81f5df6,602,2025-11-13,74
4513,8b2401aa-7866-4404-8434-ccb7a892e7dc,49046,2025-09-11,103
4514,c7c661df-d19b-4a83-9c06-143cdacf2d8a,926393,2025-11-30,161
4515,86df8e5c-6ce2-4c69-b432-ef31f7caa422,64688,2025-09-05,138
4516,7cb59506-310c-48a6-a405-c735f5e0885d,4553,2025-11-25,140
4517,f40f7929-c944-4426-8edb-334dc1666ec9,608812,2025-07-28,78
4518,942ee039-2021-42f4-aef6-a52869147880,138697,2025-12-26,77
4519,7064f811-7df1-43f6-aaac-3a4780eaf5af,801335,2025-07-30,69
4520,f2877ad5-c935-4310-9b11-2b9439f479fd,1290182,2025-11-02,166
4521,a82fd124-0eb7-4c2d-a0e5-fca258aea086,1203097,2025-07-09,63
4522,bcd5528f-a7ba-43bf-9c74-b9c118e568bf,891699,2025-12-07,177
4523,3f2576f6-d685-416d-b4a4-ee9ede7aa375,46195,2025-07-24,130
4524,5370adde-6e69-47c4-a058-59e6dbbfbd05,47971,2025-09-12,34
4525,ae1f2553-0e9c-4b27-a2b2-b787c02a22da,77412,2025-08-02,136
4526,ea48020b-0809-4742-b7be-d1f5140c4d93,298,2025-07-20,178
4527,837bd55f-4437-4396-8ec2-154cf0aa22a7,592695,2025-10-27,97
4528,b83e579f-0c2e-4cbd-a68b-ca14954f888e,1388456,2025-11-14,151
4529,599a8567-469b-4379-ad01-07413383ad10,8920,2025-08-02,116
4530,e6dca766-9468-4275-8c6a-036a63510bc8,38700,2025-08-09,97
4531,49ee6bbb-fa3f-419e-be8f-e1b1885c7fd7,1263256,2025-10-30,60
4532,480e0e1e-4eb5-487b-aff9-6e04ee4d3f79,51162,2025-12-22,113
4533,bdc92fa1-99ed-46ae-a9ae-faba767cd1b8,1102776,2025-07-14,89
4534,2bcd80f3-de6c-48ce-aaf4-5516c8e07ca7,284054,2025-10-20,67
4535,4df9ce2e-f067-4cfc-816c-5e1cd7b5283d,20453,2025-08-29,81
4536,8456f350-8209-4309-98dc-ee514849c28f,1290182,2025-11-07,116
4537,3ca07cea-a0d9-4330-aecb-d3b2d0839132,592695,2025-07-15,132
4538,46540a5c-3513-4b4a-b4f5-0d3a044f02ee,15566,2025-09-11,139
4539,53ef3bec-5ddd-4f96-bfcd-46093855142a,1003598,2025-12-27,138
4540,53ef3bec-5ddd-4f96-bfcd-46093855142a,360784,2025-08-07,155
4541,24df3469-e9f5-4c7f-bda4-6f9a5f650e70,11528,2025-12-22,97
4542,0bb30020-2d9d-41b3-809b-4c7a888b10fe,1289888,2025-11-20,97
4543,d0dda484-26e3-4c57-8ccc-b08b6ee7e907,1233575,2025-09-30,116
4544,e7e3aeb9-c194-4532-ba77-6ab2c01e3e76,493529,2025-10-15,144
4545,b61f6abd-656a-4c2c-a3e5-30424d17a994,752,2025-07-06,173
4546,725ae064-3ca7-4294-95d6-4e4653ac35db,1145221,2025-09-03,171
4547,dfb1ea22-0978-4c90-91d5-499756e09986,1037113,2025-08-05,78
4548,ea48020b-0809-4742-b7be-d1f5140c4d93,377,2025-09-02,138
4549,2f8c8bbf-b905-446b-960b-4bfce392dbb9,1355126,2025-12-21,155
4550,4464a19a-5049-46d7-9e81-6fe74006079f,10536,2025-11-02,106
4551,8e8ef9d3-5412-47a0-aa24-5da6480fe40d,2064,2025-12-06,158
4552,b018c1e0-7f91-4d5c-abce-1558410de0e1,930094,2025-12-18,111
4553,9969361c-f553-48d9-8e5f-cf88f9c7d8fa,18239,2025-11-18,56
4554,f6b55005-8528-4f8f-b506-82bba496babb,1337395,2025-11-21,135
4555,d4e69b65-c768-485d-aa5f-59bbc7d6248e,1400382,2025-11-11,155
4556,8aaf9ba0-8479-408b-89f4-94a03588e6d9,242582,2025-10-20,166
4557,c9bc65d2-42f2-4d7a-92da-5c36979e7fd8,966,2025-07-25,98
4558,28d90413-9c2e-4b62-a670-7614271fc43e,335797,2025-07-11,175
4559,4c35ee13-6d52-48a0-b63d-f6709f58dfad,12230,2025-07-27,111
4560,da0c079e-133a-47bd-a3b6-52bed81f5df6,558829,2025-07-22,61
4561,3cec2148-3256-486c-9e5f-17361d15565d,1291040,2025-08-24,122
4562,3677f1ff-c74b-4c2d-9833-0c1ccaa2a34a,1108427,2025-07-20,22
4563,bd268e4d-1519-41f7-9e3a-8a69fd4540fc,1291040,2025-08-04,104
4564,a51687d0-72ed-403e-8990-fb75c83e5d86,811941,2025-09-12,44
4565,7a2b1977-0d29-405f-bdc0-46ca751981ee,1205515,2025-07-17,25
4566,e6721b5a-dfa9-43fe-8bae-f57e9502de53,663712,2025-11-11,165
4567,27fdafad-f6c7-4151-be60-2965dc017bd5,260362,2025-08-03,167
4568,05d8ca72-1412-4333-b599-084b2f1d86c0,9902,2025-10-15,165
4569,d7441a98-caf5-451b-acc7-ec0975017be5,125509,2025-07-29,108
4570,31c64b33-54e8-4e33-b180-bba33c24cebb,138103,2025-09-29,77
4571,786e1bea-ab7a-415e-b4bc-9ff7f4d25d1e,128,2025-12-01,117
4572,bdc92fa1-99ed-46ae-a9ae-faba767cd1b8,64084,2025-10-16,44
4573,d1b8989f-61b4-476e-8268-079867b0416f,368412,2025-09-24,177
4574,f6909542-d106-4655-aaf6-b8900494e157,926393,2025-10-14,166
4575,7a0f1f91-efd3-4b80-8822-fc76faa5291d,433,2025-09-19,45
4576,9d497e17-1f55-4a5c-8a74-a22a69ebfc01,706503,2025-08-14,158
4577,58193e55-c9cf-4aef-af73-35fac36da65f,17379,2025-12-05,101
4578,7aaaae8e-f237-4c66-a51b-ccc6df676f6e,74997,2025-07-04,115
4579,cc2a8eea-4870-4f59-8f23-02676b70515a,891699,2025-10-18,33
4580,36938d15-0f49-4b57-8d54-a7e4b617f070,10764,2025-10-09,66
4581,27fdafad-f6c7-4151-be60-2965dc017bd5,447332,2025-10-02,130
4582,ace376c5-e89b-4dfb-9632-403b193e00a3,859,2025-07-10,104
4583,f2877ad5-c935-4310-9b11-2b9439f479fd,698508,2025-09-10,46
4584,cf146adf-d11c-4480-a80e-012e2a707dfb,873488,2025-10-22,42
4585,d13afe75-b971-4b78-9181-9ff8784ab094,34806,2025-08-02,22
4586,7a2b1977-0d29-405f-bdc0-46ca751981ee,585083,2025-07-15,44
4587,68af2751-9f08-43b9-97e2-1cbac2afb201,2251,2025-09-03,27
4588,1052030b-3f4b-4138-a628-a9e7197b2ef7,447277,2025-10-13,28
4589,c24f836e-06a9-4a6d-8c7b-fb599457757e,390062,2025-12-11,57
4590,54e35aab-60f1-44c7-ab30-9e1c9248a483,1315303,2025-09-19,94
4591,758bb4db-87ca-4cb7-a944-0540570f48dd,444539,2025-08-15,128
4592,f93943af-3a35-467c-a11f-a65df783837c,1086910,2025-10-02,63
4593,045a273a-ab03-4a35-a756-cd5e6d7f9e0b,9399,2025-07-09,100
4594,0d9aee15-5f28-41fb-943a-f24e31eaed1c,787747,2025-09-01,124
4595,122bef41-ccdb-47a2-90df-5f22be3ee05d,122906,2025-09-29,143
4596,72978300-bb9d-4d17-9767-8bdeb8687bff,1366,2025-12-09,101
4597,b25e72cb-55a5-4eb6-9ca9-dc85e88673db,37799,2025-09-26,40
4598,f7289ce3-8543-46ea-8dd5-3a730d252aad,63755,2025-08-28,158
4599,d4e69b65-c768-485d-aa5f-59bbc7d6248e,1409235,2025-11-02,115
4600,88f50216-2b74-45d9-97a0-1c50673da0c9,545611,2025-10-02,174
4601,6b56f51a-f97f-421f-ac36-7251d27e07b9,1246,2025-08-14,113
4602,fe5ced20-20e6-4fec-8893-b727df1716fc,1291040,2025-10-21,98
4603,e96c766f-cd32-4864-96d3-5c2f5011569f,18239,2025-07-03,160
4604,6dda6740-b231-491f-8a7d-236da2f63df2,15934,2025-10-14,51
4605,73668b35-175c-4023-9995-f8da68321d82,346558,2025-10-03,124
4606,8d070a96-dde4-407d-a3cd-456862e11001,9470,2025-11-14,125
4607,3b5ce9c6-34a5-4751-ae06-db90fe89a0bd,254473,2025-09-12,159
4608,43d0a3e8-74b9-4d3c-8b52-442ae8f46fc6,740903,2025-12-22,172
4609,2d2456bb-5133-4507-bb3f-e861ff18e180,21778,2025-11-01,33
4610,e6f2711e-cb84-4279-b2af-43d5a12be9b8,28,2025-12-09,101
4611,5aadbce8-81ed-40f6-9cbc-a04345dbee5e,804158,2025-09-18,74
4612,9bfe6e9e-1144-485b-b0b2-f1afebd7b79b,420817,2025-07-24,49
4613,0bab32a5-b655-4c16-bfdf-b0b224b641cb,10144,2025-09-17,164
4614,a6a8d53e-5107-48a4-9a80-364d28280301,1133651,2025-09-05,55
4615,ef4483fa-2ac0-43d5-ab42-2894b90d6404,1086910,2025-08-06,163
4616,9941200e-9fac-4448-845e-2f529e6d3eb4,1441,2025-12-23,99
4617,664cf432-a9e0-428e-9eb2-0829a7aea614,364,2025-07-03,172
4618,e1be7db6-52e8-4ffe-941c-e5462a70a35a,25961,2025-08-31,137
4619,0f745d39-f5f3-4bc8-b6bf-850d3e4c4cdf,1102776,2025-12-01,152
4620,9048c7a0-f60d-480c-8e34-474df3bd77ed,404180,2025-12-22,171
4621,be723f92-ab99-4fca-ad8e-a2ac3531b277,81530,2025-08-19,59
4622,75f0fd6e-dc04-4e00-a277-30d693eb19d4,530385,2025-07-24,29
4623,170e4b56-f925-42d2-88c5-f124c21601c3,9487,2025-09-19,49
4624,321a70fb-3825-4a76-9274-cec2da92cd92,423108,2025-08-30,179
4625,7a0f1f91-efd3-4b80-8822-fc76faa5291d,10536,2025-09-19,134
4626,ae8d269e-ec2f-4c21-ae7b-b9d6db214e04,65502,2025-10-11,61
4627,5f43ec89-f07d-470d-b303-01b4e7b3359e,11667,2025-09-26,107
4628,333cad65-4ca7-4e15-930b-5530ca3a1567,11199,2025-10-26,33
4629,2864573e-896e-4226-93a0-a3c8c910e564,615656,2025-08-13,159
4630,4a941992-fd0c-4b85-a6b0-fa95874129a8,274167,2025-12-02,26
4631,ff8f34eb-6377-4eee-ab9e-cc949ab33eee,1205515,2025-12-12,133
4632,aa11508c-ed9b-4c82-a7ce-90839ae4c866,615321,2025-12-20,99
4633,b5c873c8-00dc-4da2-9669-694cdae3ffd9,274857,2025-07-18,99
4634,93817034-ecba-43c5-b4ab-f71f19b41d28,9470,2025-11-26,158
4635,5f43ec89-f07d-470d-b303-01b4e7b3359e,250546,2025-08-13,43
4636,6159e61a-b3bc-45d8-9e07-9d7dc2943d42,2109,2025-08-06,124
4637,51095d93-040a-4746-b0a2-08f1c1c42843,38234,2025-12-07,99
4638,0aa16452-2af3-4d66-8cad-e898d6f63d00,1169210,2025-11-10,153
4639,7aaaae8e-f237-4c66-a51b-ccc6df676f6e,49046,2025-12-09,43
4640,86845847-d856-4803-86a4-ae050c8d643f,668489,2025-09-27,90
4641,cd1e1560-43e4-46d6-909b-547f7205ceaa,585511,2025-09-21,58
4642,96b08fcc-29a9-48e2-85f3-0980aca12cf1,985932,2025-12-28,134
4643,fa923e2f-231a-48c4-a023-ef9f347f09a1,698687,2025-12-27,113
4644,c18e2d44-0e25-490f-88fb-4ca6d6c4c18c,36586,2025-11-03,53
4645,43cf9de1-5770-4b66-9712-d425b4709be6,140607,2025-10-14,74
4646,42016b43-08be-4bd4-9333-c8f9f176b589,545611,2025-07-15,72
4647,8571e9e6-abf8-4afa-a3ee-a7940d181f55,12665,2025-11-17,122
4648,58f55428-9515-41fe-817d-b1f94988547d,969492,2025-11-21,119
4649,438ca78a-a72d-496c-84e9-1ddb70bcc1d6,302946,2025-07-24,170
4650,ace376c5-e89b-4dfb-9632-403b193e00a3,1356039,2025-09-26,27
4651,e5ba7406-2a55-40e0-bb8c-ad19b6177626,1088166,2025-12-12,76
4652,fd653737-40a2-4f00-9589-138f115d5f49,987400,2025-11-26,37
4653,170e4b56-f925-42d2-88c5-f124c21601c3,245891,2025-11-08,168
4654,8507ac92-8872-4e7f-8212-519a240fece8,397243,2025-08-05,20
4655,63b15202-ff7b-4e66-8a61-cfe64abb34c1,17379,2025-11-22,146
4656,e6f2711e-cb84-4279-b2af-43d5a12be9b8,4032,2025-09-17,165
4657,a61adf10-8f9a-4766-baf8-28f2a60a20ce,70981,2025-08-28,79
4658,d4f5718f-abb0-45a7-bff5-5a991c80b2b4,11448,2025-07-03,167
4659,b6d50d19-e21b-4431-86d1-2b4adc3d8977,49494,2025-12-09,26
4660,8f870e8c-3c82-46ba-acfa-c75c2fcd3156,48266,2025-11-01,78
4661,b27f9460-fd18-427a-b4c5-0a6e3dc2a617,1108427,2025-11-08,86
4662,c30a62e9-a0d1-4565-a2ae-366348aed80f,110143,2025-09-22,30
4663,8571e9e6-abf8-4afa-a3ee-a7940d181f55,801335,2025-09-12,110
4664,2d954285-5539-425b-b340-93360cab8245,13448,2025-10-28,126
4665,acf9dfd6-f528-4430-a82a-445f48eeab4d,804158,2025-09-28,35
4666,0e674264-256b-4c96-9832-7ac9813dd7d9,87101,2025-09-17,51
4667,9e45a4ff-d391-439d-ae14-b6ae48177692,1272837,2025-11-13,136
4668,b2ad07af-3e67-4fe9-9a49-cce847252c29,1271,2025-10-24,143
4669,eb5e8102-a9e3-4717-bc72-a86ac96efb9c,15566,2025-08-26,101
4670,c7b497f8-de4b-40a5-979b-740175c92595,585083,2025-09-28,41
4671,8846adb0-326c-4d52-9cba-8a638d233990,558829,2025-08-26,177
4672,d1df85f9-ed4f-4513-8399-192775604e21,1290182,2025-07-31,91
4673,2d954285-5539-425b-b340-93360cab8245,49529,2025-07-13,110
4674,3f2576f6-d685-416d-b4a4-ee9ede7aa375,2056,2025-07-15,162
4675,6dda6740-b231-491f-8a7d-236da2f63df2,11360,2025-08-02,32
4676,4df9ce2e-f067-4cfc-816c-5e1cd7b5283d,9893,2025-10-09,168
4677,2e853b27-362b-4b9f-86a5-6335f85f50a1,940721,2025-12-17,170
4678,b83e579f-0c2e-4cbd-a68b-ca14954f888e,308403,2025-10-12,52
4679,b8c85d8c-4c6c-42e7-9f3f-04c4c2a5a77c,19913,2025-11-15,36
4680,edbc152b-f68b-4339-aac6-43424564e17a,7446,2025-09-29,126
4681,5462cc47-d695-4b83-981d-a9ea9641fa70,1262815,2025-11-05,145
4682,42016b43-08be-4bd4-9333-c8f9f176b589,1580234,2025-10-17,82
4683,1efed095-4c8d-4bd8-a633-7b2c843990d0,1895,2025-09-08,53
4684,a28038f4-abff-44d8-a6b6-af10d084037c,520318,2025-12-25,88
4685,4676d991-385b-4d37-97be-a4dfc03b5abc,1205648,2025-11-02,102
4686,b5179d03-346a-4b9e-8942-d41809262852,1290182,2025-07-15,153
4687,0b8fd83c-6beb-4616-9ab5-af07da43ed9a,1203097,2025-11-15,127
4688,1fe3e730-105d-4cd2-babe-65d9080b41c9,251783,2025-09-22,25
4689,615d9c79-3f8a-43e4-ab65-e301984106e7,608812,2025-09-11,90
4690,daecd31d-953a-49c8-b25f-04a4b2505d6b,1311844,2025-08-14,48
4691,63b15202-ff7b-4e66-8a61-cfe64abb34c1,891699,2025-07-03,123
4692,8ff2dc4b-dca7-4e8b-b1a5-7522ae380452,10764,2025-11-20,23
4693,de9d207d-f0d9-4f34-af7e-ebae0dab6838,454527,2025-12-24,67
4694,6e9c97eb-c525-4015-beb8-cbe5d4670a9a,846422,2025-10-10,47
4695,bba62230-1712-451d-ba66-09f220642be2,18239,2025-07-12,33
4696,28d90413-9c2e-4b62-a670-7614271fc43e,454626,2025-12-25,143
4697,e65c718b-d281-42d4-abfd-6187873e3113,24886,2025-09-12,113
4698,3809ea71-a74d-47a7-b8da-118d2b1da3a7,34806,2025-10-18,82
4699,40dc9fe2-feb2-4741-8f83-0748cf85911a,715831,2025-12-11,161
4700,c09dd92b-e2e3-4428-bf60-faf22f10ffb8,882569,2025-09-30,115
4701,f6b55005-8528-4f8f-b506-82bba496babb,1724,2025-11-02,121
4702,77b3ed1a-53a9-4dd2-8ea6-8fed67f4a56d,52212,2025-09-10,98
4703,aecf09e6-9c2f-498b-b9ad-7a32bfe6d5d1,792307,2025-12-10,93
4704,d5cf3ec9-798e-49ff-b290-f84b8ca795ff,25961,2025-07-02,103
4705,7a2b1977-0d29-405f-bdc0-46ca751981ee,592695,2025-11-14,156
4706,1aef6f1b-ddbf-4532-a2d1-1c636c39aa6d,458220,2025-11-23,38
4707,add9b316-17a2-40b2-bde8-c5e0afb5dccf,196,2025-10-24,121
4708,bd268e4d-1519-41f7-9e3a-8a69fd4540fc,1287322,2025-12-03,176
4709,b49976f2-c2c1-461c-8e11-6b462e95f981,335977,2025-11-11,123
4710,90fbf3dc-cf79-4189-9ba9-08e6d41100a6,558829,2025-11-05,24
4711,409dceaa-a32b-421e-afd8-6bfea9d3625c,10625,2025-07-09,59
4712,9b1bf063-c1b6-4fec-ad70-99433021f164,28,2025-12-23,114
4713,298fd375-02da-4665-a1c2-628c17e763f4,13461,2025-12-03,144
4714,9773e882-deee-4217-bf19-774520b7e13c,1145221,2025-10-29,58
4715,24df3469-e9f5-4c7f-bda4-6f9a5f650e70,360784,2025-12-09,144
4716,7732add7-1a46-40fe-a032-7ad2d6ae2d47,1734,2025-11-23,21
4717,b14ac98a-9257-4b87-9ed0-178688e13f23,564149,2025-08-29,177
4718,fa3963ff-26cf-4748-b7c3-029a304e0924,661286,2025-11-08,178
4719,c11e825b-e3b0-44cd-a635-7a80f67db279,577922,2025-12-24,49
4720,039ddb6b-e1a3-4e64-a560-ca8d6d1b44db,49292,2025-09-01,134
4721,b1e0541a-5ebf-47e0-b914-100b272d8a71,8835,2025-08-30,24
4722,15038f53-3f10-402b-b238-2d561763a7fd,1140535,2025-08-28,95
4723,436700b7-bc02-48b0-b30c-16122cc400a4,38700,2025-12-07,141
4724,febf5be7-a6ce-406d-a87e-ea26b8c692c2,9072,2025-09-09,154
4725,828e3a3c-c3cc-456d-ad1f-611082b3f752,138103,2025-08-18,63
4726,d477c770-4a9a-4f92-8b0c-7f01a7c76e93,49046,2025-11-10,163
4727,3aa29a59-34b7-4546-b1bc-2fb7b6f0d7b9,752,2025-10-20,86
4728,d81adbf5-9f59-468d-bcda-c353dce37beb,717980,2025-11-29,150
4729,a0e156d7-648a-460c-9f8b-fdf70a185416,1290190,2025-11-22,122
4730,1aef6f1b-ddbf-4532-a2d1-1c636c39aa6d,9035,2025-09-02,158
4731,653483a5-1e7d-4dec-b198-653312a4a26d,654028,2025-10-15,34
4732,ea48020b-0809-4742-b7be-d1f5140c4d93,950,2025-11-23,85
4733,1efed095-4c8d-4bd8-a633-7b2c843990d0,408567,2025-11-01,179
4734,450702d7-7f92-4e6c-9644-dfead2759f40,621,2025-08-24,33
4735,942ee039-2021-42f4-aef6-a52869147880,956057,2025-11-05,63
4736,fd653737-40a2-4f00-9589-138f115d5f49,38700,2025-07-29,116
4737,9c67edd1-3670-4247-a612-9ff6ae78268c,1198426,2025-07-03,91
4738,83d6adef-7b95-41f3-960e-5915270018c0,324552,2025-12-03,89
4739,007e60ed-6fb1-461c-9917-aa02448df0b1,624860,2025-10-26,131
4740,356e6af5-7478-4c16-834b-2574da85eb65,1235746,2025-11-24,95
4741,036929a1-b752-41ba-ab35-042fb30de29a,1091,2025-09-13,129
4742,d065789f-6b49-4d8e-ba0a-20100068c707,1064312,2025-11-26,93
4743,c05be799-8d3f-46bf-b1fd-363106af4ba8,1290190,2025-11-09,166
4744,fdf24ab1-9a8c-4618-83f8-2e40a3e50985,9074,2025-10-08,131
4745,bff3024c-4375-4bad-82a2-02a5a36392c5,73723,2025-10-10,44
4746,b1e0541a-5ebf-47e0-b914-100b272d8a71,71672,2025-12-27,62
4747,0aab7032-edbb-49f7-a8a2-6176f04572cb,663712,2025-07-14,174
4748,36293e3d-f936-4a0a-a1cd-8508801ffdcf,1401318,2025-12-04,138
4749,6305c1b4-a7b7-4c2c-8010-cdf91b5f51ee,64688,2025-12-12,66
4750,70e3af35-ec2f-464e-af3f-d4957f8f2d37,313369,2025-10-28,63
4751,43cf9de1-5770-4b66-9712-d425b4709be6,254,2025-11-03,169
4752,d04a5233-6773-4bf6-8905-0390601a7b5d,339403,2025-07-12,33
4753,9f50c74e-ddf5-4041-8a18-515b69f8136e,706503,2025-09-26,101
4754,8da68550-900c-4a5e-bbb3-8ee637ce31d5,346558,2025-09-12,96
4755,8141fcb1-9315-42fb-96cd-ba1243befaa7,504056,2025-12-21,46
4756,29f17f74-dc9d-4fc1-9652-d538a379162d,629542,2025-08-11,83
4757,72a16f39-7d57-4f71-812e-445462fbfb06,458220,2025-07-28,130
4758,b7e4fa7b-984d-455f-bcce-b60c23e09452,1441,2025-08-17,178
4759,97b20396-7dcb-4ff2-a49d-91dce5edc65e,265195,2025-10-04,134
4760,098d5d8a-fea4-46d8-bfa4-634100c107e6,762441,2025-10-22,26
4761,31f9fba4-2204-44b3-93de-d5014b099d3e,1246,2025-09-04,61
4762,0d080ddd-6b06-42bb-a975-8830b35d141f,1443260,2025-08-06,48
4763,128efec3-65d2-43aa-be9b-ba3ee06803d5,346558,2025-07-22,107
4764,237ff01e-45ce-4db0-a678-75805471689f,792307,2025-07-12,56
4765,708ade3c-9d4b-4620-8df5-760c038ac39c,5925,2025-10-31,108
4766,1ed39093-731c-489a-b276-0871799c0fc7,792,2025-07-01,82
4767,0159e530-90cd-41e0-8e13-1023e77410ea,11667,2025-09-16,122
4768,6b64aea6-aaed-4ffb-aba0-0d647a3b757d,654028,2025-08-02,61
4769,0aa16452-2af3-4d66-8cad-e898d6f63d00,87101,2025-12-09,97
4770,43f70f41-c493-4f24-b6a4-8e9527d473dc,339403,2025-10-20,180
4771,7fa09db7-94a0-4c89-af65-8ec41462cdce,439079,2025-09-15,82
4772,a456c444-5117-4f0a-9ce2-22286d2d0f71,271116,2025-09-16,73
4773,92e3a51c-e48c-4af4-a0df-ffb3c3a828e8,38234,2025-10-14,95
4774,5c7f78de-9d5b-46ca-9070-4d657a639ed8,920302,2025-07-03,48
4775,9d497e17-1f55-4a5c-8a74-a22a69ebfc01,14243,2025-08-03,75
4776,1c3fdecb-7eb1-4275-b34d-9f9901b02a2f,1580234,2025-07-31,155
4777,c23840c0-3120-4843-9c96-e7b0f8cc2c44,81530,2025-08-12,59
4778,86845847-d856-4803-86a4-ae050c8d643f,16295,2025-07-24,86
4779,8bb5e037-3778-4365-8dc1-f37fbb7669c3,372921,2025-08-27,163
4780,edbc152b-f68b-4339-aac6-43424564e17a,260362,2025-10-14,177
4781,4d1a8726-4515-4b98-bd6d-5a15583393b4,4584,2025-11-06,103
4782,f3b2ef78-bc16-4222-88dc-2023c96008dd,375846,2025-11-14,74
4783,ae8d269e-ec2f-4c21-ae7b-b9d6db214e04,439079,2025-09-07,129
4784,d09cef7d-4aba-4d41-95a4-d20bcea4edac,1096563,2025-11-01,131
4785,6413c11d-e235-4a12-9bf7-5d5f4d4c4893,250754,2025-12-21,156
4786,c002aaf5-01e7-4134-9144-cea0bd1fced6,512200,2025-07-16,134
4787,51095d93-040a-4746-b0a2-08f1c1c42843,10193,2025-10-18,178
4788,9d8b213d-69f4-49f2-abb6-1cd1b09cdf1e,70981,2025-09-16,56
4789,be78658f-030e-4737-86c1-0d114b8b5f0a,608812,2025-07-24,163
4790,91daea9b-60ae-443e-b75c-d8087658e20c,170,2025-10-27,46
4791,c14b8e22-eea9-4e52-a71a-518919d21fec,14243,2025-11-22,149
4792,979393a9-16ab-4c12-9977-66e05afd3a60,4584,2025-12-18,72
4793,49ee6bbb-fa3f-419e-be8f-e1b1885c7fd7,9880,2025-08-05,161
4794,68b15083-f1d1-47a2-9c93-88adb1605417,458156,2025-09-16,21
4795,0bab32a5-b655-4c16-bfdf-b0b224b641cb,585083,2025-08-28,134
4796,1f4573a2-1b01-4a84-909a-c37335141422,399579,2025-10-04,177
4797,cab4dd19-3c8e-4991-be58-58956db30099,57158,2025-10-27,157
4798,e585efeb-e50e-4d25-bb79-2988e3ea31dd,897160,2025-12-16,108
4799,730ef8ec-fe4b-431f-a794-f76bb0827e00,346558,2025-12-22,81
4800,3cbe09e5-c32b-4aa0-9216-17726e01c54f,1204186,2025-11-11,168
4801,bd475dc2-bcf9-4abc-811a-1cf3d5dcae95,384018,2025-10-18,56
4802,e803f1eb-9686-4fa0-9bd6-5dfd706927d7,65502,2025-09-26,142
4803,a683c5ac-78ae-482f-b842-ee9ca33616c0,1290182,2025-10-04,105
4804,9941200e-9fac-4448-845e-2f529e6d3eb4,1072790,2025-12-05,50
4805,d02a73a8-8ed9-4ae4-9740-fe021e979dc5,8467,2025-11-20,69
4806,cfb77b61-87bb-4190-aa4a-5c44ab559287,1422,2025-08-23,71
4807,c9ff3854-283b-4b32-beb4-164f2789e767,656908,2025-12-26,48
4808,510ceda2-e44c-44e8-87e9-ecbb76eab22c,137113,2025-10-14,44
4809,7f6fecbf-84ad-4b8d-91b5-1b981ce0073e,8077,2025-08-19,28
4810,be81303c-7681-4619-891e-f0f7dde6df68,1422,2025-12-16,151
4811,3b5ce9c6-34a5-4751-ae06-db90fe89a0bd,1233066,2025-11-15,57
4812,be78658f-030e-4737-86c1-0d114b8b5f0a,14243,2025-11-12,117
4813,57162c52-539d-4f0a-8696-b8f55f83f51e,444951,2025-08-12,51
4814,2e853b27-362b-4b9f-86a5-6335f85f50a1,273481,2025-07-10,105
4815,a51687d0-72ed-403e-8990-fb75c83e5d86,1252037,2025-08-01,62
4816,7da30149-03ac-4a0d-94fc-1fc9082e9238,1004463,2025-09-10,123
4817,c09dd92b-e2e3-4428-bf60-faf22f10ffb8,37735,2025-09-22,20
4818,f5f19ed6-3477-4694-8670-8370bca863dc,93456,2025-10-22,122
4819,adc6f37c-42f4-4c62-ab52-9dbb88468f51,2046,2025-11-26,171
4820,9012afc9-7318-4719-8a6c-56b3d0d3877f,10867,2025-09-16,71
4821,c93f5495-6586-4525-b0f3-fac4c1d355c7,1724,2025-08-31,129
4822,e7392a8a-3390-47c6-a1fe-c28ba5474890,259316,2025-11-12,116
4823,77b32f9e-d5a0-4c77-906d-df4ca3f90522,62177,2025-07-01,116
4824,2bd6a655-db38-4569-91b5-1176964d92c9,420817,2025-07-31,47
4825,f40f7929-c944-4426-8edb-334dc1666ec9,492611,2025-08-19,22
4826,a28038f4-abff-44d8-a6b6-af10d084037c,585511,2025-12-21,98
4827,28a8a99d-e7e7-4f67-848f-7c156c1cefb3,843,2025-10-10,32
4828,6b56f51a-f97f-421f-ac36-7251d27e07b9,681291,2025-10-10,83
4829,4464a19a-5049-46d7-9e81-6fe74006079f,1159831,2025-11-19,31
4830,ae8d269e-ec2f-4c21-ae7b-b9d6db214e04,440,2025-07-28,55
4831,ae1f2553-0e9c-4b27-a2b2-b787c02a22da,19595,2025-11-06,176
4832,992866b4-91b9-4bc7-8e66-0474e752841d,646385,2025-10-27,166
4833,27fdafad-f6c7-4151-be60-2965dc017bd5,15472,2025-07-02,102
4834,0904d691-244a-4745-a77d-3baaff5f6f3c,838240,2025-11-03,24
4835,2c75bc0a-c49f-4bc8-9cf5-36840e93a94b,11688,2025-09-01,46
4836,c9bc65d2-42f2-4d7a-92da-5c36979e7fd8,281957,2025-12-26,147
4837,fa923e2f-231a-48c4-a023-ef9f347f09a1,20526,2025-07-09,68
4838,b97fb9d1-f136-42c3-b4df-e9a72e738a3f,4553,2025-07-01,110
4839,9b689544-10ce-4bf1-afd4-3fcfac48fdde,9074,2025-08-29,70
4840,480e0e1e-4eb5-487b-aff9-6e04ee4d3f79,284053,2025-07-03,48
4841,53e5fac1-ac15-4b3b-91e1-e27f27b8417c,666154,2025-10-23,179
4842,0c57d864-0f54-4781-9e7f-a16a37129660,1037113,2025-10-10,20
4843,92e58ddf-4ba0-4960-ad5e-6266c680b20b,1287322,2025-09-29,147
4844,8576d1e4-dc2a-4029-80cd-6b29334849c3,49521,2025-12-14,82
4845,f93943af-3a35-467c-a11f-a65df783837c,10066,2025-08-03,66
4846,8446a099-370f-4890-9202-5802b661fc6f,1263256,2025-10-15,178
4847,a3d4b380-ce15-4811-bc54-00b341dabfc7,381288,2025-12-22,168
4848,e7edb2f7-6edf-444c-b1f0-f7b1257e0464,252,2025-07-28,129
4849,2d954285-5539-425b-b340-93360cab8245,19913,2025-12-27,171
4850,f7380deb-508d-4900-90ef-85acb8bcb848,76338,2025-12-10,30
4851,bd475dc2-bcf9-4abc-811a-1cf3d5dcae95,752,2025-08-31,107
4852,eb0669d5-ee84-4d8f-9337-c1aa420b0d0d,1001270,2025-12-19,34
4853,ab150b6c-418d-4f95-ae90-672a76657320,115,2025-09-29,100
4854,9e45a4ff-d391-439d-ae14-b6ae48177692,2293,2025-12-11,174
4855,aee2c3e7-e814-4e07-b5fe-4cc6e810e40a,1205515,2025-11-12,111
4856,3cb6df35-b60c-491c-a8b0-e3985b4d0fe7,11360,2025-12-17,108
4857,ebc61f0e-eb31-4936-a231-7d688e88145d,12503,2025-07-20,109
4858,9cf74a4c-c230-4556-9cdf-034f0a53b48a,8363,2025-07-07,25
4859,743a8e62-5d9f-4cd5-a201-a6df47c72a48,261905,2025-11-13,35
4860,f034ac9a-eb5a-49e4-8f6b-34d387a97a29,689679,2025-12-17,73
4861,5812dde3-5e0c-4c8c-98ab-ff5a27b64894,656908,2025-12-24,90
4862,91daea9b-60ae-443e-b75c-d8087658e20c,299054,2025-07-10,97
4863,eb5e8102-a9e3-4717-bc72-a86ac96efb9c,384018,2025-11-30,34
4864,d0ecd190-eac8-446a-8150-2c0815150f70,302946,2025-10-19,174
4865,4df9ce2e-f067-4cfc-816c-5e1cd7b5283d,22705,2025-08-10,71
4866,c30a62e9-a0d1-4565-a2ae-366348aed80f,954,2025-12-26,110
4867,407857ad-e162-40b2-9c02-56be508b6ab4,30484,2025-07-17,35
4868,386f3ed4-0a7d-4bf3-ada9-3d989095de12,9035,2025-12-14,141
4869,a28038f4-abff-44d8-a6b6-af10d084037c,58027,2025-08-02,104
4870,d4e69b65-c768-485d-aa5f-59bbc7d6248e,421892,2025-11-11,70
4871,8785a5cb-2ff4-486d-92a6-61e73a9946d7,11011,2025-10-15,69
4872,8661c256-4537-4da9-a98e-e26f8bde5b0f,937287,2025-08-29,44
4873,d71c484b-6090-4468-8158-ae2e83790347,672322,2025-07-08,100
4874,3967f994-b34d-4542-bd55-60b926a35f62,70981,2025-10-05,165
4875,942ee039-2021-42f4-aef6-a52869147880,447277,2025-10-19,110
4876,ba886680-2694-46a1-a1c6-b8448a3a770e,15566,2025-11-02,75
4877,2ab0b0d5-5def-449c-b860-7bdbc15c0c99,9902,2025-12-22,25
4878,0159e530-90cd-41e0-8e13-1023e77410ea,950,2025-11-10,171
4879,03134078-c847-460a-9e7e-34e547a45854,335797,2025-07-21,73
4880,ef30cb66-f029-4923-85a5-173ba007a5fa,715831,2025-08-18,90
4881,bcd5528f-a7ba-43bf-9c74-b9c118e568bf,592695,2025-11-14,92
4882,3788ef6a-f4d7-4de9-8cc0-b8632a5786f8,1320414,2025-10-19,24
4883,b6d50d19-e21b-4431-86d1-2b4adc3d8977,1354627,2025-10-11,51
4884,6fb4593c-11d7-4f53-9731-c9bbbf665c91,537971,2025-11-04,79
4885,58c12f44-dc5a-4075-9611-e635eba1b18b,50014,2025-09-19,130
4886,edc076e7-16dd-41bc-840e-3de7e1185d53,259316,2025-11-20,33
4887,db0a5d3f-f758-4a62-b481-1826b6d2ceb2,812037,2025-07-15,35
4888,ffa66787-a078-4e8c-95ca-8c1a6a5bf50e,818647,2025-10-16,115
4889,daf4d464-3d6e-4821-bf6d-55142456d62b,45588,2025-07-27,58
4890,359d63b3-74c4-46d5-a8bf-84bd478bd61e,593676,2025-08-27,177
4891,e22543b2-831d-44f2-b205-f731a19301ad,310097,2025-08-17,161
4892,e7720dc6-cead-4722-a16f-b4e3d2297f3b,557946,2025-09-05,148
4893,321a70fb-3825-4a76-9274-cec2da92cd92,498888,2025-07-22,144
4894,68af2751-9f08-43b9-97e2-1cbac2afb201,9769,2025-07-10,111
4895,71b16b14-3feb-4ad4-a1a3-1f1523a70129,9753,2025-09-28,24
4896,f00c803c-b55f-49c4-a580-0f359621622f,166668,2025-09-19,33
4897,d065789f-6b49-4d8e-ba0a-20100068c707,15566,2025-12-17,52
4898,988d7a65-be01-4b3d-95c1-05b237a93b29,1579,2025-11-05,167
4899,007e60ed-6fb1-461c-9917-aa02448df0b1,58027,2025-11-14,175
4900,c93f5495-6586-4525-b0f3-fac4c1d355c7,204082,2025-12-21,37
4901,77a4268c-ee03-4ee9-8c29-56dbb68ba0b8,715831,2025-11-28,84
4902,5c03e14a-8db2-460b-a410-8a560d1e2e69,2155,2025-08-08,125
4903,ea281f8a-2887-495e-83e0-d06092089816,1355126,2025-09-01,75
4904,900f3414-c79f-4aff-8ee8-cf712ee5b2d3,508943,2025-12-15,161
4905,b6d50d19-e21b-4431-86d1-2b4adc3d8977,11852,2025-08-18,132
4906,eb5e8102-a9e3-4717-bc72-a86ac96efb9c,20526,2025-07-25,93
4907,2368e515-dc5b-4f49-9bbd-0dfbd61b88a8,1281,2025-11-08,159
4908,da0c079e-133a-47bd-a3b6-52bed81f5df6,12193,2025-11-14,149
4909,b515dd81-4f3f-4fca-a793-9620b9b9fb2d,9398,2025-09-22,70
4910,c129e1ee-e093-4e9e-b474-021e61e48054,324552,2025-10-11,126
4911,b27f9460-fd18-427a-b4c5-0a6e3dc2a617,1892,2025-10-17,64
4912,2864573e-896e-4226-93a0-a3c8c910e564,501007,2025-11-18,114
4913,9353fa62-2f48-4904-87e4-f0830d680df1,1522923,2025-10-20,139
4914,db08e301-f408-4c53-999d-aba9784bbcf7,438695,2025-07-21,119
4915,d94786ed-1a2d-4000-bdf9-cf4eb4bf0db7,6980,2025-10-20,152
4916,bdc92fa1-99ed-46ae-a9ae-faba767cd1b8,372921,2025-10-17,120
4917,8441b740-99bc-422b-a7a6-1aeeb4c17241,8835,2025-12-09,88
4918,b7e4fa7b-984d-455f-bcce-b60c23e09452,1072790,2025-07-10,136
4919,c7b497f8-de4b-40a5-979b-740175c92595,1233066,2025-09-07,128
4920,3f682e65-1fb9-41b4-ba2c-9aac5b4f819d,11544,2025-08-15,101
4921,17494ddc-e28a-44a0-8737-04d6a9dd291d,1181701,2025-11-07,64
4922,3f2576f6-d685-416d-b4a4-ee9ede7aa375,1272837,2025-08-13,69
4923,76e2f584-598b-4632-a434-18224e385d0a,1285965,2025-07-29,104
4924,42560fdf-ce8f-4d96-8ef7-4585a64d17e9,1059673,2025-12-23,138
4925,f93943af-3a35-467c-a11f-a65df783837c,13161,2025-10-07,25
4926,2e954abc-6a22-4235-b65e-047a454c9bb4,25475,2025-07-05,43
4927,9cbb8574-5926-4a0b-8f97-623b420ff365,1401318,2025-09-11,79
4928,4dba0fa4-723f-420b-9e17-203b92607bf2,6114,2025-09-26,33
4929,98eae76e-7395-450d-93cb-5c7db8d640b6,8392,2025-10-23,75
4930,e303ea57-f043-4a6a-93ae-51c89ed8d1ca,13187,2025-12-24,72
4931,3cb6df35-b60c-491c-a8b0-e3985b4d0fe7,512200,2025-11-19,138
4932,d1df85f9-ed4f-4513-8399-192775604e21,166668,2025-10-05,165
4933,4d1a8726-4515-4b98-bd6d-5a15583393b4,592695,2025-07-24,74
4934,92e3a51c-e48c-4af4-a0df-ffb3c3a828e8,926606,2025-10-21,71
4935,1ed39093-731c-489a-b276-0871799c0fc7,58027,2025-12-11,88
4936,df998356-480e-4bea-95dc-97fc06e52350,1281,2025-08-21,147
4937,e803f1eb-9686-4fa0-9bd6-5dfd706927d7,423108,2025-11-25,155
4938,9969361c-f553-48d9-8e5f-cf88f9c7d8fa,9398,2025-11-09,110
4939,8785a5cb-2ff4-486d-92a6-61e73a9946d7,324183,2025-10-15,174
4940,ef2d242a-72c9-48a6-af3b-d1903cbf797e,250546,2025-09-10,113
4941,b27f9460-fd18-427a-b4c5-0a6e3dc2a617,254,2025-07-30,54
4942,f4bdf0f1-da28-4af1-8f4d-f2822ccd4c14,1401318,2025-07-27,175
4943,e0712afd-3281-4489-a460-605c4861b622,675353,2025-08-25,129
4944,7b2e1b6d-c8ca-4f4e-bfc0-2d5e91180f89,1398418,2025-08-07,48
4945,b42386b2-847f-46db-a42a-d7ad6f2ec042,646385,2025-12-27,53
4946,2dcf9043-7779-4be9-bb97-f42867c72d9d,1204186,2025-12-23,34
4947,71c87c37-808d-4521-86f2-a9eb8cda8349,1290190,2025-07-05,124
4948,38b3d803-b3f6-42b2-a5c0-7060275e09f2,929590,2025-10-07,151
4949,db08e301-f408-4c53-999d-aba9784bbcf7,787747,2025-12-14,68
4950,42560fdf-ce8f-4d96-8ef7-4585a64d17e9,920302,2025-09-15,169
4951,01312106-2bcb-451a-9d94-dff55ef6e9b7,1291040,2025-10-17,176
4952,9773e882-deee-4217-bf19-774520b7e13c,368412,2025-09-08,22
4953,e65c718b-d281-42d4-abfd-6187873e3113,1491,2025-08-26,95
4954,480e0e1e-4eb5-487b-aff9-6e04ee4d3f79,1724,2025-08-19,164
4955,0bab32a5-b655-4c16-bfdf-b0b224b641cb,10730,2025-09-12,42
4956,837bd55f-4437-4396-8ec2-154cf0aa22a7,423108,2025-08-16,146
4957,e4536178-a667-42f3-87b2-d8936450b32b,447332,2025-12-18,150
4958,290c5bad-974f-4799-afaa-84444f5f93ec,13161,2025-08-03,60
4959,30e6cf48-6f24-4d17-98a3-8d425248183c,196,2025-11-22,100
4960,a17957c7-50cf-4db5-8ac6-806b96a080f8,360784,2025-09-05,96
4961,5bf6848a-c3ec-45da-8792-7f3519a1c07c,254,2025-10-09,67
4962,37949bba-b992-408e-88e3-4316c59c093a,4553,2025-08-05,30
4963,d8c7600c-07c9-44a8-81f0-3760c8516b42,301528,2025-11-15,133
4964,31b0794a-be66-4f38-bc4d-3a5e90685950,4951,2025-09-08,59
4965,b1e0541a-5ebf-47e0-b914-100b272d8a71,7131,2025-08-10,46
4966,8d60c80c-021c-4932-a88c-6ef78cd8e252,838240,2025-12-17,140
4967,a7eb8eb8-aa12-430b-a998-83af9233386b,1262386,2025-12-23,30
4968,ac8dd9f7-0eb8-4698-b6e9-fbd52e44b146,417320,2025-10-29,20
4969,e96c766f-cd32-4864-96d3-5c2f5011569f,1244132,2025-11-23,90
4970,58193e55-c9cf-4aef-af73-35fac36da65f,656908,2025-12-07,92
4971,ee42d97b-1dae-423e-a19c-95138fdf7c1d,335,2025-07-14,98
4972,a04d3d7d-8e98-4168-91d4-5ff938088f26,45588,2025-10-14,126
4973,86062440-6c25-41d8-8f08-823c439c5b23,1263256,2025-09-03,127
4974,8dbb182c-0c50-4f83-965b-1d0a47790ed4,49494,2025-07-06,115
4975,71b16b14-3feb-4ad4-a1a3-1f1523a70129,1429,2025-10-08,41
4976,45f0d11f-bb3a-4b6d-b4ea-ba6ca3c54808,512200,2025-10-14,126
4977,9526bda7-dff2-4b18-89c8-ea26865ced2d,5925,2025-10-31,82
4978,3aa29a59-34b7-4546-b1bc-2fb7b6f0d7b9,920302,2025-10-07,106
4979,3fbe16a4-e0fd-4341-96f5-4d35f1b7fd7b,372921,2025-12-24,143
4980,450702d7-7f92-4e6c-9644-dfead2759f40,11224,2025-10-16,52
4981,0a599003-ed7a-480f-b6de-ff8a6aded886,689679,2025-10-12,37
4982,3788ef6a-f4d7-4de9-8cc0-b8632a5786f8,196,2025-08-04,153
4983,7da30149-03ac-4a0d-94fc-1fc9082e9238,592350,2025-10-20,67
4984,0c57d864-0f54-4781-9e7f-a16a37129660,462181,2025-09-10,169
4985,d4f5718f-abb0-45a7-bff5-5a991c80b2b4,4327,2025-08-26,61
4986,e72b96e6-1f15-43fa-97c7-70fa2f63a5e5,299537,2025-10-24,107
4987,dafae7d4-ad34-4117-b1ab-ef805ded2bd8,920302,2025-07-24,149
4988,0e5d2249-1622-421a-bd3d-e6ff8bebfc81,954,2025-10-04,179
4989,57ad21f9-cef2-468b-933d-ff4bda36491d,661286,2025-11-12,160
4990,298fd375-02da-4665-a1c2-628c17e763f4,322,2025-09-30,178
4991,c129e1ee-e093-4e9e-b474-021e61e48054,52212,2025-11-20,52
4992,bdc92fa1-99ed-46ae-a9ae-faba767cd1b8,745,2025-09-27,57
4993,b7aefdb3-3db6-4680-bee8-336a90d720c0,968051,2025-11-11,104
4994,c129e1ee-e093-4e9e-b474-021e61e48054,1441,2025-12-21,88
4995,b83e579f-0c2e-4cbd-a68b-ca14954f888e,65502,2025-12-11,47
4996,1f5ed463-e08a-48fd-97b3-d3b6068c988b,82690,2025-10-07,179
4997,fdf24ab1-9a8c-4618-83f8-2e40a3e50985,11688,2025-08-31,98
4998,4464a19a-5049-46d7-9e81-6fe74006079f,882569,2025-09-22,158
4999,9773e882-deee-4217-bf19-774520b7e13c,87101,2025-07-23,81
5000,036929a1-b752-41ba-ab35-042fb30de29a,89602,2025-12-19,120
