movie_id,user_id,date_id,total_watch_time,total_views,is_long_view
28,13,-1,36,1,0
28,45,-1,115,1,1
28,83,-1,114,1,1
28,178,-1,137,1,1
28,209,-1,57,1,0
28,262,-1,76,1,1
28,271,-1,22,1,0
28,348,-1,114,1,1
28,580,-1,164,1,1
28,598,-1,24,1,0
28,652,-1,68,1,1
28,704,-1,141,1,1
28,786,-1,101,1,1
87,35,-1,56,1,0
87,102,-1,82,1,1
87,115,-1,112,1,1
87,194,-1,39,1,0
87,229,-1,71,1,1
87,314,-1,108,1,1
87,393,-1,87,1,1
87,458,-1,72,1,1
87,484,-1,50,1,0
87,537,-1,60,1,1
87,654,-1,100,1,1
87,676,-1,119,1,1
87,681,-1,32,1,0
115,7,-1,110,1,1
115,151,-1,100,1,1
115,309,-1,81,1,1
115,505,-1,154,1,1
115,517,-1,102,1,1
115,530,-1,94,1,1
115,544,-1,138,1,1
115,609,-1,165,1,1
115,735,-1,121,1,1
128,43,-1,136,1,1
128,97,-1,117,1,1
128,136,-1,158,1,1
128,177,-1,116,1,1
128,187,-1,115,1,1
128,305,-1,122,1,1
128,327,-1,58,1,0
128,366,-1,102,1,1
128,427,-1,50,1,0
128,446,-1,142,1,1
128,534,-1,143,1,1
128,589,-1,159,1,1
128,613,-1,175,1,1
128,704,-1,110,1,1
128,758,-1,135,1,1
161,186,-1,94,1,1
161,297,-1,131,1,1
161,584,-1,54,1,0
161,793,-1,130,1,1
170,10,-1,127,1,1
170,249,-1,107,1,1
170,305,-1,159,1,1
170,336,-1,46,1,0
170,375,-1,21,1,0
170,407,-1,148,1,1
170,414,-1,124,1,1
170,577,-1,34,1,0
170,578,-1,68,1,1
170,758,-1,83,1,1
176,157,-1,108,1,1
176,198,-1,146,1,1
176,202,-1,111,1,1
176,259,-1,87,1,1
176,405,-1,77,1,1
176,595,-1,142,1,1
196,103,-1,160,1,1
196,190,-1,100,1,1
196,268,-1,121,1,1
196,396,-1,178,1,1
196,399,-1,153,1,1
196,695,-1,98,1,1
196,722,-1,36,1,0
197,96,-1,72,1,1
197,253,-1,62,1,1
197,347,-1,52,1,0
197,469,-1,86,1,1
197,501,-1,97,1,1
197,545,-1,89,1,1
197,766,-1,64,1,1
251,241,-1,176,1,1
251,255,-1,120,1,1
251,385,-1,141,1,1
251,500,-1,137,1,1
251,678,-1,74,1,1
251,737,-1,78,1,1
252,174,-1,44,1,0
252,198,-1,155,1,1
252,345,-1,67,1,1
252,432,-1,129,1,1
252,524,-1,69,1,1
252,548,-1,140,1,1
252,626,-1,128,1,1
252,655,-1,149,1,1
252,683,-1,77,1,1
252,795,-1,48,1,0
254,47,-1,137,1,1
254,138,-1,58,1,0
254,230,-1,67,1,1
254,267,-1,169,1,1
254,447,-1,121,1,1
254,470,-1,54,1,0
254,509,-1,129,1,1
297,134,-1,109,1,1
297,200,-1,53,1,0
297,271,-1,110,1,1
297,447,-1,73,1,1
297,482,-1,33,1,0
297,667,-1,55,1,0
297,680,-1,120,1,1
297,722,-1,109,1,1
297,732,-1,91,1,1
297,784,-1,143,1,1
298,11,-1,178,1,1
298,28,-1,26,1,0
298,206,-1,167,1,1
298,246,-1,84,1,1
298,282,-1,136,1,1
298,362,-1,108,1,1
298,369,-1,110,1,1
298,739,-1,147,1,1
311,344,-1,26,1,0
311,345,-1,117,1,1
311,378,-1,47,1,0
311,404,-1,43,1,0
311,494,-1,96,1,1
311,681,-1,104,1,1
311,706,-1,111,1,1
320,69,-1,53,1,0
320,347,-1,85,1,1
320,530,-1,27,1,0
320,578,-1,165,1,1
322,179,-1,42,1,0
322,257,-1,164,1,1
322,263,-1,63,1,1
322,269,-1,47,1,0
322,489,-1,178,1,1
335,19,-1,175,1,1
335,38,-1,68,1,1
335,143,-1,149,1,1
335,304,-1,115,1,1
335,506,-1,98,1,1
335,586,-1,158,1,1
335,592,-1,50,1,0
335,606,-1,147,1,1
335,672,-1,33,1,0
364,292,-1,119,1,1
364,381,-1,53,1,0
364,391,-1,20,1,0
364,410,-1,43,1,0
364,507,-1,107,1,1
364,563,-1,169,1,1
364,652,-1,172,1,1
364,700,-1,40,1,0
364,701,-1,66,1,1
364,706,-1,160,1,1
377,2,-1,49,1,0
377,11,-1,138,1,1
377,56,-1,135,1,1
377,66,-1,108,1,1
377,80,-1,155,1,1
377,196,-1,95,1,1
377,309,-1,73,1,1
377,392,-1,54,1,0
377,511,-1,81,1,1
377,727,-1,172,1,1
433,162,-1,116,1,1
433,206,-1,162,1,1
433,479,-1,171,1,1
433,490,-1,27,1,0
433,641,-1,22,1,0
433,692,-1,145,1,1
433,788,-1,45,1,0
440,1,-1,75,1,1
440,57,-1,54,1,0
440,348,-1,88,1,1
440,384,-1,180,1,1
440,617,-1,176,1,1
440,625,-1,167,1,1
440,675,-1,137,1,1
440,687,-1,55,1,0
440,699,-1,116,1,1
453,52,-1,119,1,1
453,130,-1,98,1,1
453,292,-1,66,1,1
453,314,-1,85,1,1
453,326,-1,125,1,1
453,634,-1,42,1,0
453,687,-1,175,1,1
510,166,-1,130,1,1
510,323,-1,69,1,1
510,380,-1,40,1,0
510,517,-1,178,1,1
510,741,-1,85,1,1
539,103,-1,171,1,1
539,289,-1,45,1,0
539,297,-1,172,1,1
539,549,-1,155,1,1
539,564,-1,56,1,0
539,566,-1,45,1,0
539,715,-1,113,1,1
561,121,-1,89,1,1
561,210,-1,100,1,1
561,245,-1,33,1,0
561,275,-1,79,1,1
561,306,-1,108,1,1
561,587,-1,153,1,1
561,653,-1,161,1,1
561,668,-1,96,1,1
561,675,-1,141,1,1
561,715,-1,172,1,1
561,729,-1,80,1,1
561,754,-1,94,1,1
561,769,-1,99,1,1
581,28,-1,58,1,0
581,217,-1,106,1,1
581,372,-1,29,1,0
602,51,-1,52,1,0
602,187,-1,136,1,1
602,216,-1,37,1,0
602,304,-1,164,1,1
602,347,-1,74,1,1
602,369,-1,85,1,1
602,491,-1,44,1,0
602,502,-1,48,1,0
602,590,-1,39,1,0
602,668,-1,147,1,1
602,776,-1,99,1,1
604,116,-1,23,1,0
604,166,-1,24,1,0
604,170,-1,44,1,0
604,259,-1,53,1,0
604,494,-1,140,1,1
604,592,-1,89,1,1
615,31,-1,136,1,1
615,79,-1,27,1,0
615,192,-1,75,1,1
615,295,-1,53,1,0
615,583,-1,162,1,1
615,595,-1,39,1,0
615,661,-1,135,1,1
615,697,-1,143,1,1
615,736,-1,30,1,0
616,6,-1,123,1,1
616,48,-1,65,1,1
616,219,-1,148,1,1
616,381,-1,127,1,1
616,472,-1,50,1,0
616,618,-1,108,1,1
616,659,-1,111,1,1
616,665,-1,41,1,0
616,666,-1,110,1,1
617,20,-1,136,1,1
617,22,-1,177,1,1
617,279,-1,176,1,1
617,291,-1,57,1,0
617,400,-1,90,1,1
617,495,-1,66,1,1
617,720,-1,133,1,1
620,319,-1,142,1,1
620,602,-1,139,1,1
620,659,-1,168,1,1
620,668,-1,41,1,0
620,757,-1,175,1,1
620,766,-1,61,1,1
621,129,-1,71,1,1
621,166,-1,178,1,1
621,198,-1,44,1,0
621,222,-1,169,1,1
621,223,-1,69,1,1
621,594,-1,33,1,0
629,146,-1,47,1,0
629,368,-1,35,1,0
629,407,-1,75,1,1
629,563,-1,174,1,1
665,332,-1,61,1,1
665,394,-1,137,1,1
665,424,-1,91,1,1
665,489,-1,154,1,1
665,502,-1,173,1,1
665,512,-1,77,1,1
665,516,-1,34,1,0
665,603,-1,71,1,1
665,670,-1,62,1,1
745,420,-1,150,1,1
745,505,-1,51,1,0
745,557,-1,57,1,0
745,581,-1,49,1,0
745,607,-1,153,1,1
745,612,-1,134,1,1
745,800,-1,144,1,1
752,7,-1,127,1,1
752,14,-1,101,1,1
752,19,-1,133,1,1
752,41,-1,67,1,1
752,104,-1,173,1,1
752,160,-1,75,1,1
752,187,-1,126,1,1
752,480,-1,86,1,1
752,511,-1,42,1,0
752,519,-1,107,1,1
752,567,-1,143,1,1
752,604,-1,25,1,0
764,327,-1,79,1,1
764,359,-1,23,1,0
764,510,-1,90,1,1
764,519,-1,172,1,1
764,524,-1,151,1,1
764,789,-1,40,1,0
770,105,-1,131,1,1
770,150,-1,25,1,0
770,264,-1,111,1,1
770,377,-1,153,1,1
770,432,-1,139,1,1
770,437,-1,54,1,0
770,507,-1,176,1,1
770,627,-1,174,1,1
770,628,-1,170,1,1
773,415,-1,129,1,1
773,512,-1,47,1,0
773,548,-1,170,1,1
773,638,-1,136,1,1
773,772,-1,159,1,1
792,222,-1,133,1,1
792,256,-1,107,1,1
792,257,-1,72,1,1
792,285,-1,22,1,0
792,400,-1,143,1,1
792,483,-1,62,1,1
792,605,-1,115,1,1
792,651,-1,82,1,1
792,674,-1,45,1,0
792,748,-1,36,1,0
812,259,-1,94,1,1
812,514,-1,146,1,1
812,551,-1,104,1,1
812,655,-1,102,1,1
812,730,-1,42,1,0
812,751,-1,150,1,1
812,768,-1,81,1,1
843,42,-1,44,1,0
843,136,-1,174,1,1
843,169,-1,39,1,0
843,396,-1,319,3,1
843,401,-1,140,1,1
843,418,-1,123,1,1
843,446,-1,62,1,1
843,477,-1,177,1,1
843,521,-1,171,1,1
859,3,-1,104,1,1
859,14,-1,31,1,0
859,316,-1,109,1,1
859,378,-1,167,1,1
859,381,-1,141,1,1
859,712,-1,170,1,1
859,752,-1,102,1,1
865,296,-1,166,1,1
865,375,-1,151,1,1
865,471,-1,60,1,1
865,497,-1,47,1,0
865,584,-1,28,1,0
865,686,-1,64,1,1
865,723,-1,68,1,1
865,734,-1,173,1,1
920,12,-1,25,1,0
920,45,-1,153,1,1
920,50,-1,79,1,1
920,127,-1,70,1,1
920,319,-1,24,1,0
920,357,-1,68,1,1
920,372,-1,131,1,1
920,374,-1,56,1,0
920,419,-1,56,1,0
920,427,-1,58,1,0
920,595,-1,102,1,1
920,648,-1,53,1,0
920,673,-1,91,1,1
920,798,-1,88,1,1
950,11,-1,85,1,1
950,20,-1,127,1,1
950,67,-1,51,1,0
950,70,-1,51,1,0
950,93,-1,171,1,1
950,108,-1,175,1,1
950,271,-1,178,1,1
950,318,-1,122,1,1
950,327,-1,159,1,1
950,491,-1,49,1,0
950,511,-1,163,1,1
950,633,-1,179,1,1
950,728,-1,54,1,0
950,764,-1,42,1,0
954,123,-1,41,1,0
954,198,-1,179,1,1
954,218,-1,110,1,1
954,259,-1,110,1,1
954,380,-1,29,1,0
954,486,-1,165,1,1
954,606,-1,147,1,1
954,611,-1,57,1,0
954,732,-1,96,1,1
966,32,-1,154,1,1
966,64,-1,102,1,1
966,104,-1,147,1,1
966,154,-1,162,1,1
966,300,-1,62,1,1
966,545,-1,145,1,1
966,776,-1,98,1,1
1091,228,-1,148,1,1
1091,283,-1,100,1,1
1091,318,-1,24,1,0
1091,578,-1,133,1,1
1091,638,-1,197,2,1
1091,685,-1,129,1,1
1091,711,-1,73,1,1
1091,761,-1,81,1,1
1246,273,-1,21,1,0
1246,316,-1,24,1,0
1246,327,-1,113,1,1
1246,359,-1,171,1,1
1246,409,-1,130,1,1
1246,534,-1,66,1,1
1246,553,-1,115,1,1
1246,580,-1,61,1,1
1246,607,-1,120,1,1
1271,74,-1,148,1,1
1271,164,-1,143,1,1
1271,343,-1,108,1,1
1271,358,-1,133,1,1
1271,395,-1,45,1,0
1271,764,-1,20,1,0
1281,113,-1,87,1,1
1281,175,-1,74,1,1
1281,272,-1,159,1,1
1281,277,-1,130,1,1
1281,338,-1,87,1,1
1281,346,-1,140,1,1
1281,360,-1,147,1,1
1281,413,-1,153,1,1
1281,455,-1,35,1,0
1281,469,-1,110,1,1
1281,629,-1,95,1,1
1359,2,-1,71,1,1
1359,47,-1,175,1,1
1359,259,-1,30,1,0
1359,492,-1,48,1,0
1359,525,-1,87,1,1
1359,534,-1,109,1,1
1359,663,-1,179,1,1
1366,231,-1,125,1,1
1366,331,-1,137,1,1
1366,591,-1,101,1,1
1366,616,-1,76,1,1
1368,74,-1,108,1,1
1368,122,-1,136,1,1
1368,145,-1,25,1,0
1368,349,-1,172,1,1
1368,352,-1,32,1,0
1368,433,-1,73,1,1
1368,768,-1,29,1,0
1402,144,-1,78,1,1
1402,162,-1,102,1,1
1402,315,-1,72,1,1
1402,378,-1,140,1,1
1402,403,-1,137,1,1
1402,717,-1,144,1,1
1402,749,-1,107,1,1
1417,155,-1,30,1,0
1417,298,-1,89,1,1
1417,492,-1,32,1,0
1417,673,-1,104,1,1
1422,63,-1,109,1,1
1422,174,-1,111,1,1
1422,178,-1,94,1,1
1422,359,-1,156,1,1
1422,422,-1,151,1,1
1422,436,-1,71,1,1
1422,450,-1,46,1,0
1422,497,-1,103,1,1
1422,498,-1,125,1,1
1422,727,-1,101,1,1
1429,76,-1,59,1,0
1429,282,-1,132,1,1
1429,375,-1,146,1,1
1429,391,-1,133,1,1
1429,557,-1,85,1,1
1429,623,-1,41,1,0
1429,683,-1,87,1,1
1441,25,-1,121,1,1
1441,34,-1,91,1,1
1441,221,-1,178,1,1
1441,332,-1,101,1,1
1441,513,-1,99,1,1
1441,576,-1,88,1,1
1441,594,-1,63,1,1
1441,627,-1,153,1,1
1441,681,-1,70,1,1
1441,691,-1,173,1,1
1452,44,-1,117,1,1
1452,64,-1,111,1,1
1452,85,-1,157,1,1
1452,163,-1,77,1,1
1452,561,-1,31,1,0
1452,573,-1,174,1,1
1452,617,-1,48,1,0
1452,642,-1,90,1,1
1452,757,-1,136,1,1
1491,12,-1,70,1,1
1491,77,-1,24,1,0
1491,160,-1,178,1,1
1491,485,-1,116,1,1
1491,602,-1,95,1,1
1572,7,-1,145,1,1
1572,203,-1,55,1,0
1572,240,-1,115,1,1
1572,293,-1,54,1,0
1572,608,-1,96,1,1
1572,646,-1,123,1,1
1572,743,-1,36,1,0
1579,50,-1,31,1,0
1579,137,-1,50,1,0
1579,171,-1,54,1,0
1579,275,-1,143,1,1
1579,537,-1,117,1,1
1579,702,-1,167,1,1
1620,104,-1,150,1,1
1620,227,-1,73,1,1
1620,232,-1,27,1,0
1620,238,-1,125,1,1
1620,245,-1,98,1,1
1620,591,-1,56,1,0
1620,722,-1,141,1,1
1724,98,-1,99,1,1
1724,129,-1,121,1,1
1724,156,-1,122,1,1
1724,173,-1,48,1,0
1724,198,-1,180,1,1
1724,251,-1,159,1,1
1724,305,-1,62,1,1
1724,517,-1,70,1,1
1724,673,-1,84,1,1
1724,675,-1,164,1,1
1724,737,-1,129,1,1
1734,88,-1,114,1,1
1734,305,-1,160,1,1
1734,333,-1,47,1,0
1734,445,-1,177,1,1
1734,480,-1,142,1,1
1734,574,-1,21,1,0
1813,27,-1,121,1,1
1813,44,-1,152,1,1
1813,77,-1,59,1,0
1813,150,-1,34,1,0
1813,217,-1,109,1,1
1813,401,-1,87,1,1
1813,484,-1,167,1,1
1813,497,-1,142,1,1
1813,620,-1,180,1,1
1813,745,-1,42,1,0
1813,781,-1,109,1,1
1813,784,-1,50,1,0
1892,23,-1,48,1,0
1892,113,-1,86,1,1
1892,418,-1,167,1,1
1892,470,-1,64,1,1
1892,471,-1,25,1,0
1892,556,-1,166,1,1
1892,691,-1,59,1,0
1892,733,-1,35,1,0
1892,758,-1,58,1,0
1895,66,-1,74,1,1
1895,113,-1,87,1,1
1895,138,-1,53,1,0
1895,200,-1,162,1,1
1895,652,-1,178,1,1
2046,55,-1,102,1,1
2046,72,-1,41,1,0
2046,168,-1,58,1,0
2046,292,-1,173,1,1
2046,353,-1,72,1,1
2046,393,-1,118,1,1
2046,573,-1,170,1,1
2046,662,-1,171,1,1
2046,711,-1,36,1,0
2056,384,-1,24,1,0
2056,443,-1,106,1,1
2056,445,-1,162,1,1
2056,530,-1,149,1,1
2056,577,-1,84,1,1
2056,595,-1,62,1,1
2056,596,-1,89,1,1
2056,638,-1,24,1,0
2056,751,-1,45,1,0
2064,112,-1,158,1,1
2064,397,-1,87,1,1
2064,411,-1,120,1,1
2064,413,-1,134,1,1
2064,448,-1,83,1,1
2064,464,-1,85,1,1
2064,543,-1,121,1,1
2064,621,-1,120,1,1
2064,784,-1,137,1,1
2105,37,-1,46,1,0
2105,297,-1,148,1,1
2105,319,-1,118,1,1
2105,365,-1,150,1,1
2105,442,-1,110,1,1
2105,496,-1,56,1,0
2105,643,-1,25,1,0
2109,77,-1,54,1,0
2109,101,-1,124,1,1
2109,195,-1,137,1,1
2109,273,-1,135,1,1
2109,379,-1,132,1,1
2109,492,-1,147,1,1
2109,558,-1,53,1,0
2109,779,-1,31,1,0
2123,3,-1,40,1,0
2123,97,-1,48,1,0
2123,481,-1,26,1,0
2123,635,-1,140,1,1
2123,665,-1,153,1,1
2123,718,-1,142,1,1
2155,66,-1,46,1,0
2155,330,-1,125,1,1
2155,590,-1,82,1,1
2155,701,-1,42,1,0
2155,716,-1,37,1,0
2155,731,-1,24,1,0
2193,41,-1,219,2,1
2193,73,-1,94,1,1
2193,131,-1,101,1,1
2193,179,-1,150,1,1
2193,247,-1,163,1,1
2193,354,-1,51,1,0
2193,374,-1,166,1,1
2193,501,-1,142,1,1
2193,526,-1,161,1,1
2193,635,-1,171,1,1
2193,684,-1,99,1,1
2193,691,-1,61,1,1
2193,718,-1,62,1,1
2251,106,-1,114,1,1
2251,208,-1,27,1,0
2251,472,-1,81,1,1
2251,526,-1,69,1,1
2251,530,-1,133,1,1
2251,646,-1,115,1,1
2251,751,-1,55,1,0
2251,755,-1,21,1,0
2251,781,-1,137,1,1
2251,800,-1,154,1,1
2280,352,-1,147,1,1
2280,430,-1,31,1,0
2280,550,-1,124,1,1
2280,572,-1,52,1,0
2280,639,-1,102,1,1
2280,767,-1,34,1,0
2293,18,-1,174,1,1
2293,22,-1,84,1,1
2293,32,-1,62,1,1
2293,116,-1,164,1,1
2293,190,-1,113,1,1
2293,210,-1,119,1,1
2293,269,-1,157,1,1
2293,327,-1,152,1,1
2293,335,-1,93,1,1
2293,383,-1,121,1,1
2293,468,-1,53,1,0
2293,491,-1,127,1,1
2293,644,-1,43,1,0
2293,733,-1,57,1,0
2293,748,-1,65,1,1
2330,59,-1,127,1,1
2330,124,-1,33,1,0
2330,326,-1,68,1,1
2330,355,-1,322,2,1
2330,370,-1,131,1,1
2330,374,-1,157,1,1
2330,384,-1,88,1,1
2330,779,-1,175,1,1
4032,160,-1,108,1,1
4032,308,-1,35,1,0
4032,437,-1,117,1,1
4032,508,-1,146,1,1
4032,786,-1,165,1,1
4232,133,-1,43,1,0
4232,289,-1,122,1,1
4232,352,-1,130,1,1
4232,355,-1,25,1,0
4232,526,-1,163,1,1
4232,531,-1,165,1,1
4232,593,-1,149,1,1
4232,691,-1,93,1,1
4232,740,-1,92,1,1
4232,774,-1,97,1,1
4247,53,-1,108,1,1
4247,62,-1,121,1,1
4247,121,-1,21,1,0
4247,185,-1,100,1,1
4247,253,-1,124,1,1
4247,273,-1,116,1,1
4247,573,-1,108,1,1
4247,725,-1,51,1,0
4327,9,-1,70,1,1
4327,67,-1,68,1,1
4327,90,-1,102,1,1
4327,257,-1,50,1,0
4327,365,-1,20,1,0
4327,452,-1,139,1,1
4327,498,-1,63,1,1
4327,607,-1,179,1,1
4327,615,-1,61,1,1
4327,676,-1,62,1,1
4553,7,-1,110,1,1
4553,63,-1,146,1,1
4553,273,-1,136,1,1
4553,403,-1,140,1,1
4553,434,-1,30,1,0
4553,466,-1,26,1,0
4553,574,-1,165,1,1
4553,713,-1,32,1,0
4584,59,-1,180,1,1
4584,63,-1,72,1,1
4584,268,-1,144,1,1
4584,341,-1,79,1,1
4584,389,-1,259,2,1
4584,427,-1,41,1,0
4584,509,-1,165,1,1
4584,532,-1,29,1,0
4584,647,-1,103,1,1
4584,674,-1,112,1,1
4584,724,-1,171,1,1
4584,748,-1,144,1,1
4584,794,-1,90,1,1
4951,159,-1,171,1,1
4951,330,-1,98,1,1
4951,371,-1,20,1,0
4951,391,-1,69,1,1
4951,409,-1,172,1,1
4951,415,-1,59,1,0
4951,503,-1,57,1,0
4951,519,-1,124,1,1
4951,604,-1,170,1,1
4951,677,-1,119,1,1
4951,707,-1,69,1,1
4951,718,-1,141,1,1
4951,719,-1,107,1,1
5174,155,-1,105,1,1
5174,186,-1,61,1,1
5174,480,-1,42,1,0
5174,551,-1,170,1,1
5528,25,-1,78,1,1
5528,88,-1,122,1,1
5528,153,-1,54,1,0
5528,256,-1,31,1,0
5528,331,-1,178,1,1
5528,370,-1,51,1,0
5528,372,-1,167,1,1
5528,385,-1,172,1,1
5528,532,-1,20,1,0
5528,712,-1,156,1,1
5925,3,-1,117,1,1
5925,75,-1,82,1,1
5925,298,-1,72,1,1
5925,353,-1,164,1,1
5925,356,-1,39,1,0
5925,370,-1,60,1,1
5925,418,-1,108,1,1
5925,669,-1,99,1,1
5925,762,-1,174,1,1
6114,119,-1,149,1,1
6114,315,-1,73,1,1
6114,335,-1,75,1,1
6114,438,-1,139,1,1
6114,497,-1,156,1,1
6114,586,-1,33,1,0
6114,618,-1,57,1,0
6114,646,-1,109,1,1
6114,660,-1,76,1,1
6844,73,-1,75,1,1
6844,113,-1,119,1,1
6844,307,-1,157,1,1
6844,308,-1,67,1,1
6844,321,-1,160,1,1
6844,428,-1,74,1,1
6844,438,-1,170,1,1
6844,643,-1,174,1,1
6844,667,-1,151,1,1
6980,113,-1,84,1,1
6980,115,-1,96,1,1
6980,255,-1,82,1,1
6980,263,-1,116,1,1
6980,321,-1,41,1,0
6980,362,-1,58,1,0
6980,439,-1,148,1,1
6980,456,-1,152,1,1
6980,481,-1,157,1,1
6980,749,-1,143,1,1
7131,24,-1,46,1,0
7131,231,-1,122,1,1
7131,264,-1,81,1,1
7131,421,-1,65,1,1
7131,553,-1,64,1,1
7131,599,-1,160,1,1
7326,44,-1,68,1,1
7326,48,-1,127,1,1
7326,132,-1,245,2,1
7326,137,-1,90,1,1
7326,199,-1,150,1,1
7326,332,-1,120,1,1
7326,344,-1,73,1,1
7326,376,-1,112,1,1
7326,405,-1,113,1,1
7446,7,-1,61,1,1
7446,77,-1,104,1,1
7446,307,-1,100,1,1
7446,475,-1,106,1,1
7446,477,-1,97,1,1
7446,590,-1,157,1,1
7446,597,-1,119,1,1
7446,764,-1,23,1,0
7446,793,-1,126,1,1
7863,43,-1,36,1,0
7863,627,-1,86,1,1
7863,768,-1,68,1,1
8055,206,-1,115,1,1
8055,214,-1,90,1,1
8055,369,-1,70,1,1
8055,412,-1,30,1,0
8055,581,-1,121,1,1
8055,722,-1,36,1,0
8077,456,-1,153,1,1
8077,515,-1,28,1,0
8077,575,-1,157,1,1
8077,670,-1,60,1,1
8195,61,-1,20,1,0
8195,425,-1,103,1,1
8195,429,-1,158,1,1
8195,739,-1,111,1,1
8195,800,-1,30,1,0
8363,112,-1,162,1,1
8363,113,-1,29,1,0
8363,264,-1,25,1,0
8363,315,-1,178,1,1
8363,344,-1,163,1,1
8363,415,-1,150,1,1
8363,794,-1,118,1,1
8392,87,-1,25,1,0
8392,93,-1,101,1,1
8392,542,-1,173,1,1
8392,548,-1,75,1,1
8392,655,-1,72,1,1
8392,661,-1,75,1,1
8392,748,-1,41,1,0
8392,749,-1,159,1,1
8392,794,-1,158,1,1
8467,174,-1,163,1,1
8467,409,-1,51,1,0
8467,552,-1,69,1,1
8467,590,-1,47,1,0
8467,634,-1,93,1,1
8467,702,-1,132,1,1
8467,712,-1,122,1,1
8584,20,-1,131,1,1
8584,85,-1,171,1,1
8584,286,-1,125,1,1
8584,302,-1,149,1,1
8584,379,-1,62,1,1
8584,782,-1,65,1,1
8584,791,-1,129,1,1
8835,24,-1,24,1,0
8835,134,-1,59,1,0
8835,169,-1,132,1,1
8835,192,-1,169,1,1
8835,257,-1,24,1,0
8835,294,-1,58,1,0
8835,331,-1,88,1,1
8835,386,-1,32,1,0
8835,388,-1,167,1,1
8835,495,-1,139,1,1
8835,586,-1,157,1,1
8835,622,-1,152,1,1
8835,699,-1,71,1,1
8835,707,-1,131,1,1
8835,792,-1,94,1,1
8920,12,-1,78,1,1
8920,199,-1,152,1,1
8920,254,-1,116,1,1
8920,339,-1,174,1,1
8920,356,-1,89,1,1
8920,499,-1,57,1,0
8920,559,-1,142,1,1
8920,583,-1,173,1,1
8920,654,-1,38,1,0
8920,713,-1,22,1,0
9035,82,-1,180,1,1
9035,149,-1,63,1,1
9035,199,-1,112,1,1
9035,219,-1,34,1,0
9035,246,-1,158,1,1
9035,293,-1,141,1,1
9035,328,-1,103,1,1
9035,368,-1,90,1,1
9035,375,-1,104,1,1
9035,387,-1,88,1,1
9035,623,-1,138,1,1
9035,701,-1,133,1,1
9072,162,-1,154,1,1
9072,199,-1,140,1,1
9072,475,-1,176,1,1
9072,561,-1,83,1,1
9072,619,-1,110,1,1
9072,689,-1,69,1,1
9074,139,-1,100,1,1
9074,197,-1,23,1,0
9074,252,-1,81,1,1
9074,320,-1,131,1,1
9074,335,-1,66,1,1
9074,428,-1,82,1,1
9074,430,-1,29,1,0
9074,683,-1,157,1,1
9074,754,-1,70,1,1
9074,759,-1,175,1,1
9340,62,-1,135,1,1
9340,84,-1,65,1,1
9340,278,-1,152,1,1
9340,353,-1,73,1,1
9353,13,-1,107,1,1
9353,108,-1,112,1,1
9353,135,-1,33,1,0
9353,272,-1,79,1,1
9353,347,-1,75,1,1
9353,583,-1,153,1,1
9398,20,-1,70,1,1
9398,44,-1,131,1,1
9398,62,-1,147,1,1
9398,139,-1,137,1,1
9398,150,-1,171,1,1
9398,168,-1,110,1,1
9398,171,-1,116,1,1
9398,257,-1,42,1,0
9398,424,-1,72,1,1
9398,494,-1,127,1,1
9398,505,-1,86,1,1
9399,8,-1,100,1,1
9399,244,-1,28,1,0
9399,494,-1,35,1,0
9444,140,-1,113,1,1
9444,321,-1,21,1,0
9444,446,-1,52,1,0
9444,555,-1,181,2,1
9444,664,-1,154,1,1
9444,792,-1,133,1,1
9470,20,-1,88,1,1
9470,43,-1,158,1,1
9470,120,-1,125,1,1
9470,174,-1,163,1,1
9470,335,-1,108,1,1
9470,585,-1,162,1,1
9470,646,-1,48,1,0
9470,699,-1,47,1,0
9487,2,-1,173,1,1
9487,86,-1,74,1,1
9487,89,-1,35,1,0
9487,281,-1,49,1,0
9487,309,-1,75,1,1
9487,431,-1,174,1,1
9487,560,-1,174,1,1
9487,770,-1,64,1,1
9487,793,-1,40,1,0
9487,797,-1,89,1,1
9637,242,-1,96,1,1
9637,319,-1,123,1,1
9637,629,-1,143,1,1
9637,724,-1,20,1,0
9637,745,-1,155,1,1
9655,407,-1,47,1,0
9655,456,-1,22,1,0
9655,552,-1,87,1,1
9655,576,-1,53,1,0
9655,632,-1,28,1,0
9753,96,-1,167,1,1
9753,199,-1,147,1,1
9753,257,-1,169,1,1
9753,326,-1,94,1,1
9753,600,-1,92,1,1
9753,608,-1,91,1,1
9753,623,-1,24,1,0
9753,735,-1,168,1,1
9769,42,-1,176,1,1
9769,157,-1,72,1,1
9769,162,-1,42,1,0
9769,208,-1,111,1,1
9769,214,-1,152,1,1
9769,233,-1,90,1,1
9769,324,-1,80,1,1
9769,416,-1,64,1,1
9769,430,-1,157,1,1
9769,476,-1,61,1,1
9820,104,-1,44,1,0
9820,341,-1,173,1,1
9820,486,-1,108,1,1
9820,605,-1,111,1,1
9880,227,-1,46,1,0
9880,390,-1,112,1,1
9880,744,-1,115,1,1
9880,781,-1,161,1,1
9893,192,-1,168,1,1
9893,231,-1,45,1,0
9893,241,-1,108,1,1
9893,485,-1,114,1,1
9893,517,-1,52,1,0
9893,700,-1,111,1,1
9893,722,-1,85,1,1
9893,762,-1,73,1,1
9902,23,-1,168,1,1
9902,60,-1,68,1,1
9902,73,-1,59,1,0
9902,129,-1,155,1,1
9902,180,-1,135,1,1
9902,507,-1,134,1,1
9902,518,-1,165,1,1
9902,570,-1,127,1,1
9902,606,-1,71,1,1
9902,667,-1,29,1,0
9902,730,-1,25,1,0
10066,62,-1,134,1,1
10066,114,-1,140,1,1
10066,409,-1,32,1,0
10066,435,-1,164,1,1
10066,473,-1,124,1,1
10066,600,-1,130,1,1
10066,659,-1,83,1,1
10066,679,-1,40,1,0
10066,722,-1,66,1,1
10066,766,-1,54,1,0
10144,19,-1,31,1,0
10144,141,-1,166,1,1
10144,207,-1,94,1,1
10144,284,-1,164,1,1
10144,330,-1,81,1,1
10144,334,-1,156,1,1
10144,634,-1,20,1,0
10144,662,-1,94,1,1
10144,697,-1,30,1,0
10144,797,-1,34,1,0
10193,310,-1,160,1,1
10193,332,-1,132,1,1
10193,416,-1,59,1,0
10193,423,-1,20,1,0
10193,668,-1,178,1,1
10193,674,-1,135,1,1
10198,234,-1,142,1,1
10198,363,-1,107,1,1
10198,422,-1,62,1,1
10198,477,-1,111,1,1
10198,501,-1,161,1,1
10198,582,-1,78,1,1
10198,588,-1,24,1,0
10198,597,-1,70,1,1
10198,725,-1,151,1,1
10198,731,-1,144,1,1
10198,734,-1,51,1,0
10198,774,-1,143,1,1
10431,63,-1,135,1,1
10431,270,-1,115,1,1
10431,432,-1,66,1,1
10431,463,-1,172,1,1
10431,590,-1,108,1,1
10431,679,-1,89,1,1
10431,729,-1,93,1,1
10476,141,-1,124,1,1
10476,296,-1,139,1,1
10476,310,-1,124,1,1
10476,759,-1,116,1,1
10527,74,-1,108,1,1
10527,78,-1,37,1,0
10527,110,-1,108,1,1
10527,223,-1,108,1,1
10527,237,-1,90,1,1
10527,263,-1,147,1,1
10527,269,-1,93,1,1
10527,500,-1,172,1,1
10527,623,-1,31,1,0
10530,24,-1,103,1,1
10530,179,-1,68,1,1
10530,211,-1,64,1,1
10530,250,-1,178,1,1
10530,280,-1,118,1,1
10530,304,-1,30,1,0
10530,307,-1,102,1,1
10530,386,-1,21,1,0
10530,392,-1,127,1,1
10530,478,-1,110,1,1
10530,516,-1,45,1,0
10530,530,-1,164,1,1
10530,545,-1,176,1,1
10536,244,-1,56,1,0
10536,307,-1,127,1,1
10536,504,-1,106,1,1
10536,532,-1,28,1,0
10536,565,-1,93,1,1
10536,649,-1,143,1,1
10536,788,-1,134,1,1
10625,105,-1,59,1,0
10625,113,-1,97,1,1
10625,236,-1,120,1,1
10625,512,-1,80,1,1
10625,536,-1,173,1,1
10625,560,-1,140,1,1
10625,600,-1,152,1,1
10625,660,-1,69,1,1
10625,671,-1,59,1,0
10625,718,-1,121,1,1
10625,761,-1,46,1,0
10674,106,-1,161,1,1
10674,129,-1,174,1,1
10674,302,-1,84,1,1
10674,375,-1,161,1,1
10674,481,-1,114,1,1
10674,581,-1,95,1,1
10674,588,-1,40,1,0
10674,637,-1,175,1,1
10674,665,-1,147,1,1
10730,21,-1,172,1,1
10730,52,-1,118,1,1
10730,183,-1,124,1,1
10730,284,-1,42,1,0
10730,389,-1,31,1,0
10730,422,-1,78,1,1
10730,559,-1,134,1,1
10730,596,-1,91,1,1
10730,672,-1,40,1,0
10764,15,-1,43,1,0
10764,52,-1,38,1,0
10764,54,-1,176,1,1
10764,305,-1,47,1,0
10764,352,-1,89,1,1
10764,356,-1,66,1,1
10764,390,-1,103,1,1
10764,429,-1,65,1,1
10764,465,-1,105,1,1
10764,627,-1,23,1,0
10796,8,-1,54,1,0
10796,263,-1,131,1,1
10796,334,-1,84,1,1
10796,448,-1,28,1,0
10796,519,-1,34,1,0
10796,600,-1,54,1,0
10796,680,-1,21,1,0
10796,779,-1,98,1,1
10796,792,-1,26,1,0
10830,180,-1,141,1,1
10830,195,-1,67,1,1
10830,378,-1,174,1,1
10830,449,-1,33,1,0
10830,452,-1,136,1,1
10830,470,-1,25,1,0
10830,608,-1,49,1,0
10830,797,-1,155,1,1
10867,39,-1,90,1,1
10867,188,-1,163,1,1
10867,227,-1,41,1,0
10867,242,-1,71,1,1
10867,309,-1,142,1,1
10867,366,-1,126,1,1
10867,423,-1,34,1,0
10867,678,-1,145,1,1
10895,55,-1,65,1,1
10895,199,-1,26,1,0
10895,212,-1,170,1,1
10895,318,-1,173,1,1
10895,329,-1,81,1,1
10895,330,-1,148,1,1
10895,466,-1,136,1,1
10895,541,-1,155,1,1
10895,548,-1,165,1,1
10895,729,-1,53,1,0
10895,736,-1,40,1,0
10895,799,-1,138,1,1
11011,35,-1,180,1,1
11011,69,-1,47,1,0
11011,109,-1,38,1,0
11011,526,-1,69,1,1
11011,618,-1,162,1,1
11011,771,-1,153,1,1
11153,389,-1,81,1,1
11153,473,-1,144,1,1
11153,619,-1,161,1,1
11199,288,-1,95,1,1
11199,332,-1,109,1,1
11199,404,-1,50,1,0
11199,455,-1,58,1,0
11199,507,-1,109,1,1
11199,518,-1,85,1,1
11199,663,-1,33,1,0
11199,712,-1,165,1,1
11199,773,-1,175,1,1
11224,106,-1,104,1,1
11224,110,-1,166,1,1
11224,286,-1,70,1,1
11224,350,-1,36,1,0
11224,387,-1,68,1,1
11224,480,-1,125,1,1
11224,521,-1,23,1,0
11224,594,-1,52,1,0
11224,672,-1,39,1,0
11224,698,-1,111,1,1
11230,87,-1,120,1,1
11230,202,-1,80,1,1
11230,296,-1,134,1,1
11230,305,-1,129,1,1
11230,401,-1,63,1,1
11230,530,-1,170,1,1
11230,583,-1,106,1,1
11230,741,-1,92,1,1
11230,750,-1,106,1,1
11360,282,-1,121,1,1
11360,440,-1,167,1,1
11360,484,-1,108,1,1
11360,524,-1,32,1,0
11360,735,-1,37,1,0
11448,72,-1,35,1,0
11448,80,-1,110,1,1
11448,153,-1,90,1,1
11448,170,-1,45,1,0
11448,415,-1,76,1,1
11448,499,-1,103,1,1
11448,515,-1,82,1,1
11448,578,-1,179,1,1
11448,615,-1,167,1,1
11448,647,-1,28,1,0
11459,38,-1,79,1,1
11459,148,-1,47,1,0
11459,228,-1,102,1,1
11459,317,-1,56,1,0
11459,651,-1,68,1,1
11528,38,-1,47,1,0
11528,134,-1,97,1,1
11528,286,-1,71,1,1
11528,309,-1,46,1,0
11528,367,-1,39,1,0
11528,419,-1,151,1,1
11528,517,-1,109,1,1
11528,603,-1,34,1,0
11528,636,-1,114,1,1
11528,728,-1,59,1,0
11528,734,-1,162,1,1
11528,759,-1,75,1,1
11544,52,-1,99,1,1
11544,151,-1,132,1,1
11544,304,-1,134,1,1
11544,385,-1,114,1,1
11544,453,-1,101,1,1
11544,506,-1,80,1,1
11544,516,-1,176,1,1
11544,536,-1,104,1,1
11544,554,-1,52,1,0
11544,575,-1,114,1,1
11544,644,-1,44,1,0
11544,710,-1,95,1,1
11544,743,-1,155,1,1
11635,161,-1,136,1,1
11635,236,-1,57,1,0
11635,343,-1,150,1,1
11635,349,-1,144,1,1
11635,395,-1,26,1,0
11635,414,-1,159,1,1
11635,441,-1,98,1,1
11635,451,-1,62,1,1
11635,452,-1,166,1,1
11635,506,-1,159,1,1
11635,518,-1,112,1,1
11635,627,-1,180,1,1
11635,641,-1,173,1,1
11635,715,-1,132,1,1
11667,93,-1,122,1,1
11667,96,-1,110,1,1
11667,99,-1,107,1,1
11667,104,-1,140,1,1
11667,215,-1,68,1,1
11667,542,-1,22,1,0
11667,554,-1,105,1,1
11667,573,-1,169,1,1
11667,761,-1,108,1,1
11688,196,-1,33,1,0
11688,320,-1,98,1,1
11688,355,-1,94,1,1
11688,500,-1,46,1,0
11688,515,-1,73,1,1
11688,543,-1,20,1,0
11688,724,-1,83,1,1
11688,759,-1,20,1,0
11775,4,-1,113,1,1
11775,504,-1,112,1,1
11775,647,-1,146,1,1
11775,749,-1,162,1,1
11775,765,-1,20,1,0
11852,44,-1,146,1,1
11852,107,-1,161,1,1
11852,206,-1,71,1,1
11852,210,-1,166,1,1
11852,212,-1,132,1,1
11852,285,-1,133,1,1
11852,357,-1,154,1,1
11852,443,-1,25,1,0
11852,472,-1,29,1,0
11852,511,-1,178,1,1
11852,515,-1,43,1,0
11852,732,-1,50,1,0
11852,741,-1,179,1,1
11932,37,-1,31,1,0
11932,101,-1,87,1,1
11932,156,-1,150,1,1
11932,178,-1,106,1,1
11932,319,-1,124,1,1
11932,450,-1,141,1,1
11932,561,-1,79,1,1
11932,609,-1,49,1,0
11932,642,-1,171,1,1
11932,771,-1,30,1,0
11970,112,-1,30,1,0
11970,147,-1,105,1,1
11970,194,-1,80,1,1
11970,251,-1,160,1,1
11970,494,-1,84,1,1
11970,515,-1,68,1,1
11970,539,-1,148,1,1
11970,617,-1,160,1,1
11970,690,-1,129,1,1
11970,694,-1,28,1,0
11970,714,-1,146,1,1
12193,70,-1,96,1,1
12193,91,-1,170,1,1
12193,302,-1,179,1,1
12193,347,-1,149,1,1
12193,416,-1,135,1,1
12193,420,-1,56,1,0
12193,451,-1,170,1,1
12193,589,-1,77,1,1
12193,691,-1,58,1,0
12193,778,-1,170,1,1
12193,785,-1,75,1,1
12222,94,-1,116,1,1
12222,257,-1,177,1,1
12222,272,-1,30,1,0
12222,398,-1,94,1,1
12222,564,-1,114,1,1
12222,687,-1,91,1,1
12230,12,-1,92,1,1
12230,23,-1,61,1,1
12230,53,-1,70,1,1
12230,94,-1,103,1,1
12230,98,-1,169,1,1
12230,124,-1,86,1,1
12230,219,-1,55,1,0
12230,250,-1,84,1,1
12230,672,-1,172,1,1
12230,770,-1,111,1,1
12503,50,-1,62,1,1
12503,68,-1,35,1,0
12503,174,-1,53,1,0
12503,258,-1,43,1,0
12503,268,-1,34,1,0
12503,362,-1,109,1,1
12503,390,-1,80,1,1
12503,424,-1,180,1,1
12503,430,-1,30,1,0
12503,650,-1,135,1,1
12503,728,-1,92,1,1
12665,14,-1,40,1,0
12665,155,-1,122,1,1
12665,192,-1,129,1,1
12665,204,-1,159,1,1
12665,238,-1,93,1,1
12665,310,-1,33,1,0
12665,485,-1,59,1,0
12665,510,-1,69,1,1
12665,663,-1,171,1,1
12665,726,-1,102,1,1
13161,8,-1,172,1,1
13161,68,-1,157,1,1
13161,274,-1,86,1,1
13161,288,-1,60,1,1
13161,579,-1,48,1,0
13161,672,-1,121,1,1
13161,722,-1,25,1,0
13187,20,-1,69,1,1
13187,320,-1,116,1,1
13187,409,-1,170,1,1
13187,437,-1,171,1,1
13187,519,-1,94,1,1
13187,565,-1,72,1,1
13187,660,-1,29,1,0
13187,718,-1,112,1,1
13394,29,-1,28,1,0
13394,110,-1,173,1,1
13394,304,-1,94,1,1
13394,313,-1,29,1,0
13394,471,-1,109,1,1
13394,582,-1,29,1,0
13394,616,-1,91,1,1
13394,629,-1,272,2,1
13394,718,-1,149,1,1
13394,771,-1,180,1,1
13394,800,-1,105,1,1
13448,24,-1,39,1,0
13448,106,-1,116,1,1
13448,251,-1,126,1,1
13448,349,-1,153,1,1
13448,640,-1,126,1,1
13448,675,-1,44,1,0
13461,76,-1,67,1,1
13461,194,-1,93,1,1
13461,266,-1,48,1,0
13461,301,-1,90,1,1
13461,489,-1,144,1,1
13461,552,-1,177,1,1
13461,559,-1,167,1,1
13461,608,-1,148,1,1
13461,720,-1,98,1,1
13461,730,-1,153,1,1
13764,22,-1,117,1,1
13764,351,-1,151,1,1
13764,443,-1,151,1,1
13764,551,-1,168,1,1
13767,137,-1,50,1,0
13767,147,-1,172,1,1
13767,300,-1,137,1,1
13767,384,-1,99,1,1
13767,566,-1,84,1,1
13962,72,-1,59,1,0
13962,111,-1,96,1,1
13962,142,-1,143,1,1
13962,154,-1,28,1,0
13962,188,-1,91,1,1
13962,296,-1,76,1,1
14243,9,-1,75,1,1
14243,87,-1,40,1,0
14243,165,-1,169,1,1
14243,183,-1,33,1,0
14243,343,-1,132,1,1
14243,449,-1,156,1,1
14243,471,-1,117,1,1
14243,483,-1,112,1,1
14243,505,-1,134,1,1
14243,534,-1,42,1,0
14243,579,-1,149,1,1
14243,619,-1,69,1,1
14243,707,-1,96,1,1
14243,748,-1,34,1,0
14709,132,-1,29,1,0
14709,162,-1,27,1,0
14709,465,-1,162,1,1
14709,697,-1,105,1,1
14709,723,-1,33,1,0
14709,768,-1,70,1,1
14926,49,-1,113,1,1
14926,142,-1,53,1,0
14926,251,-1,119,1,1
14926,260,-1,70,1,1
14926,278,-1,81,1,1
14926,290,-1,103,1,1
14926,413,-1,32,1,0
14926,446,-1,154,1,1
14926,584,-1,170,1,1
14926,598,-1,32,1,0
15167,38,-1,164,1,1
15167,61,-1,273,2,1
15167,208,-1,83,1,1
15167,303,-1,30,1,0
15167,351,-1,141,1,1
15167,545,-1,116,1,1
15167,650,-1,151,1,1
15167,682,-1,41,1,0
15167,689,-1,91,1,1
15167,738,-1,49,1,0
15472,19,-1,102,1,1
15472,220,-1,146,1,1
15472,231,-1,30,1,0
15472,310,-1,177,1,1
15472,314,-1,119,1,1
15472,330,-1,66,1,1
15472,424,-1,32,1,0
15472,491,-1,136,1,1
15472,623,-1,65,1,1
15472,633,-1,109,1,1
15566,43,-1,109,1,1
15566,88,-1,75,1,1
15566,127,-1,37,1,0
15566,128,-1,175,1,1
15566,134,-1,94,1,1
15566,277,-1,21,1,0
15566,400,-1,118,1,1
15566,410,-1,52,1,0
15566,458,-1,139,1,1
15566,583,-1,101,1,1
15566,653,-1,49,1,0
15934,153,-1,157,1,1
15934,221,-1,64,1,1
15934,353,-1,112,1,1
15934,358,-1,92,1,1
15934,386,-1,117,1,1
15934,448,-1,161,1,1
15934,474,-1,116,1,1
15934,524,-1,51,1,0
15934,651,-1,153,1,1
15934,681,-1,161,1,1
15934,688,-1,63,1,1
15934,709,-1,84,1,1
15934,730,-1,58,1,0
16295,40,-1,86,1,1
16295,45,-1,179,1,1
16295,407,-1,127,1,1
16295,420,-1,70,1,1
16295,510,-1,168,1,1
16295,668,-1,123,1,1
16295,707,-1,24,1,0
16716,86,-1,132,1,1
16716,118,-1,137,1,1
16716,149,-1,50,1,0
16716,348,-1,164,1,1
16716,512,-1,30,1,0
16716,575,-1,49,1,0
16716,774,-1,180,1,1
17379,134,-1,140,1,1
17379,173,-1,104,1,1
17379,199,-1,75,1,1
17379,266,-1,146,1,1
17379,351,-1,109,1,1
17379,372,-1,146,1,1
17379,385,-1,103,1,1
17379,481,-1,169,1,1
17379,590,-1,40,1,0
17379,608,-1,79,1,1
17379,741,-1,109,1,1
17379,763,-1,23,1,0
17379,783,-1,101,1,1
18239,19,-1,60,1,1
18239,95,-1,89,1,1
18239,168,-1,56,1,0
18239,174,-1,101,1,1
18239,223,-1,143,1,1
18239,427,-1,30,1,0
18239,436,-1,170,1,1
18239,493,-1,99,1,1
18239,569,-1,33,1,0
18239,581,-1,31,1,0
18239,592,-1,160,1,1
18239,602,-1,63,1,1
18239,746,-1,127,1,1
18240,18,-1,38,1,0
18240,53,-1,152,1,1
18240,102,-1,173,1,1
18240,221,-1,101,1,1
18240,234,-1,103,1,1
18240,429,-1,79,1,1
18240,520,-1,138,1,1
19595,90,-1,66,1,1
19595,222,-1,175,1,1
19595,299,-1,109,1,1
19595,349,-1,178,1,1
19595,377,-1,136,1,1
19595,433,-1,152,1,1
19595,506,-1,149,1,1
19595,699,-1,158,1,1
19595,732,-1,54,1,0
19595,769,-1,176,1,1
19595,786,-1,117,1,1
19904,391,-1,175,1,1
19904,398,-1,102,1,1
19904,754,-1,25,1,0
19913,92,-1,21,1,0
19913,148,-1,36,1,0
19913,193,-1,174,1,1
19913,245,-1,167,1,1
19913,254,-1,165,1,1
19913,321,-1,31,1,0
19913,357,-1,151,1,1
19913,640,-1,171,1,1
19913,716,-1,120,1,1
20453,123,-1,26,1,0
20453,192,-1,81,1,1
20453,773,-1,101,1,1
20526,32,-1,86,1,1
20526,126,-1,28,1,0
20526,253,-1,86,1,1
20526,293,-1,34,1,0
20526,342,-1,68,1,1
20526,417,-1,48,1,0
20526,419,-1,169,1,1
20526,583,-1,93,1,1
20526,796,-1,81,1,1
21407,157,-1,146,1,1
21407,401,-1,36,1,0
21407,592,-1,118,1,1
21407,604,-1,31,1,0
21407,762,-1,109,1,1
21778,156,-1,34,1,0
21778,164,-1,24,1,0
21778,167,-1,158,1,1
21778,404,-1,33,1,0
21778,465,-1,166,1,1
21778,484,-1,128,1,1
21778,750,-1,52,1,0
21778,797,-1,169,1,1
21778,798,-1,48,1,0
22705,96,-1,45,1,0
22705,178,-1,124,1,1
22705,192,-1,71,1,1
22705,425,-1,99,1,1
22705,548,-1,151,1,1
22705,549,-1,179,1,1
22705,565,-1,52,1,0
22705,587,-1,143,1,1
22705,701,-1,148,1,1
22705,747,-1,162,1,1
22705,753,-1,149,1,1
22832,50,-1,157,1,1
22832,110,-1,90,1,1
22832,209,-1,70,1,1
22832,280,-1,171,1,1
22832,385,-1,136,1,1
22832,479,-1,79,1,1
22832,609,-1,98,1,1
22832,668,-1,103,1,1
22832,684,-1,162,1,1
22832,715,-1,135,1,1
23823,23,-1,178,1,1
23823,85,-1,82,1,1
23823,192,-1,42,1,0
23823,290,-1,73,1,1
23823,500,-1,84,1,1
23823,598,-1,129,1,1
23823,754,-1,179,1,1
24122,120,-1,134,1,1
24122,140,-1,33,1,0
24122,439,-1,114,1,1
24122,743,-1,168,1,1
24122,761,-1,23,1,0
24886,77,-1,146,1,1
24886,152,-1,63,1,1
24886,261,-1,36,1,0
24886,489,-1,146,1,1
24886,498,-1,92,1,1
24886,602,-1,113,1,1
24886,645,-1,173,1,1
24886,748,-1,153,1,1
25475,161,-1,129,1,1
25475,223,-1,54,1,0
25475,305,-1,121,1,1
25475,319,-1,27,1,0
25475,360,-1,70,1,1
25475,429,-1,74,1,1
25475,491,-1,105,1,1
25475,538,-1,82,1,1
25475,573,-1,136,1,1
25475,593,-1,89,1,1
25475,647,-1,43,1,0
25961,8,-1,101,1,1
25961,41,-1,103,1,1
25961,172,-1,40,1,0
25961,243,-1,137,1,1
25961,327,-1,147,1,1
25961,390,-1,31,1,0
25961,422,-1,177,1,1
25961,580,-1,180,1,1
25961,609,-1,164,1,1
27579,205,-1,99,1,1
27579,207,-1,167,1,1
27579,209,-1,101,1,1
27579,236,-1,117,1,1
27579,306,-1,169,1,1
27579,429,-1,37,1,0
27579,647,-1,29,1,0
27579,659,-1,106,1,1
27579,670,-1,78,1,1
27579,745,-1,39,1,0
27581,102,-1,73,1,1
27581,177,-1,130,1,1
27581,362,-1,108,1,1
27860,3,-1,125,1,1
27860,134,-1,111,1,1
27860,185,-1,148,1,1
27860,302,-1,173,1,1
27860,311,-1,63,1,1
27860,393,-1,178,1,1
27860,484,-1,68,1,1
30484,135,-1,122,1,1
30484,290,-1,75,1,1
30484,348,-1,59,1,0
30484,603,-1,50,1,0
30484,651,-1,176,1,1
30484,767,-1,35,1,0
32657,9,-1,63,1,1
32657,150,-1,85,1,1
32657,221,-1,45,1,0
32657,439,-1,95,1,1
32657,483,-1,122,1,1
32657,493,-1,156,1,1
32657,579,-1,112,1,1
32657,611,-1,125,1,1
32657,669,-1,118,1,1
32657,710,-1,155,1,1
34544,59,-1,68,1,1
34544,85,-1,68,1,1
34544,172,-1,169,1,1
34544,239,-1,160,1,1
34544,262,-1,75,1,1
34544,543,-1,56,1,0
34544,602,-1,175,1,1
34544,750,-1,167,1,1
34806,56,-1,22,1,0
34806,259,-1,83,1,1
34806,366,-1,104,1,1
34806,560,-1,82,1,1
34806,686,-1,75,1,1
34806,783,-1,22,1,0
34806,785,-1,99,1,1
35712,18,-1,31,1,0
35712,49,-1,81,1,1
35712,239,-1,143,1,1
35712,244,-1,38,1,0
35712,362,-1,47,1,0
35712,395,-1,93,1,1
35712,724,-1,29,1,0
35712,745,-1,30,1,0
36225,68,-1,69,1,1
36225,388,-1,24,1,0
36225,471,-1,109,1,1
36225,772,-1,175,1,1
36225,785,-1,65,1,1
36586,221,-1,161,1,1
36586,226,-1,152,1,1
36586,508,-1,109,1,1
36586,549,-1,91,1,1
36586,645,-1,100,1,1
36586,650,-1,53,1,0
36586,654,-1,128,1,1
36586,771,-1,103,1,1
37135,173,-1,154,1,1
37135,399,-1,45,1,0
37135,467,-1,178,1,1
37135,534,-1,130,1,1
37135,537,-1,103,1,1
37135,579,-1,96,1,1
37135,666,-1,159,1,1
37135,690,-1,38,1,0
37135,740,-1,100,1,1
37135,784,-1,64,1,1
37724,169,-1,115,1,1
37724,207,-1,140,1,1
37724,288,-1,49,1,0
37724,312,-1,84,1,1
37724,356,-1,104,1,1
37724,501,-1,46,1,0
37724,508,-1,147,1,1
37724,531,-1,168,1,1
37724,646,-1,31,1,0
37724,652,-1,121,1,1
37724,665,-1,107,1,1
37724,713,-1,28,1,0
37724,778,-1,110,1,1
37735,5,-1,131,1,1
37735,58,-1,40,1,0
37735,137,-1,20,1,0
37735,175,-1,44,1,0
37735,323,-1,159,1,1
37735,527,-1,35,1,0
37735,545,-1,57,1,0
37799,63,-1,35,1,0
37799,117,-1,121,1,1
37799,169,-1,45,1,0
37799,193,-1,40,1,0
37799,549,-1,95,1,1
37799,667,-1,103,1,1
38234,141,-1,23,1,0
38234,275,-1,177,1,1
38234,310,-1,151,1,1
38234,315,-1,95,1,1
38234,357,-1,37,1,0
38234,360,-1,137,1,1
38234,460,-1,155,1,1
38234,564,-1,90,1,1
38234,668,-1,99,1,1
38234,738,-1,106,1,1
38575,319,-1,66,1,1
38575,330,-1,27,1,0
38575,373,-1,159,1,1
38575,378,-1,144,1,1
38575,551,-1,124,1,1
38575,668,-1,60,1,1
38700,206,-1,60,1,1
38700,224,-1,116,1,1
38700,311,-1,141,1,1
38700,373,-1,179,1,1
38700,480,-1,34,1,0
38700,486,-1,22,1,0
38700,511,-1,97,1,1
38700,580,-1,64,1,1
38700,606,-1,124,1,1
38700,703,-1,179,1,1
38700,721,-1,163,1,1
41003,28,-1,124,1,1
41003,71,-1,148,1,1
41003,82,-1,28,1,0
41003,262,-1,56,1,0
41003,319,-1,140,1,1
41003,336,-1,74,1,1
41003,389,-1,61,1,1
41003,524,-1,119,1,1
41003,631,-1,74,1,1
41003,698,-1,100,1,1
41280,50,-1,64,1,1
41280,134,-1,26,1,0
41280,230,-1,42,1,0
41280,296,-1,117,1,1
41280,741,-1,39,1,0
41280,746,-1,128,1,1
41517,1,-1,23,1,0
41517,278,-1,163,1,1
41517,473,-1,170,1,1
41517,568,-1,80,1,1
41517,570,-1,128,1,1
41517,612,-1,49,1,0
41517,653,-1,110,1,1
41517,766,-1,171,1,1
41727,225,-1,118,1,1
41727,403,-1,68,1,1
41727,444,-1,81,1,1
41727,487,-1,21,1,0
41727,494,-1,54,1,0
41727,528,-1,38,1,0
41727,604,-1,28,1,0
43347,1,-1,67,1,1
43347,21,-1,58,1,0
43347,73,-1,146,1,1
43347,279,-1,104,1,1
43347,340,-1,64,1,1
43347,475,-1,154,1,1
43347,543,-1,26,1,0
43347,556,-1,121,1,1
43347,651,-1,44,1,0
43593,560,-1,102,1,1
43593,579,-1,60,1,1
43593,645,-1,40,1,0
43593,666,-1,142,1,1
43593,710,-1,61,1,1
43593,757,-1,178,1,1
43593,775,-1,86,1,1
43947,77,-1,27,1,0
43947,81,-1,146,1,1
43947,167,-1,36,1,0
43947,268,-1,43,1,0
43947,336,-1,149,1,1
43947,356,-1,126,1,1
43947,460,-1,49,1,0
43947,534,-1,23,1,0
43947,731,-1,156,1,1
43947,749,-1,56,1,0
44918,99,-1,171,1,1
44918,181,-1,23,1,0
44918,194,-1,146,1,1
44918,323,-1,127,1,1
44918,354,-1,79,1,1
44918,496,-1,91,1,1
44918,585,-1,135,1,1
44918,674,-1,169,1,1
44918,693,-1,117,1,1
45243,38,-1,156,1,1
45243,138,-1,97,1,1
45243,193,-1,28,1,0
45243,453,-1,160,1,1
45243,596,-1,25,1,0
45243,772,-1,35,1,0
45588,9,-1,168,1,1
45588,205,-1,58,1,0
45588,590,-1,126,1,1
45588,703,-1,38,1,0
45588,747,-1,129,1,1
45588,750,-1,146,1,1
46195,445,-1,130,1,1
46195,527,-1,154,1,1
46195,546,-1,42,1,0
46195,616,-1,120,1,1
46581,47,-1,165,1,1
46581,173,-1,131,1,1
46581,205,-1,168,1,1
46581,276,-1,162,1,1
46581,337,-1,175,1,1
46581,554,-1,126,1,1
46581,689,-1,26,1,0
46581,719,-1,120,1,1
47971,56,-1,110,1,1
47971,120,-1,30,1,0
47971,132,-1,52,1,0
47971,287,-1,67,1,1
47971,382,-1,38,1,0
47971,414,-1,77,1,1
47971,437,-1,27,1,0
47971,438,-1,34,1,0
47971,719,-1,48,1,0
47971,756,-1,114,1,1
48266,105,-1,105,1,1
48266,198,-1,78,1,1
48266,226,-1,41,1,0
48266,304,-1,66,1,1
48266,367,-1,78,1,1
48266,387,-1,107,1,1
48266,419,-1,64,1,1
48266,464,-1,82,1,1
48266,653,-1,75,1,1
49046,9,-1,151,1,1
49046,18,-1,60,1,1
49046,35,-1,154,1,1
49046,38,-1,103,1,1
49046,257,-1,65,1,1
49046,477,-1,120,1,1
49046,515,-1,140,1,1
49046,547,-1,43,1,0
49046,565,-1,99,1,1
49046,569,-1,53,1,0
49046,601,-1,142,1,1
49046,638,-1,48,1,0
49046,652,-1,175,1,1
49046,680,-1,95,1,1
49046,724,-1,163,1,1
49046,789,-1,154,1,1
49292,128,-1,134,1,1
49292,154,-1,88,1,1
49292,178,-1,150,1,1
49292,282,-1,117,1,1
49292,292,-1,143,1,1
49292,300,-1,23,1,0
49292,315,-1,73,1,1
49292,375,-1,180,1,1
49292,453,-1,159,1,1
49292,460,-1,129,1,1
49292,523,-1,37,1,0
49292,782,-1,48,1,0
49494,113,-1,178,1,1
49494,157,-1,115,1,1
49494,212,-1,26,1,0
49494,595,-1,179,1,1
49494,674,-1,68,1,1
49494,680,-1,89,1,1
49494,719,-1,170,1,1
49494,758,-1,21,1,0
49521,51,-1,148,1,1
49521,86,-1,145,1,1
49521,219,-1,151,1,1
49521,274,-1,78,1,1
49521,292,-1,32,1,0
49521,366,-1,82,1,1
49529,45,-1,150,1,1
49529,264,-1,24,1,0
49529,272,-1,126,1,1
49529,332,-1,150,1,1
49529,521,-1,177,1,1
49529,573,-1,130,1,1
49529,640,-1,110,1,1
49529,758,-1,73,1,1
49530,170,-1,57,1,0
49530,442,-1,50,1,0
49530,800,-1,162,1,1
50014,161,-1,151,1,1
50014,276,-1,161,1,1
50014,340,-1,70,1,1
50014,404,-1,50,1,0
50014,442,-1,130,1,1
50014,556,-1,119,1,1
50014,748,-1,63,1,1
51162,61,-1,45,1,0
51162,339,-1,49,1,0
51162,527,-1,49,1,0
51162,675,-1,113,1,1
51162,682,-1,171,1,1
51162,738,-1,135,1,1
51482,39,-1,115,1,1
51482,119,-1,50,1,0
51482,139,-1,50,1,0
51482,199,-1,74,1,1
51482,291,-1,162,1,1
51482,306,-1,35,1,0
51482,311,-1,39,1,0
51482,413,-1,50,1,0
51482,516,-1,122,1,1
51482,651,-1,140,1,1
51482,696,-1,61,1,1
51482,772,-1,26,1,0
52212,26,-1,164,1,1
52212,132,-1,104,1,1
52212,182,-1,98,1,1
52212,203,-1,113,1,1
52212,293,-1,75,1,1
52212,312,-1,180,1,1
52212,448,-1,63,1,1
52212,576,-1,52,1,0
52212,593,-1,23,1,0
52212,771,-1,55,1,0
52212,790,-1,32,1,0
57158,130,-1,119,1,1
57158,139,-1,138,1,1
57158,163,-1,69,1,1
57158,179,-1,51,1,0
57158,296,-1,59,1,0
57158,460,-1,157,1,1
57158,523,-1,38,1,0
57158,668,-1,88,1,1
57212,39,-1,107,1,1
57212,80,-1,112,1,1
57212,204,-1,137,1,1
57212,267,-1,20,1,0
57212,372,-1,35,1,0
57212,407,-1,173,1,1
57212,543,-1,176,1,1
57212,559,-1,131,1,1
57212,611,-1,123,1,1
57825,65,-1,148,1,1
57825,524,-1,84,1,1
57825,591,-1,70,1,1
57825,648,-1,112,1,1
57825,727,-1,66,1,1
57825,768,-1,59,1,0
58027,217,-1,138,1,1
58027,260,-1,104,1,1
58027,277,-1,43,1,0
58027,316,-1,175,1,1
58027,347,-1,28,1,0
58027,354,-1,142,1,1
58027,408,-1,155,1,1
58027,465,-1,98,1,1
58027,651,-1,88,1,1
58027,656,-1,47,1,0
58027,759,-1,49,1,0
59053,58,-1,150,1,1
59053,200,-1,178,1,1
59053,208,-1,75,1,1
59053,318,-1,90,1,1
59053,321,-1,77,1,1
59053,543,-1,40,1,0
59053,633,-1,149,1,1
59053,664,-1,121,1,1
62177,28,-1,27,1,0
62177,109,-1,127,1,1
62177,162,-1,174,1,1
62177,356,-1,84,1,1
62177,370,-1,167,1,1
62177,544,-1,40,1,0
62177,593,-1,116,1,1
62835,32,-1,61,1,1
62835,125,-1,61,1,1
62835,293,-1,169,1,1
62835,393,-1,174,1,1
62835,454,-1,83,1,1
62835,609,-1,113,1,1
63755,33,-1,109,1,1
63755,100,-1,121,1,1
63755,205,-1,99,1,1
63755,353,-1,118,1,1
63755,393,-1,88,1,1
63755,397,-1,158,1,1
63755,410,-1,122,1,1
63755,466,-1,151,1,1
63755,490,-1,73,1,1
63755,512,-1,34,1,0
63755,536,-1,151,1,1
63755,786,-1,24,1,0
64084,41,-1,82,1,1
64084,109,-1,75,1,1
64084,148,-1,126,1,1
64084,226,-1,97,1,1
64084,269,-1,57,1,0
64084,392,-1,120,1,1
64084,468,-1,95,1,1
64084,485,-1,137,1,1
64084,552,-1,31,1,0
64084,557,-1,44,1,0
64084,583,-1,172,1,1
64688,16,-1,137,1,1
64688,248,-1,81,1,1
64688,433,-1,83,1,1
64688,564,-1,138,1,1
64688,789,-1,66,1,1
65502,106,-1,22,1,0
65502,115,-1,29,1,0
65502,219,-1,87,1,1
65502,280,-1,45,1,0
65502,312,-1,47,1,0
65502,372,-1,95,1,1
65502,604,-1,169,1,1
65502,687,-1,61,1,1
65502,692,-1,123,1,1
65502,701,-1,142,1,1
65502,779,-1,123,1,1
68726,26,-1,90,1,1
68726,239,-1,72,1,1
68726,390,-1,134,1,1
68726,459,-1,156,1,1
68726,585,-1,50,1,0
68726,644,-1,54,1,0
68726,768,-1,134,1,1
70981,10,-1,79,1,1
70981,22,-1,165,1,1
70981,71,-1,141,1,1
70981,116,-1,88,1,1
70981,213,-1,152,1,1
70981,255,-1,157,1,1
70981,286,-1,85,1,1
70981,414,-1,165,1,1
70981,430,-1,63,1,1
70981,523,-1,138,1,1
70981,686,-1,56,1,0
71672,24,-1,62,1,1
71672,148,-1,83,1,1
71672,240,-1,173,1,1
71672,318,-1,99,1,1
71672,635,-1,58,1,0
72190,93,-1,121,1,1
72190,102,-1,74,1,1
72190,367,-1,157,1,1
72190,391,-1,171,1,1
72190,469,-1,51,1,0
72190,472,-1,95,1,1
72190,549,-1,150,1,1
72190,645,-1,154,1,1
72190,712,-1,158,1,1
73723,431,-1,173,1,1
73723,517,-1,50,1,0
73723,615,-1,79,1,1
73723,617,-1,44,1,0
73723,679,-1,50,1,0
73723,689,-1,142,1,1
73723,690,-1,91,1,1
74997,55,-1,41,1,0
74997,397,-1,176,1,1
74997,485,-1,49,1,0
74997,508,-1,39,1,0
74997,547,-1,115,1,1
74997,647,-1,89,1,1
74997,723,-1,106,1,1
74997,728,-1,44,1,0
74997,764,-1,46,1,0
76338,115,-1,30,1,0
76338,216,-1,96,1,1
76338,329,-1,28,1,0
76338,340,-1,22,1,0
76338,373,-1,78,1,1
76338,481,-1,151,1,1
76338,490,-1,64,1,1
76338,540,-1,62,1,1
76338,565,-1,157,1,1
76338,627,-1,144,1,1
76338,714,-1,41,1,0
76338,756,-1,158,1,1
76492,80,-1,32,1,0
76492,121,-1,22,1,0
76492,378,-1,158,1,1
76492,482,-1,99,1,1
76492,742,-1,42,1,0
77412,9,-1,99,1,1
77412,278,-1,162,1,1
77412,611,-1,29,1,0
77412,643,-1,91,1,1
77412,723,-1,139,1,1
77412,750,-1,175,1,1
77412,769,-1,136,1,1
79871,184,-1,148,1,1
79871,209,-1,175,1,1
79871,287,-1,131,1,1
79871,467,-1,172,1,1
79871,498,-1,20,1,0
79871,532,-1,47,1,0
79871,794,-1,161,1,1
81530,53,-1,90,1,1
81530,82,-1,59,1,0
81530,154,-1,99,1,1
81530,155,-1,45,1,0
81530,158,-1,170,1,1
81530,595,-1,59,1,0
81530,625,-1,149,1,1
82139,72,-1,118,1,1
82139,177,-1,89,1,1
82139,292,-1,130,1,1
82139,379,-1,148,1,1
82139,430,-1,120,1,1
82139,551,-1,135,1,1
82139,583,-1,164,1,1
82139,621,-1,161,1,1
82139,661,-1,97,1,1
82139,694,-1,165,1,1
82139,725,-1,61,1,1
82139,756,-1,76,1,1
82139,795,-1,30,1,0
82690,277,-1,61,1,1
82690,382,-1,120,1,1
82690,393,-1,37,1,0
82690,474,-1,122,1,1
82690,559,-1,179,1,1
82690,607,-1,61,1,1
82690,609,-1,159,1,1
82690,784,-1,82,1,1
82690,797,-1,149,1,1
82702,32,-1,139,1,1
82702,153,-1,158,1,1
82702,300,-1,38,1,0
82702,721,-1,152,1,1
82702,800,-1,119,1,1
87101,56,-1,52,1,0
87101,219,-1,97,1,1
87101,258,-1,61,1,1
87101,421,-1,51,1,0
87101,535,-1,81,1,1
87101,702,-1,31,1,0
87101,745,-1,90,1,1
89602,29,-1,133,1,1
89602,282,-1,85,1,1
89602,297,-1,126,1,1
89602,357,-1,147,1,1
89602,442,-1,91,1,1
89602,521,-1,175,1,1
89602,685,-1,120,1,1
93456,131,-1,32,1,0
93456,163,-1,122,1,1
93456,166,-1,132,1,1
93456,344,-1,98,1,1
93456,347,-1,146,1,1
93456,447,-1,91,1,1
93456,452,-1,180,1,1
93456,458,-1,49,1,0
93456,518,-1,152,1,1
93456,614,-1,180,1,1
93456,665,-1,171,1,1
101299,79,-1,160,1,1
101299,128,-1,68,1,1
101299,419,-1,43,1,0
101299,644,-1,132,1,1
101299,679,-1,76,1,1
101299,688,-1,26,1,0
102899,69,-1,60,1,1
102899,94,-1,115,1,1
102899,369,-1,117,1,1
102899,380,-1,117,1,1
102899,506,-1,99,1,1
102899,598,-1,28,1,0
102899,635,-1,74,1,1
109418,60,-1,55,1,0
109418,418,-1,135,1,1
109418,429,-1,101,1,1
109418,459,-1,169,1,1
109418,607,-1,41,1,0
110143,65,-1,82,1,1
110143,71,-1,143,1,1
110143,150,-1,143,1,1
110143,215,-1,49,1,0
110143,259,-1,30,1,0
110143,375,-1,156,1,1
110143,450,-1,77,1,1
110143,522,-1,105,1,1
110143,552,-1,48,1,0
110143,564,-1,25,1,0
110143,661,-1,126,1,1
110143,695,-1,99,1,1
116613,346,-1,53,1,0
116613,438,-1,177,1,1
116613,530,-1,176,1,1
116613,546,-1,98,1,1
116613,554,-1,39,1,0
116613,565,-1,156,1,1
116613,658,-1,148,1,1
116613,703,-1,123,1,1
117263,227,-1,85,1,1
117263,657,-1,172,1,1
117263,741,-1,77,1,1
117263,798,-1,20,1,0
119450,33,-1,151,1,1
119450,34,-1,108,1,1
119450,132,-1,74,1,1
119450,255,-1,171,1,1
119450,699,-1,61,1,1
119450,760,-1,82,1,1
119450,786,-1,69,1,1
120467,128,-1,77,1,1
120467,193,-1,72,1,1
120467,233,-1,85,1,1
120467,250,-1,108,1,1
120467,317,-1,124,1,1
120467,337,-1,155,1,1
120467,374,-1,43,1,0
120467,391,-1,116,1,1
120467,501,-1,46,1,0
120467,552,-1,174,1,1
120467,582,-1,170,1,1
120467,590,-1,47,1,0
120467,680,-1,163,1,1
120467,681,-1,107,1,1
121514,132,-1,83,1,1
121514,235,-1,134,1,1
121514,271,-1,61,1,1
121514,527,-1,102,1,1
121514,615,-1,33,1,0
121514,666,-1,43,1,0
121514,722,-1,138,1,1
122906,8,-1,53,1,0
122906,26,-1,143,1,1
122906,36,-1,74,1,1
122906,159,-1,76,1,1
122906,310,-1,20,1,0
122906,351,-1,69,1,1
122906,415,-1,174,1,1
122906,511,-1,58,1,0
122906,532,-1,60,1,1
122906,570,-1,78,1,1
122906,593,-1,57,1,0
122906,786,-1,142,1,1
122906,797,-1,25,1,0
125509,262,-1,170,1,1
125509,266,-1,111,1,1
125509,321,-1,170,1,1
125509,446,-1,108,1,1
125509,464,-1,156,1,1
125509,492,-1,150,1,1
125509,526,-1,97,1,1
125509,528,-1,66,1,1
125509,782,-1,46,1,0
136799,2,-1,47,1,0
136799,49,-1,63,1,1
136799,64,-1,81,1,1
136799,122,-1,161,1,1
136799,265,-1,129,1,1
136799,307,-1,123,1,1
136799,762,-1,92,1,1
137113,38,-1,153,1,1
137113,99,-1,68,1,1
137113,266,-1,150,1,1
137113,279,-1,33,1,0
137113,481,-1,166,1,1
137113,553,-1,154,1,1
137113,777,-1,44,1,0
138103,54,-1,163,1,1
138103,154,-1,42,1,0
138103,156,-1,63,1,1
138103,163,-1,25,1,0
138103,266,-1,64,1,1
138103,273,-1,156,1,1
138103,302,-1,69,1,1
138103,483,-1,34,1,0
138103,601,-1,37,1,0
138103,723,-1,99,1,1
138103,735,-1,23,1,0
138103,742,-1,77,1,1
138697,101,-1,176,1,1
138697,403,-1,113,1,1
138697,459,-1,77,1,1
138697,732,-1,98,1,1
140607,37,-1,61,1,1
140607,267,-1,74,1,1
140607,281,-1,68,1,1
140607,326,-1,146,1,1
140607,400,-1,162,1,1
140607,567,-1,121,1,1
140607,660,-1,120,1,1
140607,697,-1,31,1,0
146451,419,-1,85,1,1
146451,434,-1,34,1,0
146451,464,-1,24,1,0
146451,550,-1,62,1,1
146451,594,-1,63,1,1
146451,632,-1,123,1,1
146451,750,-1,152,1,1
160840,108,-1,177,1,1
160840,241,-1,141,1,1
160840,300,-1,99,1,1
160840,305,-1,176,1,1
160840,387,-1,98,1,1
160840,418,-1,110,1,1
160840,552,-1,118,1,1
160840,649,-1,133,1,1
160840,696,-1,113,1,1
160840,735,-1,54,1,0
160840,789,-1,107,1,1
166426,53,-1,166,1,1
166426,134,-1,70,1,1
166426,176,-1,120,1,1
166426,378,-1,104,1,1
166426,651,-1,140,1,1
166426,704,-1,44,1,0
166426,730,-1,141,1,1
166668,107,-1,33,1,0
166668,121,-1,119,1,1
166668,332,-1,165,1,1
166668,389,-1,24,1,0
166668,560,-1,175,1,1
166668,604,-1,38,1,0
166668,674,-1,97,1,1
166668,764,-1,100,1,1
181812,55,-1,26,1,0
181812,84,-1,140,1,1
181812,137,-1,180,1,1
181812,320,-1,62,1,1
181812,349,-1,130,1,1
181812,479,-1,61,1,1
181812,549,-1,28,1,0
181812,797,-1,80,1,1
187017,178,-1,93,1,1
187017,246,-1,89,1,1
187017,523,-1,42,1,0
204082,27,-1,95,1,1
204082,41,-1,125,1,1
204082,493,-1,64,1,1
204082,656,-1,72,1,1
204082,737,-1,37,1,0
204082,748,-1,147,1,1
204082,783,-1,131,1,1
204082,793,-1,143,1,1
214756,14,-1,95,1,1
214756,17,-1,157,1,1
214756,93,-1,124,1,1
214756,199,-1,149,1,1
214756,206,-1,58,1,0
214756,280,-1,31,1,0
214756,516,-1,121,1,1
214756,536,-1,177,1,1
214756,607,-1,172,1,1
214756,714,-1,111,1,1
214756,788,-1,42,1,0
226074,73,-1,128,1,1
226074,323,-1,82,1,1
226074,654,-1,130,1,1
228165,22,-1,27,1,0
228165,40,-1,128,1,1
228165,65,-1,109,1,1
228165,174,-1,53,1,0
228165,177,-1,159,1,1
228165,181,-1,40,1,0
228165,366,-1,31,1,0
228165,397,-1,118,1,1
228165,758,-1,158,1,1
240832,142,-1,71,1,1
240832,349,-1,78,1,1
240832,353,-1,35,1,0
240832,447,-1,147,1,1
240832,538,-1,139,1,1
240832,569,-1,166,1,1
240832,753,-1,115,1,1
242582,12,-1,166,1,1
242582,68,-1,134,1,1
242582,179,-1,169,1,1
242582,411,-1,177,1,1
242582,432,-1,120,1,1
242582,477,-1,168,1,1
242582,771,-1,84,1,1
245891,14,-1,26,1,0
245891,75,-1,29,1,0
245891,121,-1,146,1,1
245891,150,-1,38,1,0
245891,170,-1,152,1,1
245891,281,-1,168,1,1
245891,375,-1,73,1,1
245891,418,-1,24,1,0
245891,435,-1,144,1,1
245891,450,-1,110,1,1
245891,633,-1,179,1,1
245891,711,-1,86,1,1
250546,94,-1,48,1,0
250546,99,-1,43,1,0
250546,117,-1,123,1,1
250546,132,-1,76,1,1
250546,234,-1,170,1,1
250546,235,-1,115,1,1
250546,286,-1,92,1,1
250546,307,-1,113,1,1
250546,383,-1,153,1,1
250546,449,-1,52,1,0
250546,559,-1,168,1,1
250546,649,-1,28,1,0
250546,701,-1,133,1,1
250754,16,-1,37,1,0
250754,110,-1,133,1,1
250754,227,-1,53,1,0
250754,235,-1,80,1,1
250754,306,-1,168,1,1
250754,342,-1,115,1,1
250754,385,-1,174,1,1
250754,393,-1,115,1,1
250754,530,-1,156,1,1
250754,659,-1,49,1,0
251783,101,-1,96,1,1
251783,158,-1,36,1,0
251783,315,-1,86,1,1
251783,366,-1,159,1,1
251783,497,-1,89,1,1
251783,743,-1,25,1,0
254473,63,-1,47,1,0
254473,169,-1,94,1,1
254473,277,-1,54,1,0
254473,390,-1,159,1,1
254473,394,-1,71,1,1
254473,432,-1,167,1,1
254473,685,-1,54,1,0
254473,686,-1,144,1,1
254473,702,-1,24,1,0
259316,82,-1,161,1,1
259316,89,-1,33,1,0
259316,99,-1,74,1,1
259316,130,-1,32,1,0
259316,228,-1,154,1,1
259316,358,-1,61,1,1
259316,516,-1,130,1,1
259316,646,-1,144,1,1
259316,734,-1,39,1,0
259316,757,-1,116,1,1
259693,42,-1,35,1,0
259693,58,-1,68,1,1
259693,86,-1,154,1,1
259693,366,-1,52,1,0
259693,401,-1,78,1,1
259693,577,-1,130,1,1
259693,702,-1,179,1,1
259693,799,-1,145,1,1
260362,19,-1,167,1,1
260362,91,-1,149,1,1
260362,103,-1,160,1,1
260362,183,-1,153,1,1
260362,269,-1,26,1,0
260362,444,-1,107,1,1
260362,482,-1,79,1,1
260362,721,-1,103,1,1
260362,766,-1,160,1,1
260362,793,-1,177,1,1
261037,36,-1,40,1,0
261037,73,-1,31,1,0
261037,102,-1,57,1,0
261037,157,-1,68,1,1
261037,267,-1,106,1,1
261037,271,-1,101,1,1
261037,333,-1,105,1,1
261037,375,-1,24,1,0
261037,638,-1,61,1,1
261037,744,-1,109,1,1
261587,228,-1,104,1,1
261587,234,-1,157,1,1
261587,386,-1,48,1,0
261587,415,-1,42,1,0
261587,657,-1,92,1,1
261905,59,-1,165,1,1
261905,114,-1,27,1,0
261905,125,-1,35,1,0
261905,127,-1,129,1,1
261905,437,-1,94,1,1
261905,451,-1,71,1,1
265195,11,-1,41,1,0
265195,42,-1,131,1,1
265195,83,-1,140,1,1
265195,253,-1,170,1,1
265195,392,-1,69,1,1
265195,570,-1,124,1,1
265195,609,-1,180,1,1
265195,676,-1,48,1,0
265195,755,-1,134,1,1
265195,771,-1,134,1,1
268920,94,-1,142,1,1
268920,319,-1,113,1,1
268920,360,-1,103,1,1
268920,454,-1,27,1,0
268920,461,-1,48,1,0
268920,530,-1,136,1,1
268920,576,-1,131,1,1
269495,37,-1,165,1,1
269495,70,-1,122,1,1
269495,229,-1,131,1,1
269495,236,-1,29,1,0
269495,308,-1,178,1,1
269495,497,-1,46,1,0
270303,304,-1,102,1,1
270303,356,-1,101,1,1
270303,526,-1,141,1,1
270303,582,-1,146,1,1
270303,657,-1,139,1,1
270303,676,-1,148,1,1
270303,690,-1,27,1,0
270303,764,-1,99,1,1
271116,96,-1,39,1,0
271116,429,-1,99,1,1
271116,480,-1,99,1,1
271116,612,-1,73,1,1
271116,640,-1,154,1,1
271116,733,-1,139,1,1
273481,257,-1,70,1,1
273481,431,-1,160,1,1
273481,468,-1,26,1,0
273481,509,-1,78,1,1
273481,665,-1,105,1,1
273481,750,-1,116,1,1
274167,20,-1,44,1,0
274167,185,-1,21,1,0
274167,207,-1,26,1,0
274167,251,-1,135,1,1
274167,366,-1,167,1,1
274167,432,-1,54,1,0
274167,539,-1,26,1,0
274167,559,-1,137,1,1
274857,45,-1,21,1,0
274857,90,-1,111,1,1
274857,304,-1,31,1,0
274857,352,-1,60,1,1
274857,459,-1,68,1,1
274857,502,-1,31,1,0
274857,606,-1,122,1,1
274857,632,-1,45,1,0
274857,728,-1,21,1,0
274857,764,-1,99,1,1
281957,38,-1,48,1,0
281957,187,-1,67,1,1
281957,559,-1,126,1,1
281957,776,-1,147,1,1
284053,66,-1,29,1,0
284053,252,-1,165,1,1
284053,371,-1,165,1,1
284053,378,-1,37,1,0
284053,383,-1,289,2,1
284053,402,-1,174,1,1
284053,547,-1,130,1,1
284053,582,-1,48,1,0
284053,675,-1,48,1,0
284053,683,-1,123,1,1
284053,778,-1,96,1,1
284054,310,-1,101,1,1
284054,354,-1,67,1,1
284054,361,-1,117,1,1
284054,366,-1,67,1,1
284054,386,-1,169,1,1
284054,397,-1,75,1,1
284054,575,-1,85,1,1
284054,746,-1,28,1,0
284054,785,-1,153,1,1
287424,49,-1,59,1,0
287424,361,-1,52,1,0
287424,675,-1,98,1,1
290524,18,-1,111,1,1
290524,22,-1,137,1,1
290524,79,-1,173,1,1
290524,136,-1,61,1,1
290524,219,-1,47,1,0
290524,302,-1,22,1,0
290524,340,-1,40,1,0
290524,453,-1,163,1,1
290524,462,-1,60,1,1
290524,503,-1,167,1,1
290524,630,-1,106,1,1
291870,15,-1,162,1,1
291870,114,-1,150,1,1
291870,127,-1,54,1,0
291870,704,-1,93,1,1
296065,193,-1,168,1,1
296065,234,-1,48,1,0
296065,290,-1,75,1,1
296065,475,-1,30,1,0
296065,529,-1,162,1,1
296065,608,-1,162,1,1
296065,638,-1,145,1,1
296065,645,-1,169,1,1
296065,660,-1,117,1,1
296065,772,-1,176,1,1
297270,128,-1,57,1,0
297270,208,-1,177,1,1
297270,374,-1,173,1,1
297270,422,-1,30,1,0
297270,592,-1,95,1,1
297270,599,-1,161,1,1
297270,603,-1,164,1,1
297270,605,-1,153,1,1
297270,674,-1,174,1,1
297270,754,-1,81,1,1
297270,765,-1,91,1,1
299054,10,-1,77,1,1
299054,117,-1,107,1,1
299054,150,-1,139,1,1
299054,226,-1,151,1,1
299054,231,-1,24,1,0
299054,243,-1,144,1,1
299054,336,-1,97,1,1
299054,352,-1,102,1,1
299054,466,-1,80,1,1
299054,506,-1,144,1,1
299054,754,-1,77,1,1
299537,59,-1,179,1,1
299537,85,-1,67,1,1
299537,120,-1,179,1,1
299537,142,-1,123,1,1
299537,173,-1,107,1,1
299537,785,-1,122,1,1
301528,54,-1,156,1,1
301528,119,-1,128,1,1
301528,159,-1,133,1,1
301528,243,-1,82,1,1
301528,561,-1,129,1,1
301528,605,-1,90,1,1
301528,729,-1,63,1,1
302946,9,-1,134,1,1
302946,139,-1,98,1,1
302946,321,-1,106,1,1
302946,337,-1,161,1,1
302946,567,-1,59,1,0
302946,599,-1,170,1,1
302946,637,-1,62,1,1
302946,655,-1,34,1,0
302946,695,-1,99,1,1
302946,736,-1,174,1,1
302946,742,-1,58,1,0
302946,782,-1,59,1,0
302946,787,-1,73,1,1
308403,16,-1,43,1,0
308403,46,-1,60,1,1
308403,299,-1,105,1,1
308403,312,-1,52,1,0
308403,335,-1,74,1,1
308403,343,-1,49,1,0
308403,555,-1,64,1,1
308403,556,-1,153,1,1
308403,668,-1,29,1,0
308403,754,-1,95,1,1
310097,25,-1,40,1,0
310097,70,-1,168,1,1
310097,86,-1,161,1,1
310097,449,-1,58,1,0
310097,468,-1,130,1,1
310097,489,-1,157,1,1
310097,736,-1,122,1,1
313369,58,-1,76,1,1
313369,250,-1,108,1,1
313369,747,-1,20,1,0
313369,780,-1,63,1,1
324183,91,-1,157,1,1
324183,138,-1,157,1,1
324183,141,-1,110,1,1
324183,526,-1,174,1,1
324183,789,-1,160,1,1
324552,78,-1,22,1,0
324552,90,-1,28,1,0
324552,160,-1,26,1,0
324552,161,-1,89,1,1
324552,213,-1,43,1,0
324552,486,-1,140,1,1
324552,495,-1,89,1,1
324552,535,-1,121,1,1
324552,565,-1,167,1,1
324552,576,-1,126,1,1
324552,679,-1,147,1,1
324552,731,-1,71,1,1
335797,44,-1,145,1,1
335797,51,-1,143,1,1
335797,189,-1,177,1,1
335797,223,-1,153,1,1
335797,303,-1,77,1,1
335797,307,-1,31,1,0
335797,325,-1,157,1,1
335797,389,-1,117,1,1
335797,426,-1,33,1,0
335797,442,-1,154,1,1
335797,474,-1,73,1,1
335797,475,-1,81,1,1
335797,510,-1,58,1,0
335797,545,-1,111,1,1
335797,547,-1,82,1,1
335797,623,-1,164,1,1
335797,689,-1,175,1,1
335797,710,-1,124,1,1
335977,85,-1,123,1,1
335977,359,-1,53,1,0
335977,656,-1,68,1,1
335977,728,-1,58,1,0
337404,82,-1,100,1,1
337404,491,-1,142,1,1
337404,602,-1,80,1,1
337404,638,-1,99,1,1
337404,677,-1,38,1,0
337404,683,-1,47,1,0
337404,725,-1,62,1,1
338953,293,-1,57,1,0
338953,556,-1,55,1,0
339403,1,-1,166,1,1
339403,13,-1,175,1,1
339403,69,-1,111,1,1
339403,83,-1,86,1,1
339403,100,-1,180,1,1
339403,137,-1,100,1,1
339403,162,-1,63,1,1
339403,184,-1,20,1,0
339403,346,-1,158,1,1
339403,368,-1,33,1,0
339403,460,-1,20,1,0
339403,548,-1,170,1,1
339403,592,-1,101,1,1
339403,676,-1,78,1,1
339403,751,-1,66,1,1
339403,774,-1,152,1,1
339403,800,-1,140,1,1
346558,93,-1,81,1,1
346558,339,-1,81,1,1
346558,380,-1,124,1,1
346558,402,-1,107,1,1
346558,411,-1,96,1,1
346558,589,-1,135,1,1
351286,279,-1,89,1,1
351286,312,-1,83,1,1
351286,599,-1,54,1,0
351286,718,-1,110,1,1
353081,25,-1,74,1,1
353081,135,-1,94,1,1
353081,216,-1,179,1,1
353081,228,-1,163,1,1
353081,270,-1,62,1,1
353081,491,-1,179,1,1
353081,544,-1,35,1,0
353081,593,-1,112,1,1
353081,695,-1,101,1,1
353081,753,-1,140,1,1
353081,789,-1,49,1,0
358895,133,-1,124,1,1
358895,142,-1,118,1,1
358895,186,-1,115,1,1
358895,240,-1,86,1,1
358895,378,-1,113,1,1
358895,412,-1,51,1,0
358895,590,-1,66,1,1
358895,592,-1,51,1,0
358895,661,-1,50,1,0
358895,693,-1,31,1,0
358895,781,-1,46,1,0
360784,134,-1,144,1,1
360784,262,-1,155,1,1
360784,284,-1,77,1,1
360784,396,-1,33,1,0
360784,410,-1,48,1,0
360784,454,-1,63,1,1
360784,495,-1,107,1,1
360784,576,-1,105,1,1
360784,635,-1,78,1,1
360784,686,-1,140,1,1
360784,695,-1,96,1,1
368412,87,-1,76,1,1
368412,93,-1,33,1,0
368412,271,-1,129,1,1
368412,346,-1,61,1,1
368412,457,-1,148,1,1
368412,535,-1,22,1,0
368412,614,-1,41,1,0
368412,621,-1,124,1,1
368412,732,-1,85,1,1
368412,734,-1,177,1,1
368412,770,-1,150,1,1
371895,126,-1,125,1,1
371895,134,-1,175,1,1
371895,150,-1,147,1,1
371895,199,-1,84,1,1
371895,217,-1,173,1,1
371895,599,-1,28,1,0
371895,610,-1,115,1,1
371895,736,-1,120,1,1
372921,104,-1,122,1,1
372921,166,-1,145,1,1
372921,365,-1,136,1,1
372921,471,-1,72,1,1
372921,541,-1,155,1,1
372921,557,-1,120,1,1
372921,628,-1,163,1,1
372921,657,-1,143,1,1
372921,708,-1,148,1,1
373571,24,-1,120,1,1
373571,200,-1,76,1,1
373571,279,-1,39,1,0
373571,295,-1,149,1,1
373571,309,-1,79,1,1
373571,500,-1,129,1,1
373571,638,-1,83,1,1
375846,285,-1,74,1,1
375846,384,-1,141,1,1
375846,418,-1,98,1,1
375846,483,-1,76,1,1
375846,606,-1,47,1,0
375846,697,-1,166,1,1
375846,726,-1,67,1,1
381288,285,-1,55,1,0
381288,362,-1,133,1,1
381288,365,-1,135,1,1
381288,421,-1,162,1,1
381288,490,-1,99,1,1
381288,503,-1,149,1,1
381288,526,-1,150,1,1
381288,562,-1,168,1,1
381288,630,-1,106,1,1
381288,631,-1,67,1,1
381288,679,-1,87,1,1
383498,20,-1,100,1,1
383498,105,-1,165,1,1
383498,205,-1,23,1,0
383498,223,-1,177,1,1
383498,354,-1,180,1,1
383498,431,-1,104,1,1
383498,532,-1,177,1,1
383498,580,-1,22,1,0
383498,583,-1,78,1,1
383498,646,-1,50,1,0
383498,771,-1,98,1,1
383498,773,-1,25,1,0
384018,126,-1,56,1,0
384018,318,-1,26,1,0
384018,485,-1,26,1,0
384018,519,-1,56,1,0
384018,583,-1,34,1,0
384018,689,-1,154,1,1
384018,732,-1,87,1,1
384018,745,-1,83,1,1
384737,58,-1,144,1,1
384737,74,-1,117,1,1
384737,105,-1,126,1,1
384737,163,-1,173,1,1
384737,166,-1,162,1,1
384737,324,-1,130,1,1
384737,339,-1,155,1,1
384737,385,-1,175,1,1
384737,413,-1,27,1,0
384737,505,-1,70,1,1
385128,52,-1,159,1,1
385128,165,-1,117,1,1
385128,259,-1,83,1,1
385128,296,-1,127,1,1
385128,329,-1,26,1,0
385128,347,-1,81,1,1
385128,361,-1,169,1,1
385128,509,-1,80,1,1
385128,591,-1,54,1,0
390062,44,-1,63,1,1
390062,62,-1,69,1,1
390062,97,-1,31,1,0
390062,245,-1,57,1,0
390062,574,-1,34,1,0
390062,616,-1,80,1,1
390062,621,-1,151,1,1
390062,632,-1,32,1,0
390062,674,-1,47,1,0
390062,734,-1,56,1,0
390062,745,-1,56,1,0
397243,307,-1,149,1,1
397243,487,-1,148,1,1
397243,530,-1,49,1,0
397243,554,-1,156,1,1
397243,622,-1,20,1,0
397243,737,-1,63,1,1
397243,789,-1,120,1,1
399174,108,-1,67,1,1
399174,176,-1,87,1,1
399174,201,-1,130,1,1
399174,307,-1,115,1,1
399174,362,-1,161,1,1
399174,455,-1,131,1,1
399579,194,-1,91,1,1
399579,215,-1,38,1,0
399579,557,-1,94,1,1
399579,657,-1,153,1,1
399579,794,-1,177,1,1
400535,1,-1,139,1,1
400535,25,-1,48,1,0
400535,79,-1,83,1,1
400535,198,-1,90,1,1
400535,200,-1,151,1,1
400535,286,-1,21,1,0
400535,312,-1,143,1,1
400535,523,-1,157,1,1
400535,657,-1,174,1,1
400535,695,-1,128,1,1
404180,6,-1,171,1,1
404180,73,-1,171,1,1
404180,366,-1,167,1,1
404180,398,-1,179,1,1
404180,520,-1,137,1,1
404733,172,-1,161,1,1
404733,267,-1,50,1,0
404733,330,-1,154,1,1
404733,559,-1,78,1,1
408567,96,-1,64,1,1
408567,138,-1,179,1,1
408567,182,-1,151,1,1
408567,186,-1,40,1,0
408567,188,-1,144,1,1
408567,361,-1,175,1,1
408567,366,-1,156,1,1
408567,444,-1,97,1,1
408567,516,-1,175,1,1
408567,532,-1,48,1,0
408567,541,-1,174,1,1
408567,601,-1,42,1,0
412092,25,-1,72,1,1
412092,32,-1,156,1,1
412092,379,-1,46,1,0
412092,434,-1,39,1,0
412092,633,-1,105,1,1
412154,159,-1,133,1,1
412154,173,-1,67,1,1
412154,392,-1,96,1,1
412154,469,-1,36,1,0
412154,534,-1,37,1,0
412154,549,-1,75,1,1
412154,637,-1,114,1,1
417320,14,-1,94,1,1
417320,80,-1,164,1,1
417320,203,-1,65,1,1
417320,211,-1,20,1,0
417320,521,-1,48,1,0
417320,523,-1,130,1,1
417320,571,-1,174,1,1
417320,603,-1,56,1,0
417320,693,-1,46,1,0
419430,18,-1,162,1,1
419430,34,-1,81,1,1
419430,127,-1,122,1,1
419430,164,-1,148,1,1
419430,241,-1,124,1,1
419430,265,-1,53,1,0
419430,337,-1,151,1,1
419430,545,-1,84,1,1
419430,579,-1,86,1,1
419430,637,-1,25,1,0
419430,677,-1,94,1,1
419430,795,-1,97,1,1
420817,15,-1,91,1,1
420817,180,-1,78,1,1
420817,255,-1,49,1,0
420817,326,-1,94,1,1
420817,373,-1,41,1,0
420817,382,-1,138,1,1
420817,473,-1,70,1,1
420817,573,-1,24,1,0
420817,668,-1,51,1,0
420817,674,-1,47,1,0
420818,83,-1,123,1,1
420818,108,-1,178,1,1
420818,246,-1,174,1,1
420818,302,-1,113,1,1
420818,425,-1,178,1,1
420818,530,-1,62,1,1
420818,578,-1,139,1,1
420818,612,-1,158,1,1
420818,707,-1,77,1,1
420818,719,-1,70,1,1
420818,744,-1,75,1,1
420818,789,-1,47,1,0
421892,76,-1,172,1,1
421892,127,-1,138,1,1
421892,295,-1,70,1,1
421892,307,-1,57,1,0
421892,641,-1,112,1,1
421892,662,-1,129,1,1
423108,21,-1,152,1,1
423108,316,-1,179,1,1
423108,329,-1,146,1,1
423108,333,-1,40,1,0
423108,362,-1,125,1,1
423108,465,-1,179,1,1
423108,529,-1,65,1,1
423108,550,-1,71,1,1
423108,572,-1,172,1,1
423108,648,-1,100,1,1
423108,701,-1,155,1,1
423108,720,-1,102,1,1
424694,157,-1,109,1,1
424694,249,-1,110,1,1
424694,322,-1,162,1,1
424694,411,-1,110,1,1
424694,428,-1,173,1,1
424694,459,-1,141,1,1
424694,673,-1,68,1,1
425980,6,-1,116,1,1
425980,103,-1,173,1,1
425980,143,-1,98,1,1
425980,147,-1,32,1,0
425980,151,-1,136,1,1
425980,222,-1,161,1,1
425980,269,-1,28,1,0
425980,660,-1,90,1,1
425980,765,-1,66,1,1
425980,790,-1,83,1,1
438148,125,-1,58,1,0
438148,251,-1,156,1,1
438148,345,-1,133,1,1
438148,403,-1,21,1,0
438148,555,-1,27,1,0
438148,687,-1,46,1,0
438695,244,-1,115,1,1
438695,358,-1,49,1,0
438695,374,-1,61,1,1
438695,528,-1,96,1,1
438695,723,-1,119,1,1
439079,9,-1,41,1,0
439079,226,-1,112,1,1
439079,409,-1,44,1,0
439079,454,-1,82,1,1
439079,519,-1,79,1,1
439079,535,-1,159,1,1
439079,676,-1,173,1,1
439079,687,-1,129,1,1
444539,23,-1,129,1,1
444539,39,-1,157,1,1
444539,61,-1,124,1,1
444539,291,-1,177,1,1
444539,314,-1,135,1,1
444539,381,-1,52,1,0
444539,416,-1,158,1,1
444539,463,-1,120,1,1
444539,725,-1,70,1,1
444539,758,-1,128,1,1
444951,154,-1,37,1,0
444951,302,-1,156,1,1
444951,358,-1,166,1,1
444951,397,-1,36,1,0
444951,433,-1,138,1,1
444951,633,-1,93,1,1
444951,782,-1,51,1,0
447277,191,-1,98,1,1
447277,211,-1,113,1,1
447277,316,-1,146,1,1
447277,358,-1,154,1,1
447277,459,-1,110,1,1
447277,543,-1,62,1,1
447277,690,-1,28,1,0
447332,19,-1,130,1,1
447332,166,-1,156,1,1
447332,439,-1,117,1,1
447332,508,-1,150,1,1
447332,702,-1,178,1,1
447332,749,-1,127,1,1
454527,6,-1,178,1,1
454527,135,-1,99,1,1
454527,172,-1,111,1,1
454527,461,-1,67,1,1
454527,549,-1,59,1,0
454527,656,-1,163,1,1
454527,676,-1,163,1,1
454527,711,-1,25,1,0
454527,712,-1,167,1,1
454626,17,-1,148,1,1
454626,87,-1,82,1,1
454626,539,-1,177,1,1
454626,566,-1,37,1,0
454626,576,-1,143,1,1
454626,633,-1,133,1,1
454626,689,-1,143,1,1
454626,786,-1,75,1,1
458156,39,-1,120,1,1
458156,48,-1,173,1,1
458156,62,-1,129,1,1
458156,208,-1,173,1,1
458156,309,-1,172,1,1
458156,367,-1,36,1,0
458156,385,-1,44,1,0
458156,419,-1,21,1,0
458156,505,-1,113,1,1
458156,536,-1,74,1,1
458156,552,-1,24,1,0
458220,49,-1,55,1,0
458220,96,-1,20,1,0
458220,98,-1,130,1,1
458220,127,-1,124,1,1
458220,128,-1,114,1,1
458220,246,-1,38,1,0
458220,297,-1,180,1,1
458220,317,-1,120,1,1
458220,367,-1,92,1,1
458220,405,-1,180,1,1
458220,428,-1,107,1,1
458220,467,-1,53,1,0
458220,605,-1,95,1,1
458220,789,-1,82,1,1
461369,66,-1,50,1,0
461369,99,-1,152,1,1
461369,125,-1,123,1,1
461369,350,-1,105,1,1
461369,776,-1,36,1,0
462181,30,-1,161,1,1
462181,87,-1,169,1,1
462181,117,-1,145,1,1
462181,123,-1,145,1,1
462181,262,-1,169,1,1
462181,322,-1,104,1,1
462181,418,-1,161,1,1
462181,437,-1,176,1,1
462181,658,-1,24,1,0
462181,726,-1,30,1,0
462181,727,-1,164,1,1
472815,10,-1,30,1,0
472815,320,-1,144,1,1
472815,399,-1,82,1,1
472815,422,-1,164,1,1
472815,424,-1,28,1,0
472815,503,-1,72,1,1
472815,519,-1,174,1,1
472815,656,-1,168,1,1
472815,716,-1,98,1,1
472815,792,-1,62,1,1
481871,154,-1,22,1,0
481871,173,-1,114,1,1
481871,399,-1,57,1,0
481871,479,-1,92,1,1
481871,535,-1,171,1,1
492611,267,-1,174,1,1
492611,307,-1,24,1,0
492611,450,-1,113,1,1
492611,457,-1,82,1,1
492611,675,-1,174,1,1
492611,752,-1,141,1,1
492611,787,-1,22,1,0
493529,84,-1,96,1,1
493529,91,-1,157,1,1
493529,292,-1,164,1,1
493529,558,-1,154,1,1
493529,599,-1,124,1,1
493529,643,-1,45,1,0
493529,645,-1,70,1,1
493529,712,-1,123,1,1
493529,720,-1,144,1,1
493922,162,-1,52,1,0
493922,179,-1,179,1,1
493922,229,-1,118,1,1
493922,422,-1,174,1,1
493922,451,-1,36,1,0
493922,470,-1,92,1,1
493922,740,-1,118,1,1
493922,783,-1,61,1,1
498888,27,-1,152,1,1
498888,229,-1,109,1,1
498888,465,-1,144,1,1
498888,533,-1,54,1,0
498888,542,-1,94,1,1
498888,783,-1,35,1,0
501007,32,-1,178,1,1
501007,108,-1,99,1,1
501007,151,-1,122,1,1
501007,190,-1,56,1,0
501007,201,-1,168,1,1
501007,300,-1,43,1,0
501007,766,-1,273,2,1
504056,1,-1,164,1,1
504056,79,-1,76,1,1
504056,122,-1,47,1,0
504056,317,-1,20,1,0
504056,322,-1,75,1,1
504056,341,-1,82,1,1
504056,491,-1,136,1,1
504056,497,-1,57,1,0
504056,571,-1,57,1,0
504056,575,-1,54,1,0
504056,596,-1,46,1,0
504056,614,-1,50,1,0
506053,25,-1,64,1,1
506053,229,-1,36,1,0
506053,407,-1,155,1,1
506053,418,-1,178,1,1
506053,547,-1,110,1,1
506053,759,-1,180,1,1
508883,29,-1,80,1,1
508883,113,-1,153,1,1
508883,236,-1,43,1,0
508883,339,-1,48,1,0
508883,547,-1,50,1,0
508883,588,-1,47,1,0
508883,602,-1,116,1,1
508883,634,-1,163,1,1
508883,794,-1,124,1,1
508943,19,-1,180,1,1
508943,107,-1,36,1,0
508943,287,-1,110,1,1
508943,326,-1,55,1,0
508943,385,-1,112,1,1
508943,487,-1,130,1,1
508943,646,-1,99,1,1
508943,656,-1,161,1,1
508947,305,-1,131,1,1
508947,360,-1,25,1,0
508947,588,-1,48,1,0
508947,678,-1,49,1,0
509967,187,-1,136,1,1
509967,589,-1,51,1,0
509967,632,-1,99,1,1
509967,730,-1,177,1,1
512200,20,-1,71,1,1
512200,56,-1,54,1,0
512200,160,-1,134,1,1
512200,240,-1,58,1,0
512200,255,-1,57,1,0
512200,341,-1,49,1,0
512200,439,-1,126,1,1
512200,484,-1,138,1,1
512200,599,-1,150,1,1
512200,604,-1,64,1,1
512200,625,-1,146,1,1
514847,85,-1,108,1,1
514847,96,-1,116,1,1
514847,193,-1,50,1,0
514847,251,-1,159,1,1
514847,286,-1,72,1,1
514847,390,-1,127,1,1
514847,569,-1,112,1,1
514847,603,-1,119,1,1
514847,609,-1,63,1,1
514847,707,-1,125,1,1
520318,18,-1,137,1,1
520318,32,-1,123,1,1
520318,127,-1,104,1,1
520318,260,-1,88,1,1
520318,263,-1,122,1,1
520318,318,-1,152,1,1
520318,373,-1,22,1,0
520318,459,-1,169,1,1
520318,639,-1,137,1,1
520318,656,-1,22,1,0
520318,768,-1,167,1,1
530385,52,-1,111,1,1
530385,143,-1,125,1,1
530385,359,-1,112,1,1
530385,419,-1,82,1,1
530385,540,-1,29,1,0
530385,564,-1,88,1,1
530385,632,-1,99,1,1
530915,139,-1,180,1,1
530915,236,-1,58,1,0
530915,270,-1,61,1,1
530915,274,-1,178,1,1
530915,611,-1,149,1,1
530915,635,-1,174,1,1
530915,739,-1,163,1,1
537971,29,-1,162,1,1
537971,160,-1,82,1,1
537971,215,-1,31,1,0
537971,274,-1,38,1,0
537971,384,-1,104,1,1
537971,389,-1,87,1,1
537971,414,-1,169,1,1
537971,520,-1,111,1,1
537971,761,-1,79,1,1
545611,49,-1,112,1,1
545611,76,-1,168,1,1
545611,145,-1,174,1,1
545611,150,-1,45,1,0
545611,322,-1,167,1,1
545611,423,-1,72,1,1
545611,707,-1,41,1,0
545611,754,-1,103,1,1
550988,34,-1,75,1,1
550988,39,-1,68,1,1
550988,132,-1,26,1,0
550988,276,-1,40,1,0
550988,281,-1,44,1,0
550988,342,-1,92,1,1
550988,471,-1,60,1,1
550988,686,-1,132,1,1
550988,750,-1,140,1,1
550988,784,-1,125,1,1
550988,800,-1,80,1,1
557946,25,-1,148,1,1
557946,61,-1,106,1,1
557946,258,-1,37,1,0
557946,357,-1,42,1,0
557946,488,-1,84,1,1
557946,517,-1,52,1,0
557946,543,-1,68,1,1
557946,550,-1,118,1,1
557946,568,-1,155,1,1
557946,595,-1,116,1,1
558829,11,-1,115,1,1
558829,346,-1,61,1,1
558829,347,-1,61,1,1
558829,413,-1,74,1,1
558829,467,-1,78,1,1
558829,491,-1,75,1,1
558829,498,-1,177,1,1
558829,504,-1,169,1,1
558829,555,-1,105,1,1
558829,561,-1,37,1,0
558829,562,-1,123,1,1
558829,604,-1,153,1,1
558829,716,-1,162,1,1
558829,729,-1,24,1,0
558829,767,-1,28,1,0
564149,103,-1,64,1,1
564149,143,-1,177,1,1
564149,176,-1,164,1,1
564149,179,-1,94,1,1
564149,224,-1,67,1,1
564149,343,-1,111,1,1
564149,443,-1,173,1,1
564149,563,-1,35,1,0
564149,581,-1,31,1,0
566525,18,-1,115,1,1
566525,142,-1,33,1,0
566525,161,-1,86,1,1
566525,170,-1,55,1,0
566525,205,-1,59,1,0
566525,220,-1,122,1,1
566525,257,-1,24,1,0
566525,299,-1,68,1,1
566525,339,-1,124,1,1
566525,429,-1,175,1,1
566525,432,-1,152,1,1
566525,478,-1,59,1,0
566525,567,-1,66,1,1
566525,568,-1,97,1,1
566525,693,-1,100,1,1
566525,720,-1,162,1,1
567811,211,-1,55,1,0
567811,444,-1,93,1,1
567811,503,-1,116,1,1
567811,521,-1,167,1,1
567811,576,-1,159,1,1
567811,746,-1,179,1,1
574546,276,-1,58,1,0
574546,302,-1,97,1,1
574546,779,-1,113,1,1
577922,48,-1,38,1,0
577922,105,-1,35,1,0
577922,207,-1,170,1,1
577922,241,-1,149,1,1
577922,279,-1,49,1,0
577922,420,-1,44,1,0
577922,591,-1,134,1,1
579974,346,-1,64,1,1
579974,349,-1,117,1,1
579974,449,-1,123,1,1
579974,616,-1,129,1,1
579974,750,-1,51,1,0
580175,88,-1,122,1,1
580175,235,-1,124,1,1
580175,345,-1,31,1,0
580175,446,-1,122,1,1
580175,670,-1,138,1,1
580175,705,-1,105,1,1
582083,89,-1,25,1,0
582083,114,-1,22,1,0
582083,199,-1,42,1,0
582083,271,-1,50,1,0
582083,276,-1,152,1,1
582083,312,-1,127,1,1
582083,349,-1,146,1,1
582083,392,-1,76,1,1
582083,454,-1,155,1,1
582083,456,-1,104,1,1
582083,475,-1,176,1,1
582083,546,-1,174,1,1
582083,689,-1,161,1,1
585083,77,-1,21,1,0
585083,199,-1,117,1,1
585083,222,-1,41,1,0
585083,229,-1,137,1,1
585083,242,-1,57,1,0
585083,284,-1,134,1,1
585083,313,-1,44,1,0
585083,366,-1,138,1,1
585083,373,-1,113,1,1
585511,72,-1,156,1,1
585511,75,-1,139,1,1
585511,219,-1,101,1,1
585511,224,-1,112,1,1
585511,226,-1,67,1,1
585511,260,-1,98,1,1
585511,320,-1,140,1,1
585511,392,-1,58,1,0
585511,418,-1,75,1,1
585511,490,-1,32,1,0
585511,622,-1,156,1,1
585511,702,-1,132,1,1
585511,731,-1,125,1,1
585511,758,-1,53,1,0
587792,198,-1,102,1,1
587792,270,-1,37,1,0
587792,502,-1,129,1,1
587792,749,-1,117,1,1
588228,17,-1,72,1,1
588228,19,-1,100,1,1
588228,46,-1,57,1,0
588228,98,-1,124,1,1
588228,106,-1,64,1,1
588228,226,-1,87,1,1
588228,268,-1,20,1,0
588228,312,-1,108,1,1
588228,327,-1,27,1,0
588228,346,-1,46,1,0
588228,462,-1,137,1,1
588228,598,-1,112,1,1
588228,610,-1,66,1,1
588228,747,-1,155,1,1
592350,140,-1,160,1,1
592350,169,-1,67,1,1
592350,212,-1,177,1,1
592350,326,-1,148,1,1
592350,339,-1,138,1,1
592350,379,-1,120,1,1
592350,508,-1,115,1,1
592350,526,-1,42,1,0
592350,568,-1,168,1,1
592695,210,-1,46,1,0
592695,270,-1,130,1,1
592695,291,-1,92,1,1
592695,313,-1,156,1,1
592695,319,-1,120,1,1
592695,329,-1,97,1,1
592695,389,-1,74,1,1
592695,409,-1,75,1,1
592695,457,-1,66,1,1
592695,462,-1,132,1,1
592695,465,-1,82,1,1
592695,574,-1,62,1,1
592695,761,-1,127,1,1
592695,797,-1,86,1,1
592983,16,-1,28,1,0
592983,19,-1,157,1,1
592983,46,-1,135,1,1
592983,61,-1,28,1,0
592983,93,-1,31,1,0
592983,214,-1,171,1,1
592983,468,-1,47,1,0
592983,622,-1,27,1,0
592983,689,-1,30,1,0
592983,698,-1,48,1,0
593676,3,-1,71,1,1
593676,58,-1,86,1,1
593676,90,-1,174,1,1
593676,166,-1,128,1,1
593676,232,-1,117,1,1
593676,239,-1,82,1,1
593676,290,-1,96,1,1
593676,416,-1,177,1,1
593676,454,-1,41,1,0
593676,545,-1,161,1,1
593676,690,-1,22,1,0
602211,48,-1,149,1,1
602211,148,-1,160,1,1
602211,246,-1,39,1,0
602211,395,-1,176,1,1
602211,412,-1,103,1,1
602211,501,-1,52,1,0
602211,688,-1,101,1,1
602211,704,-1,74,1,1
608812,38,-1,47,1,0
608812,50,-1,25,1,0
608812,93,-1,59,1,0
608812,139,-1,148,1,1
608812,205,-1,116,1,1
608812,471,-1,163,1,1
608812,494,-1,125,1,1
608812,501,-1,25,1,0
608812,542,-1,90,1,1
608812,641,-1,61,1,1
608812,647,-1,176,1,1
608812,704,-1,116,1,1
608812,787,-1,78,1,1
612503,19,-1,131,1,1
612503,324,-1,78,1,1
612503,602,-1,119,1,1
615321,73,-1,159,1,1
615321,152,-1,33,1,0
615321,189,-1,107,1,1
615321,226,-1,49,1,0
615321,256,-1,85,1,1
615321,270,-1,145,1,1
615321,280,-1,133,1,1
615321,376,-1,157,1,1
615321,384,-1,177,1,1
615321,390,-1,49,1,0
615321,422,-1,101,1,1
615321,571,-1,99,1,1
615321,594,-1,88,1,1
615321,629,-1,63,1,1
615321,641,-1,125,1,1
615321,666,-1,80,1,1
615656,84,-1,121,1,1
615656,97,-1,81,1,1
615656,225,-1,53,1,0
615656,453,-1,175,1,1
615656,461,-1,104,1,1
615656,462,-1,71,1,1
615656,571,-1,127,1,1
615656,637,-1,167,1,1
615656,766,-1,159,1,1
615665,170,-1,100,1,1
615665,411,-1,167,1,1
615665,437,-1,58,1,0
615665,438,-1,71,1,1
615665,501,-1,28,1,0
615665,653,-1,138,1,1
615665,746,-1,118,1,1
624860,66,-1,139,1,1
624860,117,-1,71,1,1
624860,212,-1,173,1,1
624860,274,-1,117,1,1
624860,284,-1,178,1,1
624860,316,-1,131,1,1
624860,420,-1,69,1,1
624860,544,-1,162,1,1
624860,594,-1,131,1,1
624860,611,-1,67,1,1
624860,660,-1,150,1,1
624860,790,-1,116,1,1
629542,132,-1,83,1,1
629542,145,-1,159,1,1
629542,299,-1,93,1,1
629542,320,-1,115,1,1
629542,501,-1,137,1,1
629542,509,-1,85,1,1
629542,529,-1,61,1,1
635302,195,-1,116,1,1
635302,201,-1,154,1,1
635302,527,-1,104,1,1
635302,623,-1,106,1,1
635302,746,-1,22,1,0
635302,776,-1,80,1,1
646385,218,-1,138,1,1
646385,365,-1,166,1,1
646385,383,-1,81,1,1
646385,532,-1,53,1,0
646385,598,-1,118,1,1
646385,648,-1,88,1,1
646385,665,-1,70,1,1
654028,82,-1,32,1,0
654028,100,-1,73,1,1
654028,425,-1,44,1,0
654028,528,-1,34,1,0
654028,574,-1,58,1,0
654028,578,-1,61,1,1
654028,659,-1,161,1,1
654028,670,-1,113,1,1
654028,768,-1,141,1,1
656908,39,-1,39,1,0
656908,40,-1,161,1,1
656908,119,-1,88,1,1
656908,146,-1,45,1,0
656908,256,-1,46,1,0
656908,477,-1,48,1,0
656908,503,-1,127,1,1
656908,536,-1,175,1,1
656908,759,-1,90,1,1
656908,771,-1,20,1,0
656908,783,-1,92,1,1
660120,154,-1,153,1,1
660120,226,-1,130,1,1
660120,245,-1,37,1,0
660120,342,-1,58,1,0
660120,356,-1,118,1,1
660120,366,-1,116,1,1
660120,435,-1,27,1,0
660120,462,-1,139,1,1
660120,534,-1,117,1,1
660120,710,-1,82,1,1
661286,333,-1,160,1,1
661286,433,-1,178,1,1
661286,446,-1,171,1,1
661286,558,-1,161,1,1
661286,591,-1,103,1,1
661286,628,-1,37,1,0
661286,714,-1,45,1,0
661286,759,-1,174,1,1
663712,79,-1,134,1,1
663712,109,-1,72,1,1
663712,386,-1,120,1,1
663712,431,-1,66,1,1
663712,450,-1,84,1,1
663712,588,-1,174,1,1
663712,715,-1,169,1,1
663712,741,-1,165,1,1
666035,51,-1,42,1,0
666035,57,-1,37,1,0
666035,121,-1,114,1,1
666035,122,-1,151,1,1
666035,241,-1,142,1,1
666035,308,-1,106,1,1
666035,315,-1,100,1,1
666035,607,-1,164,1,1
666035,739,-1,29,1,0
666154,464,-1,54,1,0
666154,475,-1,179,1,1
666154,483,-1,123,1,1
666154,599,-1,158,1,1
666154,706,-1,112,1,1
666154,719,-1,106,1,1
666154,735,-1,73,1,1
666154,771,-1,138,1,1
668489,40,-1,90,1,1
668489,391,-1,33,1,0
672322,53,-1,23,1,0
672322,65,-1,87,1,1
672322,145,-1,82,1,1
672322,251,-1,47,1,0
672322,363,-1,180,1,1
672322,587,-1,146,1,1
672322,589,-1,100,1,1
672322,709,-1,37,1,0
672515,57,-1,121,1,1
672515,123,-1,23,1,0
672515,393,-1,173,1,1
672515,463,-1,31,1,0
672515,497,-1,45,1,0
672515,570,-1,100,1,1
672515,655,-1,115,1,1
672515,737,-1,125,1,1
675353,85,-1,36,1,0
675353,103,-1,129,1,1
675353,119,-1,139,1,1
675353,184,-1,144,1,1
675353,311,-1,55,1,0
675353,319,-1,60,1,1
675353,427,-1,139,1,1
675353,464,-1,52,1,0
675353,653,-1,60,1,1
681291,60,-1,55,1,0
681291,247,-1,149,1,1
681291,327,-1,83,1,1
681291,457,-1,76,1,1
681291,534,-1,177,1,1
681291,626,-1,158,1,1
681291,712,-1,115,1,1
689679,40,-1,44,1,0
689679,46,-1,177,1,1
689679,111,-1,79,1,1
689679,192,-1,56,1,0
689679,236,-1,162,1,1
689679,283,-1,73,1,1
689679,300,-1,161,1,1
689679,303,-1,37,1,0
689679,356,-1,61,1,1
689679,458,-1,166,1,1
689679,479,-1,177,1,1
689679,672,-1,80,1,1
695721,96,-1,61,1,1
695721,236,-1,47,1,0
695721,307,-1,72,1,1
695721,331,-1,154,1,1
695721,336,-1,134,1,1
695721,345,-1,177,1,1
695721,457,-1,115,1,1
695721,665,-1,69,1,1
695721,731,-1,172,1,1
698508,243,-1,155,2,1
698508,269,-1,77,1,1
698508,370,-1,77,1,1
698508,382,-1,122,1,1
698508,412,-1,178,1,1
698508,448,-1,70,1,1
698508,590,-1,100,1,1
698508,629,-1,46,1,0
698508,698,-1,143,1,1
698508,703,-1,93,1,1
698508,791,-1,35,1,0
698687,97,-1,56,1,0
698687,219,-1,95,1,1
698687,342,-1,113,1,1
698687,350,-1,156,1,1
698687,383,-1,125,1,1
698687,457,-1,55,1,0
698687,474,-1,79,1,1
698687,615,-1,154,1,1
698687,636,-1,150,1,1
698687,716,-1,94,1,1
706503,9,-1,158,1,1
706503,108,-1,142,1,1
706503,301,-1,101,1,1
706503,345,-1,35,1,0
706503,352,-1,170,1,1
706503,446,-1,93,1,1
706503,457,-1,94,1,1
706503,494,-1,85,1,1
715831,15,-1,93,1,1
715831,93,-1,98,1,1
715831,139,-1,90,1,1
715831,447,-1,84,1,1
715831,500,-1,58,1,0
715831,566,-1,151,1,1
715831,648,-1,137,1,1
715831,684,-1,135,1,1
715831,799,-1,161,1,1
717980,16,-1,95,1,1
717980,214,-1,43,1,0
717980,459,-1,63,1,1
717980,514,-1,109,1,1
717980,705,-1,150,1,1
718930,186,-1,142,1,1
718930,215,-1,120,1,1
718930,267,-1,25,1,0
718930,648,-1,112,1,1
718930,768,-1,119,1,1
728308,42,-1,71,1,1
728308,197,-1,145,1,1
728308,210,-1,104,1,1
728308,416,-1,91,1,1
728308,764,-1,64,1,1
740903,37,-1,174,1,1
740903,422,-1,168,1,1
740903,424,-1,172,1,1
740903,672,-1,89,1,1
740903,715,-1,152,1,1
740903,795,-1,42,1,0
746036,89,-1,32,1,0
746036,156,-1,79,1,1
746036,440,-1,154,1,1
746036,558,-1,51,1,0
746036,582,-1,179,1,1
746036,799,-1,169,1,1
760104,23,-1,100,1,1
760104,204,-1,118,1,1
760104,269,-1,52,1,0
760104,310,-1,28,1,0
760104,455,-1,115,1,1
760104,533,-1,30,1,0
760104,640,-1,170,1,1
760104,747,-1,109,1,1
762441,219,-1,69,1,1
762441,246,-1,160,1,1
762441,336,-1,126,1,1
762441,422,-1,74,1,1
762441,441,-1,62,1,1
762441,526,-1,158,1,1
762441,538,-1,52,1,0
762441,577,-1,26,1,0
763164,98,-1,100,1,1
763164,114,-1,24,1,0
763164,166,-1,29,1,0
763164,620,-1,110,1,1
787747,371,-1,124,1,1
787747,509,-1,82,1,1
787747,611,-1,90,1,1
787747,723,-1,68,1,1
787747,778,-1,137,1,1
791373,145,-1,149,1,1
791373,169,-1,83,1,1
791373,253,-1,95,1,1
791373,299,-1,165,1,1
791373,455,-1,104,1,1
791373,463,-1,171,1,1
791373,596,-1,42,1,0
791373,645,-1,138,1,1
791373,690,-1,22,1,0
791373,694,-1,86,1,1
791373,717,-1,152,1,1
791373,770,-1,29,1,0
791373,786,-1,172,1,1
792307,256,-1,160,1,1
792307,378,-1,169,1,1
792307,485,-1,155,1,1
792307,593,-1,177,1,1
792307,687,-1,138,1,1
792307,715,-1,93,1,1
792307,740,-1,56,1,0
792307,773,-1,64,1,1
801335,4,-1,35,1,0
801335,17,-1,94,1,1
801335,118,-1,22,1,0
801335,137,-1,58,1,0
801335,139,-1,87,1,1
801335,155,-1,110,1,1
801335,407,-1,84,1,1
801335,464,-1,86,1,1
801335,493,-1,69,1,1
801335,630,-1,43,1,0
801335,677,-1,138,1,1
804158,158,-1,39,1,0
804158,168,-1,147,1,1
804158,185,-1,74,1,1
804158,214,-1,128,1,1
804158,241,-1,165,2,1
804158,278,-1,82,1,1
804158,470,-1,121,1,1
804158,603,-1,58,1,0
804158,774,-1,174,1,1
806405,4,-1,72,1,1
806405,32,-1,179,1,1
806405,286,-1,54,1,0
806405,335,-1,88,1,1
806405,342,-1,106,1,1
806405,375,-1,151,1,1
806405,383,-1,103,1,1
806405,408,-1,56,1,0
806405,560,-1,106,1,1
806405,600,-1,180,1,1
806405,666,-1,32,1,0
806405,703,-1,53,1,0
806405,793,-1,67,1,1
806405,795,-1,60,1,1
811941,236,-1,29,1,0
811941,258,-1,164,1,1
811941,290,-1,178,1,1
811941,522,-1,175,1,1
811941,574,-1,66,1,1
811941,599,-1,119,1,1
811941,607,-1,56,1,0
811941,615,-1,34,1,0
811941,648,-1,44,1,0
811941,666,-1,125,1,1
811941,791,-1,176,1,1
812037,549,-1,35,1,0
812037,665,-1,23,1,0
812037,682,-1,76,1,1
812037,724,-1,161,1,1
813762,146,-1,158,1,1
813762,199,-1,47,1,0
813762,203,-1,52,1,0
813762,400,-1,61,1,1
813762,633,-1,147,1,1
813762,688,-1,40,1,0
813762,728,-1,144,1,1
813762,761,-1,38,1,0
818647,97,-1,90,1,1
818647,505,-1,130,1,1
818647,516,-1,21,1,0
818647,677,-1,49,1,0
818647,712,-1,115,1,1
838240,57,-1,51,1,0
838240,462,-1,138,1,1
838240,491,-1,24,1,0
838240,619,-1,70,1,1
838240,698,-1,72,1,1
838240,704,-1,154,1,1
838240,783,-1,31,1,0
838240,792,-1,140,1,1
842924,106,-1,88,1,1
842924,412,-1,95,1,1
842924,529,-1,158,1,1
842924,658,-1,50,1,0
842924,675,-1,152,1,1
842924,689,-1,93,1,1
842924,783,-1,56,1,0
842924,785,-1,126,1,1
843527,20,-1,123,1,1
843527,74,-1,100,1,1
843527,101,-1,94,1,1
843527,117,-1,111,1,1
843527,170,-1,59,1,0
843527,173,-1,20,1,0
843527,248,-1,93,1,1
843527,273,-1,139,1,1
843527,302,-1,81,1,1
843527,508,-1,79,1,1
843527,539,-1,54,1,0
843527,614,-1,270,2,1
843527,651,-1,112,1,1
846422,44,-1,159,1,1
846422,129,-1,147,1,1
846422,163,-1,140,1,1
846422,322,-1,157,1,1
846422,534,-1,156,1,1
846422,665,-1,61,1,1
846422,765,-1,47,1,0
846422,770,-1,134,1,1
851644,130,-1,156,1,1
851644,335,-1,37,1,0
851644,348,-1,128,1,1
851644,474,-1,98,1,1
851644,731,-1,97,1,1
864168,19,-1,100,1,1
864168,326,-1,49,1,0
864168,797,-1,100,1,1
873488,67,-1,42,1,0
873488,240,-1,57,1,0
873488,470,-1,93,1,1
873488,539,-1,255,2,1
873488,619,-1,128,1,1
873488,738,-1,114,1,1
873488,772,-1,26,1,0
873967,41,-1,161,1,1
873967,152,-1,156,1,1
873967,369,-1,143,1,1
873967,407,-1,91,1,1
873967,690,-1,40,1,0
873967,691,-1,86,1,1
873967,709,-1,145,1,1
873967,722,-1,142,1,1
873967,767,-1,20,1,0
882569,126,-1,90,1,1
882569,137,-1,115,1,1
882569,232,-1,136,1,1
882569,248,-1,34,1,0
882569,274,-1,120,1,1
882569,350,-1,167,1,1
882569,427,-1,173,1,1
882569,464,-1,44,1,0
882569,504,-1,158,1,1
882569,796,-1,64,1,1
891699,182,-1,131,1,1
891699,238,-1,33,1,0
891699,291,-1,177,1,1
891699,372,-1,123,1,1
891699,506,-1,30,1,0
891699,546,-1,178,1,1
891699,585,-1,69,1,1
891699,788,-1,152,1,1
897160,37,-1,156,1,1
897160,208,-1,148,1,1
897160,228,-1,108,1,1
897160,298,-1,114,1,1
897160,439,-1,161,1,1
897160,547,-1,47,1,0
897160,579,-1,161,1,1
897160,768,-1,135,1,1
901362,160,-1,80,1,1
901362,213,-1,170,1,1
901362,298,-1,80,1,1
901362,335,-1,148,1,1
901362,342,-1,62,1,1
901362,421,-1,160,1,1
901362,590,-1,116,1,1
901362,612,-1,85,1,1
901362,644,-1,29,1,0
901362,650,-1,131,1,1
901362,655,-1,179,1,1
901362,665,-1,95,1,1
901362,747,-1,128,1,1
918200,8,-1,121,1,1
918200,93,-1,154,1,1
918200,318,-1,79,1,1
918200,434,-1,68,1,1
918200,542,-1,45,1,0
918200,554,-1,86,1,1
918200,566,-1,151,1,1
918200,620,-1,117,1,1
918200,789,-1,126,1,1
920302,27,-1,104,1,1
920302,91,-1,169,1,1
920302,194,-1,92,1,1
920302,336,-1,22,1,0
920302,340,-1,50,1,0
920302,374,-1,87,1,1
920302,382,-1,149,1,1
920302,467,-1,48,1,0
920302,480,-1,106,1,1
920302,543,-1,68,1,1
920302,562,-1,109,1,1
920302,591,-1,66,1,1
920302,737,-1,117,1,1
926393,62,-1,161,1,1
926393,203,-1,48,1,0
926393,216,-1,35,1,0
926393,321,-1,166,1,1
926393,339,-1,55,1,0
926393,358,-1,78,1,1
926393,658,-1,116,1,1
926393,755,-1,151,1,1
926393,790,-1,117,1,1
926606,17,-1,176,1,1
926606,25,-1,114,1,1
926606,109,-1,30,1,0
926606,168,-1,51,1,0
926606,256,-1,85,1,1
926606,315,-1,71,1,1
926606,434,-1,97,1,1
926606,436,-1,132,1,1
926606,455,-1,173,1,1
926606,657,-1,123,1,1
926606,778,-1,130,1,1
929590,37,-1,137,1,1
929590,47,-1,126,1,1
929590,79,-1,151,1,1
929590,82,-1,59,1,0
929590,86,-1,42,1,0
929590,451,-1,119,1,1
929590,575,-1,164,1,1
929590,759,-1,159,1,1
930094,51,-1,31,1,0
930094,168,-1,66,1,1
930094,170,-1,139,1,1
930094,223,-1,22,1,0
930094,315,-1,65,1,1
930094,326,-1,172,1,1
930094,459,-1,43,1,0
930094,461,-1,103,1,1
930094,494,-1,111,1,1
930094,687,-1,84,1,1
930094,764,-1,170,1,1
930094,779,-1,128,1,1
937287,22,-1,73,1,1
937287,196,-1,41,1,0
937287,239,-1,161,1,1
937287,256,-1,28,1,0
937287,347,-1,27,1,0
937287,408,-1,159,1,1
937287,652,-1,133,1,1
937287,684,-1,117,1,1
937287,796,-1,44,1,0
940721,231,-1,41,1,0
940721,237,-1,161,1,1
940721,310,-1,118,1,1
940721,400,-1,113,1,1
940721,569,-1,102,1,1
940721,597,-1,75,1,1
940721,608,-1,143,1,1
940721,665,-1,170,1,1
940721,700,-1,134,1,1
940721,762,-1,267,2,1
955555,143,-1,95,1,1
955555,229,-1,53,1,0
955555,232,-1,118,1,1
955555,395,-1,126,1,1
955555,450,-1,80,1,1
955555,732,-1,90,1,1
956057,2,-1,115,1,1
956057,459,-1,63,1,1
956057,588,-1,70,1,1
956057,755,-1,119,1,1
968051,10,-1,149,1,1
968051,28,-1,151,1,1
968051,68,-1,24,1,0
968051,96,-1,107,1,1
968051,100,-1,105,1,1
968051,267,-1,100,1,1
968051,472,-1,104,1,1
968051,584,-1,70,1,1
968051,592,-1,118,1,1
968051,602,-1,170,1,1
968051,708,-1,89,1,1
968051,742,-1,127,1,1
968051,771,-1,135,1,1
969492,322,-1,157,1,1
969492,332,-1,144,1,1
969492,755,-1,149,1,1
969492,773,-1,119,1,1
975511,22,-1,47,1,0
975511,72,-1,175,1,1
975511,295,-1,62,1,1
975511,411,-1,92,1,1
975511,676,-1,89,1,1
976893,88,-1,103,1,1
976893,99,-1,63,1,1
976893,302,-1,135,1,1
976893,513,-1,97,1,1
976893,546,-1,100,1,1
976893,716,-1,59,1,0
976893,722,-1,59,1,0
985932,90,-1,151,1,1
985932,174,-1,116,1,1
985932,243,-1,107,1,1
985932,329,-1,109,1,1
985932,335,-1,111,1,1
985932,498,-1,153,1,1
985932,564,-1,106,1,1
985932,565,-1,143,1,1
985932,582,-1,134,1,1
985939,340,-1,61,1,1
985939,418,-1,128,1,1
985939,677,-1,156,1,1
987400,224,-1,37,1,0
987400,324,-1,173,1,1
987400,360,-1,141,1,1
987400,591,-1,36,1,0
987400,748,-1,156,1,1
1001270,96,-1,154,1,1
1001270,148,-1,156,1,1
1001270,179,-1,34,1,0
1001270,337,-1,179,1,1
1001270,348,-1,22,1,0
1001270,383,-1,54,1,0
1001270,611,-1,155,1,1
1001270,703,-1,70,1,1
1003598,63,-1,107,1,1
1003598,262,-1,138,1,1
1003598,331,-1,80,1,1
1003598,384,-1,98,1,1
1003598,663,-1,174,1,1
1003598,695,-1,99,1,1
1003598,704,-1,41,1,0
1004463,22,-1,34,1,0
1004463,62,-1,140,1,1
1004463,75,-1,78,1,1
1004463,169,-1,123,1,1
1004463,188,-1,139,1,1
1004463,283,-1,171,1,1
1004463,320,-1,91,1,1
1004463,416,-1,74,1,1
1004463,442,-1,111,1,1
1004463,492,-1,108,1,1
1004463,493,-1,65,1,1
1004463,759,-1,24,1,0
1004463,764,-1,51,1,0
1022690,302,-1,30,1,0
1022690,494,-1,169,1,1
1022690,553,-1,177,1,1
1022796,243,-1,127,1,1
1022796,378,-1,60,1,1
1022796,568,-1,152,1,1
1022796,580,-1,74,1,1
1022796,597,-1,115,1,1
1022796,751,-1,109,1,1
1022796,777,-1,56,1,0
1022964,129,-1,180,1,1
1022964,139,-1,41,1,0
1022964,202,-1,112,1,1
1022964,453,-1,85,1,1
1022964,621,-1,156,1,1
1032778,28,-1,95,1,1
1032778,63,-1,47,1,0
1032778,64,-1,21,1,0
1032778,71,-1,159,1,1
1032778,74,-1,33,1,0
1032778,549,-1,172,1,1
1032778,762,-1,58,1,0
1037113,67,-1,38,1,0
1037113,87,-1,20,1,0
1037113,154,-1,78,1,1
1037113,199,-1,87,1,1
1037113,256,-1,42,1,0
1037113,296,-1,157,1,1
1037113,298,-1,180,1,1
1037113,559,-1,120,1,1
1037113,638,-1,128,1,1
1037113,661,-1,137,1,1
1037113,683,-1,96,1,1
1037113,750,-1,87,1,1
1059673,91,-1,138,1,1
1059673,327,-1,50,1,0
1059673,553,-1,148,1,1
1062807,83,-1,61,1,1
1062807,118,-1,56,1,0
1062807,398,-1,31,1,0
1062807,461,-1,78,1,1
1062807,733,-1,127,1,1
1062807,750,-1,116,1,1
1064312,332,-1,80,1,1
1064312,338,-1,150,1,1
1064312,390,-1,61,1,1
1064312,410,-1,93,1,1
1064312,611,-1,158,1,1
1072790,129,-1,66,1,1
1072790,221,-1,136,1,1
1072790,256,-1,176,1,1
1072790,389,-1,151,1,1
1072790,452,-1,60,1,1
1072790,513,-1,50,1,0
1072790,584,-1,145,1,1
1072790,796,-1,171,1,1
1083968,325,-1,110,1,1
1083968,331,-1,27,1,0
1083968,379,-1,84,1,1
1083968,591,-1,139,1,1
1083968,659,-1,43,1,0
1083968,672,-1,164,1,1
1083968,751,-1,66,1,1
1086910,12,-1,78,1,1
1086910,36,-1,163,1,1
1086910,95,-1,118,1,1
1086910,127,-1,85,1,1
1086910,150,-1,49,1,0
1086910,184,-1,91,1,1
1086910,489,-1,155,1,1
1086910,606,-1,145,1,1
1086910,648,-1,100,1,1
1086910,666,-1,165,1,1
1086910,672,-1,77,1,1
1086910,722,-1,63,1,1
1086910,724,-1,64,1,1
1088166,90,-1,76,1,1
1088166,93,-1,62,1,1
1088166,190,-1,74,1,1
1088166,246,-1,115,1,1
1088166,535,-1,127,1,1
1088166,624,-1,36,1,0
1096563,77,-1,69,1,1
1096563,171,-1,131,1,1
1096563,249,-1,148,1,1
1096563,554,-1,89,1,1
1096563,651,-1,154,1,1
1096563,777,-1,116,1,1
1100782,291,-1,149,1,1
1100782,479,-1,134,1,1
1100782,595,-1,66,1,1
1100782,647,-1,69,1,1
1100782,725,-1,43,1,0
1100782,790,-1,80,1,1
1102776,14,-1,98,1,1
1102776,149,-1,111,1,1
1102776,331,-1,120,1,1
1102776,352,-1,173,1,1
1102776,522,-1,152,1,1
1102776,557,-1,89,1,1
1102776,588,-1,22,1,0
1102776,600,-1,50,1,0
1102776,636,-1,128,1,1
1102776,703,-1,130,1,1
1102776,777,-1,73,1,1
1102776,783,-1,46,1,0
1108427,229,-1,22,1,0
1108427,276,-1,102,1,1
1108427,358,-1,41,1,0
1108427,470,-1,86,1,1
1108427,608,-1,54,1,0
1108427,680,-1,159,1,1
1108427,731,-1,135,1,1
1126166,231,-1,104,1,1
1126166,236,-1,68,1,1
1126166,276,-1,108,1,1
1126166,317,-1,78,1,1
1126166,462,-1,84,1,1
1126166,531,-1,57,1,0
1126166,548,-1,66,1,1
1126166,758,-1,179,1,1
1126166,797,-1,25,1,0
1126336,44,-1,159,1,1
1126336,51,-1,60,1,1
1126336,116,-1,113,1,1
1126336,175,-1,42,1,0
1126336,230,-1,34,1,0
1126336,232,-1,172,1,1
1126336,253,-1,141,1,1
1126336,382,-1,166,1,1
1126336,501,-1,51,1,0
1126336,786,-1,66,1,1
1126336,796,-1,29,1,0
1133651,92,-1,141,1,1
1133651,212,-1,130,1,1
1133651,217,-1,123,1,1
1133651,430,-1,140,1,1
1133651,482,-1,55,1,0
1133651,706,-1,93,1,1
1133651,762,-1,79,1,1
1133651,784,-1,98,1,1
1135303,8,-1,71,1,1
1135303,66,-1,115,1,1
1135303,561,-1,67,1,1
1135303,620,-1,45,1,0
1135873,147,-1,114,2,1
1135873,393,-1,64,1,1
1135873,436,-1,95,1,1
1135873,444,-1,79,1,1
1135873,454,-1,31,1,0
1135873,520,-1,65,1,1
1135873,559,-1,176,1,1
1135873,643,-1,40,1,0
1140535,23,-1,174,1,1
1140535,42,-1,95,1,1
1140535,197,-1,33,1,0
1140535,441,-1,94,1,1
1140535,487,-1,80,1,1
1140535,540,-1,177,1,1
1140535,631,-1,147,1,1
1140535,669,-1,157,1,1
1140535,707,-1,71,1,1
1140535,767,-1,86,1,1
1145221,3,-1,45,1,0
1145221,7,-1,50,1,0
1145221,49,-1,29,1,0
1145221,50,-1,178,1,1
1145221,211,-1,123,1,1
1145221,362,-1,111,1,1
1145221,377,-1,136,1,1
1145221,534,-1,171,1,1
1145221,535,-1,58,1,0
1145221,629,-1,71,1,1
1145221,710,-1,107,1,1
1148713,158,-1,52,1,0
1148713,473,-1,173,1,1
1148713,545,-1,91,1,1
1148713,556,-1,92,1,1
1149912,83,-1,63,1,1
1149912,171,-1,123,1,1
1149912,203,-1,89,1,1
1149912,217,-1,77,1,1
1149912,253,-1,170,1,1
1149912,365,-1,26,1,0
1149912,469,-1,299,2,1
1149912,529,-1,107,1,1
1149912,796,-1,64,1,1
1151334,14,-1,57,1,0
1151334,190,-1,22,1,0
1151334,406,-1,42,1,0
1151334,567,-1,137,1,1
1151334,609,-1,67,1,1
1151334,774,-1,48,1,0
1151334,778,-1,152,1,1
1159831,175,-1,100,1,1
1159831,206,-1,143,1,1
1159831,238,-1,51,1,0
1159831,296,-1,107,1,1
1159831,433,-1,151,1,1
1159831,438,-1,179,1,1
1159831,444,-1,57,1,0
1159831,504,-1,31,1,0
1159831,560,-1,50,1,0
1159831,599,-1,93,1,1
1159831,644,-1,121,1,1
1159831,716,-1,133,1,1
1159831,718,-1,172,1,1
1169210,75,-1,113,1,1
1169210,93,-1,135,1,1
1169210,138,-1,142,1,1
1169210,180,-1,169,1,1
1169210,219,-1,153,1,1
1169210,696,-1,63,1,1
1169210,702,-1,102,1,1
1181701,13,-1,110,1,1
1181701,77,-1,64,1,1
1181701,100,-1,24,1,0
1181701,151,-1,156,1,1
1181701,338,-1,124,1,1
1181701,352,-1,62,1,1
1181701,508,-1,127,1,1
1181701,544,-1,21,1,0
1181701,556,-1,54,1,0
1181701,602,-1,56,1,0
1181701,669,-1,126,1,1
1190511,80,-1,44,1,0
1190511,101,-1,177,1,1
1190511,176,-1,132,1,1
1190511,245,-1,143,2,1
1190511,340,-1,177,1,1
1190511,432,-1,31,1,0
1190511,510,-1,141,1,1
1190511,546,-1,87,1,1
1190511,717,-1,128,1,1
1198426,30,-1,137,1,1
1198426,276,-1,59,1,0
1198426,295,-1,22,1,0
1198426,584,-1,91,1,1
1198426,786,-1,35,1,0
1203097,14,-1,127,1,1
1203097,380,-1,73,1,1
1203097,397,-1,31,1,0
1203097,444,-1,180,1,1
1203097,445,-1,140,1,1
1203097,516,-1,178,1,1
1203097,681,-1,63,1,1
1203097,733,-1,116,1,1
1204186,15,-1,89,1,1
1204186,17,-1,168,1,1
1204186,54,-1,34,1,0
1204186,199,-1,166,1,1
1204186,348,-1,130,1,1
1204186,424,-1,46,1,0
1204186,454,-1,96,1,1
1204186,492,-1,107,1,1
1204186,602,-1,111,1,1
1204186,613,-1,64,1,1
1204186,757,-1,169,1,1
1205515,98,-1,96,1,1
1205515,148,-1,125,1,1
1205515,246,-1,149,1,1
1205515,275,-1,133,1,1
1205515,276,-1,176,1,1
1205515,313,-1,25,1,0
1205515,389,-1,106,1,1
1205515,391,-1,136,1,1
1205515,478,-1,115,1,1
1205515,486,-1,87,1,1
1205515,491,-1,110,1,1
1205515,501,-1,128,1,1
1205515,511,-1,153,1,1
1205515,515,-1,154,1,1
1205515,639,-1,111,1,1
1205515,654,-1,39,1,0
1205648,15,-1,139,1,1
1205648,250,-1,102,1,1
1205648,297,-1,59,1,0
1205648,361,-1,99,1,1
1205648,369,-1,95,1,1
1205648,576,-1,26,1,0
1205648,730,-1,64,1,1
1205648,743,-1,53,1,0
1206008,83,-1,36,1,0
1206008,87,-1,31,1,0
1206008,127,-1,27,1,0
1206008,194,-1,62,1,1
1206008,200,-1,71,1,1
1206008,309,-1,139,1,1
1206008,421,-1,92,1,1
1206008,522,-1,155,1,1
1206008,551,-1,51,1,0
1206008,618,-1,43,1,0
1206008,619,-1,51,1,0
1206008,629,-1,70,1,1
1206008,724,-1,78,1,1
1214028,290,-1,135,1,1
1214028,291,-1,23,1,0
1214028,400,-1,100,1,1
1214028,467,-1,39,1,0
1214028,642,-1,30,1,0
1214028,700,-1,29,1,0
1226863,94,-1,166,1,1
1226863,179,-1,161,1,1
1226863,312,-1,145,1,1
1226863,353,-1,107,1,1
1226863,625,-1,60,1,1
1226863,673,-1,173,1,1
1232546,278,-1,122,1,1
1232546,287,-1,29,1,0
1232546,570,-1,148,1,1
1233066,96,-1,100,1,1
1233066,150,-1,157,1,1
1233066,222,-1,128,1,1
1233066,259,-1,20,1,0
1233066,390,-1,57,1,0
1233066,651,-1,98,1,1
1233575,39,-1,174,1,1
1233575,91,-1,107,1,1
1233575,174,-1,45,1,0
1233575,240,-1,228,2,1
1233575,677,-1,170,1,1
1233575,719,-1,146,1,1
1235746,29,-1,77,1,1
1235746,40,-1,95,1,1
1235746,104,-1,172,1,1
1235746,132,-1,72,1,1
1235746,133,-1,77,1,1
1235746,220,-1,174,1,1
1235746,352,-1,125,1,1
1235746,365,-1,215,2,1
1235746,382,-1,97,1,1
1235746,548,-1,93,1,1
1235746,638,-1,103,1,1
1235746,695,-1,162,1,1
1235746,698,-1,111,1,1
1235746,725,-1,95,1,1
1235746,752,-1,165,1,1
1235746,753,-1,157,1,1
1235746,769,-1,154,1,1
1237082,14,-1,46,1,0
1237082,101,-1,57,1,0
1237082,298,-1,171,1,1
1237082,509,-1,142,1,1
1237082,587,-1,120,1,1
1237082,650,-1,76,1,1
1237082,741,-1,25,1,0
1238379,109,-1,122,1,1
1238379,119,-1,124,1,1
1238379,697,-1,161,1,1
1238379,791,-1,86,1,1
1242434,210,-1,123,1,1
1242434,249,-1,126,1,1
1242434,307,-1,27,1,0
1242434,492,-1,32,1,0
1242434,608,-1,54,1,0
1244132,193,-1,52,1,0
1244132,449,-1,124,1,1
1244132,451,-1,61,1,1
1244132,591,-1,28,1,0
1244132,592,-1,90,1,1
1244132,729,-1,111,1,1
1246369,36,-1,68,1,1
1246369,140,-1,91,1,1
1246369,144,-1,174,1,1
1246369,240,-1,20,1,0
1246369,249,-1,112,1,1
1246369,393,-1,146,1,1
1246369,427,-1,74,1,1
1246369,429,-1,77,1,1
1246369,662,-1,165,1,1
1246369,676,-1,109,1,1
1246369,701,-1,121,1,1
1246369,717,-1,178,1,1
1246369,772,-1,116,1,1
1248868,53,-1,143,1,1
1248868,186,-1,24,1,0
1248868,325,-1,153,1,1
1248868,401,-1,165,1,1
1248868,449,-1,26,1,0
1248868,530,-1,49,1,0
1248868,565,-1,164,1,1
1248868,657,-1,99,1,1
1248868,672,-1,112,1,1
1248868,707,-1,29,1,0
1248868,769,-1,162,1,1
1251717,113,-1,151,1,1
1251717,124,-1,57,1,0
1251717,175,-1,35,1,0
1251717,252,-1,154,1,1
1251717,660,-1,101,1,1
1251717,716,-1,160,1,1
1251717,774,-1,102,1,1
1251717,784,-1,61,1,1
1252037,4,-1,172,1,1
1252037,188,-1,22,1,0
1252037,375,-1,30,1,0
1252037,403,-1,78,1,1
1252037,438,-1,116,1,1
1252037,456,-1,72,1,1
1252037,601,-1,120,1,1
1252037,648,-1,62,1,1
1252037,710,-1,62,1,1
1252037,740,-1,140,1,1
1252037,795,-1,149,1,1
1252037,799,-1,48,1,0
1254808,57,-1,172,1,1
1254808,107,-1,95,1,1
1254808,136,-1,138,1,1
1254808,160,-1,92,1,1
1254808,302,-1,179,1,1
1254808,475,-1,133,1,1
1254808,478,-1,25,1,0
1254808,512,-1,96,1,1
1254808,542,-1,180,1,1
1254808,567,-1,145,1,1
1254808,582,-1,119,1,1
1254808,728,-1,42,1,0
1262386,99,-1,140,1,1
1262386,191,-1,139,1,1
1262386,229,-1,120,1,1
1262386,278,-1,30,1,0
1262386,353,-1,67,1,1
1262386,598,-1,126,1,1
1262386,667,-1,35,1,0
1262386,762,-1,26,1,0
1262815,80,-1,133,1,1
1262815,187,-1,145,1,1
1262815,439,-1,55,1,0
1262815,465,-1,153,1,1
1262815,555,-1,150,1,1
1262815,592,-1,99,1,1
1262815,627,-1,46,1,0
1262815,730,-1,31,1,0
1263256,122,-1,48,1,0
1263256,184,-1,33,1,0
1263256,271,-1,127,1,1
1263256,464,-1,20,1,0
1263256,632,-1,70,1,1
1263256,645,-1,171,1,1
1263256,750,-1,178,1,1
1263256,781,-1,60,1,1
1265063,207,-1,86,1,1
1265063,319,-1,101,1,1
1265063,483,-1,37,1,0
1265063,586,-1,171,1,1
1265063,591,-1,20,1,0
1265063,696,-1,172,1,1
1272837,18,-1,136,1,1
1272837,83,-1,78,1,1
1272837,177,-1,176,1,1
1272837,208,-1,47,1,0
1272837,254,-1,74,1,1
1272837,372,-1,29,1,0
1272837,411,-1,51,1,0
1272837,445,-1,69,1,1
1272837,518,-1,171,1,1
1272837,610,-1,163,1,1
1272837,621,-1,86,1,1
1272837,654,-1,39,1,0
1277988,53,-1,51,1,0
1277988,199,-1,74,1,1
1277988,376,-1,84,1,1
1277988,408,-1,128,1,1
1277988,525,-1,141,1,1
1277988,577,-1,79,1,1
1277988,635,-1,173,1,1
1277988,637,-1,158,1,1
1277988,643,-1,69,1,1
1284460,17,-1,155,1,1
1284460,70,-1,88,1,1
1284460,142,-1,88,1,1
1284460,146,-1,130,1,1
1284460,304,-1,149,1,1
1284460,325,-1,62,1,1
1284460,391,-1,82,1,1
1284460,414,-1,86,1,1
1284460,447,-1,38,1,0
1284460,528,-1,166,1,1
1284460,599,-1,84,1,1
1284460,658,-1,35,1,0
1284460,761,-1,56,1,0
1284460,762,-1,111,1,1
1284460,776,-1,98,1,1
1285247,84,-1,124,1,1
1285247,258,-1,84,1,1
1285247,281,-1,111,1,1
1285247,311,-1,54,1,0
1285247,423,-1,79,1,1
1285247,612,-1,43,1,0
1285247,635,-1,159,1,1
1285247,662,-1,152,1,1
1285965,18,-1,20,1,0
1285965,69,-1,127,1,1
1285965,270,-1,104,1,1
1285965,560,-1,72,1,1
1285965,781,-1,165,1,1
1287322,110,-1,122,1,1
1287322,154,-1,162,1,1
1287322,195,-1,176,1,1
1287322,226,-1,40,1,0
1287322,257,-1,73,1,1
1287322,585,-1,23,1,0
1287322,625,-1,147,1,1
1287322,790,-1,71,1,1
1289888,151,-1,26,1,0
1289888,424,-1,171,1,1
1289888,496,-1,64,1,1
1289888,554,-1,78,1,1
1289888,610,-1,115,1,1
1289888,673,-1,97,1,1
1289888,679,-1,177,1,1
1289888,708,-1,91,1,1
1289888,721,-1,145,1,1
1289888,746,-1,128,1,1
1290182,36,-1,180,1,1
1290182,259,-1,118,1,1
1290182,307,-1,47,1,0
1290182,332,-1,91,1,1
1290182,333,-1,172,1,1
1290182,346,-1,116,1,1
1290182,449,-1,136,1,1
1290182,551,-1,105,1,1
1290182,629,-1,166,1,1
1290182,635,-1,153,1,1
1290182,639,-1,44,1,0
1290182,703,-1,141,1,1
1290190,81,-1,117,1,1
1290190,111,-1,122,1,1
1290190,275,-1,36,1,0
1290190,288,-1,168,1,1
1290190,304,-1,118,1,1
1290190,344,-1,124,1,1
1290190,387,-1,147,1,1
1290190,451,-1,61,1,1
1290190,492,-1,89,1,1
1290190,716,-1,166,1,1
1291040,36,-1,173,1,1
1291040,46,-1,176,1,1
1291040,65,-1,98,1,1
1291040,105,-1,52,1,0
1291040,123,-1,38,1,0
1291040,158,-1,122,1,1
1291040,195,-1,104,1,1
1291040,288,-1,120,1,1
1291040,293,-1,51,1,0
1291040,354,-1,155,1,1
1291040,401,-1,77,1,1
1291040,492,-1,171,1,1
1291040,622,-1,130,1,1
1291040,696,-1,174,1,1
1291559,64,-1,101,1,1
1291559,67,-1,59,1,0
1291559,83,-1,77,1,1
1291559,554,-1,53,1,0
1291559,613,-1,63,1,1
1291559,681,-1,162,1,1
1291559,770,-1,49,1,0
1291559,784,-1,121,1,1
1291559,789,-1,104,1,1
1297860,89,-1,36,1,0
1297860,102,-1,98,1,1
1297860,281,-1,154,1,1
1297860,304,-1,137,1,1
1297860,305,-1,122,1,1
1297860,402,-1,133,1,1
1297860,793,-1,23,1,0
1300116,149,-1,39,1,0
1300116,283,-1,109,1,1
1300116,305,-1,97,1,1
1300116,346,-1,32,1,0
1300116,529,-1,164,1,1
1300116,563,-1,158,1,1
1300116,628,-1,162,1,1
1300116,657,-1,35,1,0
1310458,80,-1,21,1,0
1310458,84,-1,104,1,1
1310458,120,-1,138,1,1
1310458,122,-1,151,1,1
1310458,134,-1,23,1,0
1310458,406,-1,88,1,1
1310458,429,-1,126,1,1
1310458,471,-1,22,1,0
1310458,512,-1,144,1,1
1311844,50,-1,90,1,1
1311844,67,-1,42,1,0
1311844,78,-1,176,1,1
1311844,139,-1,147,1,1
1311844,384,-1,48,1,0
1311844,618,-1,153,1,1
1311844,644,-1,138,1,1
1311844,652,-1,104,1,1
1311844,778,-1,116,1,1
1314754,120,-1,33,1,0
1314754,394,-1,116,1,1
1314754,557,-1,42,1,0
1315303,32,-1,117,1,1
1315303,52,-1,131,1,1
1315303,104,-1,157,1,1
1315303,158,-1,62,1,1
1315303,287,-1,171,1,1
1315303,418,-1,71,1,1
1315303,432,-1,78,1,1
1315303,436,-1,127,1,1
1315303,473,-1,114,1,1
1315303,517,-1,42,1,0
1315303,553,-1,94,1,1
1315303,588,-1,25,1,0
1315303,634,-1,47,1,0
1315303,731,-1,104,1,1
1316147,243,-1,85,1,1
1316147,446,-1,117,1,1
1316147,477,-1,28,1,0
1316147,512,-1,170,1,1
1316147,522,-1,158,1,1
1316147,596,-1,105,1,1
1316147,600,-1,62,1,1
1320414,93,-1,108,1,1
1320414,179,-1,109,1,1
1320414,353,-1,82,1,1
1320414,399,-1,24,1,0
1320414,615,-1,83,1,1
1320414,667,-1,156,1,1
1323475,98,-1,121,1,1
1323475,278,-1,122,1,1
1323475,323,-1,153,1,1
1323475,436,-1,116,1,1
1323475,700,-1,93,1,1
1337395,127,-1,118,1,1
1337395,129,-1,135,1,1
1337395,171,-1,63,1,1
1337395,180,-1,22,1,0
1337395,223,-1,60,1,1
1337395,316,-1,179,1,1
1337395,334,-1,125,1,1
1337395,490,-1,45,1,0
1337395,541,-1,144,1,1
1337395,562,-1,44,1,0
1337395,677,-1,97,1,1
1337395,789,-1,180,1,1
1352528,18,-1,77,1,1
1352528,26,-1,123,1,1
1352528,123,-1,52,1,0
1352528,210,-1,179,1,1
1352528,344,-1,122,1,1
1352528,364,-1,62,1,1
1352528,532,-1,31,1,0
1354627,137,-1,32,1,0
1354627,189,-1,23,1,0
1354627,212,-1,51,1,0
1354627,222,-1,171,1,1
1354627,318,-1,82,1,1
1354627,409,-1,148,1,1
1354627,716,-1,79,1,1
1355126,72,-1,54,1,0
1355126,120,-1,174,1,1
1355126,373,-1,27,1,0
1355126,393,-1,95,1,1
1355126,478,-1,155,1,1
1355126,491,-1,152,1,1
1355126,569,-1,172,1,1
1355126,614,-1,39,1,0
1355126,645,-1,75,1,1
1356039,3,-1,27,1,0
1356039,90,-1,78,1,1
1356039,282,-1,30,1,0
1356039,449,-1,75,1,1
1356039,678,-1,36,1,0
1371727,66,-1,35,1,0
1371727,420,-1,58,1,0
1371727,447,-1,83,1,1
1371727,666,-1,133,1,1
1388456,309,-1,126,1,1
1388456,312,-1,151,1,1
1388456,587,-1,159,1,1
1388456,615,-1,93,1,1
1388456,680,-1,63,1,1
1388456,759,-1,60,1,1
1398418,82,-1,29,1,0
1398418,257,-1,164,1,1
1398418,272,-1,67,1,1
1398418,293,-1,146,1,1
1398418,706,-1,163,1,1
1398418,760,-1,48,1,0
1400382,295,-1,155,1,1
1400382,340,-1,165,1,1
1400382,384,-1,82,1,1
1400382,478,-1,141,1,1
1400382,583,-1,68,1,1
1400382,670,-1,94,1,1
1400382,721,-1,115,1,1
1401318,37,-1,167,1,1
1401318,70,-1,138,1,1
1401318,93,-1,143,1,1
1401318,428,-1,166,1,1
1401318,454,-1,29,1,0
1401318,458,-1,75,1,1
1401318,470,-1,43,1,0
1401318,546,-1,62,1,1
1401318,547,-1,129,1,1
1401318,636,-1,79,1,1
1401318,705,-1,142,1,1
1401318,748,-1,175,1,1
1401318,767,-1,128,1,1
1402719,86,-1,171,1,1
1402719,250,-1,127,1,1
1402719,336,-1,46,1,0
1402719,350,-1,96,1,1
1402719,372,-1,28,1,0
1402719,678,-1,27,1,0
1405338,50,-1,32,1,0
1405338,117,-1,169,1,1
1405338,167,-1,29,1,0
1405338,228,-1,156,1,1
1405338,472,-1,141,1,1
1405338,529,-1,53,1,0
1405338,691,-1,124,1,1
1409235,295,-1,115,1,1
1409235,479,-1,36,1,0
1409235,614,-1,124,1,1
1409235,749,-1,165,1,1
1443260,40,-1,82,1,1
1443260,61,-1,112,1,1
1443260,133,-1,48,1,0
1443260,190,-1,155,1,1
1443260,258,-1,135,1,1
1443260,434,-1,66,1,1
1443260,557,-1,84,1,1
1443260,650,-1,31,1,0
1450599,52,-1,30,1,0
1450599,67,-1,97,1,1
1450599,188,-1,123,1,1
1450599,307,-1,168,1,1
1450599,721,-1,105,1,1
1450599,759,-1,100,1,1
1454308,108,-1,37,1,0
1454308,116,-1,77,1,1
1454308,197,-1,173,1,1
1454308,388,-1,159,1,1
1454308,484,-1,95,1,1
1454308,550,-1,77,1,1
1454308,650,-1,24,1,0
1454308,724,-1,133,1,1
1516391,147,-1,76,1,1
1516391,175,-1,173,1,1
1516391,218,-1,169,1,1
1516391,277,-1,125,1,1
1516391,360,-1,92,1,1
1516391,499,-1,89,1,1
1516391,579,-1,149,1,1
1516391,655,-1,94,1,1
1522923,17,-1,155,1,1
1522923,40,-1,35,1,0
1522923,67,-1,23,1,0
1522923,101,-1,127,1,1
1522923,348,-1,172,1,1
1522923,508,-1,92,1,1
1522923,573,-1,143,1,1
1522923,627,-1,37,1,0
1522923,651,-1,34,1,0
1522923,688,-1,139,1,1
1522923,727,-1,58,1,0
1561498,9,-1,75,1,1
1561498,441,-1,119,1,1
1561498,641,-1,100,1,1
1571470,30,-1,177,1,1
1571470,129,-1,95,1,1
1571470,288,-1,38,1,0
1571470,334,-1,141,1,1
1571470,389,-1,119,1,1
1571470,422,-1,65,1,1
1571470,754,-1,161,1,1
1580234,141,-1,155,1,1
1580234,157,-1,160,1,1
1580234,180,-1,64,1,1
1580234,317,-1,114,1,1
1580234,387,-1,122,1,1
1580234,423,-1,82,1,1
1580234,537,-1,73,1,1
1580234,545,-1,156,1,1
1580234,658,-1,138,1,1
1580234,703,-1,129,1,1
1580234,723,-1,127,1,1
1580353,349,-1,64,1,1
1580353,446,-1,171,1,1
1580353,715,-1,133,1,1
1580353,726,-1,30,1,0
1585476,20,-1,152,1,1
1585476,32,-1,31,1,0
1585476,311,-1,163,1,1
1585476,417,-1,123,1,1
1585476,442,-1,65,1,1
1585476,605,-1,125,1,1
1585476,610,-1,157,1,1
1585476,618,-1,124,1,1
1585476,770,-1,169,1,1
